seed,probe_epoch,domain,accuracy_sabc,accuracy_sbac,signed_accuracy_difference_sabc_minus_sbac,absolute_accuracy_difference
101,1,full,0.2540000081062317,0.3005000054836273,-0.04649999737739563,0.04649999737739563
101,1,A,0.23399999737739563,0.19900000095367432,0.034999996423721313,0.034999996423721313
101,1,B,0.27399998903274536,0.4020000100135803,-0.12800002098083496,0.12800002098083496
101,2,full,0.47350001335144043,0.5379999876022339,-0.06449997425079346,0.06449997425079346
101,2,A,0.4970000088214874,0.47200000286102295,0.025000005960464478,0.025000005960464478
101,2,B,0.44999998807907104,0.6039999723434448,-0.15399998426437378,0.15399998426437378
101,3,full,0.6269999742507935,0.6570000052452087,-0.030000030994415283,0.030000030994415283
101,3,A,0.640999972820282,0.5920000076293945,0.04899996519088745,0.04899996519088745
101,3,B,0.6129999756813049,0.722000002861023,-0.10900002717971802,0.10900002717971802
101,4,full,0.7394999861717224,0.715499997138977,0.02399998903274536,0.02399998903274536
101,4,A,0.765999972820282,0.656000018119812,0.10999995470046997,0.10999995470046997
101,4,B,0.7129999995231628,0.7749999761581421,-0.06199997663497925,0.06199997663497925
101,5,full,0.8034999966621399,0.7850000262260437,0.01849997043609619,0.01849997043609619
101,5,A,0.8360000252723694,0.7620000243186951,0.07400000095367432,0.07400000095367432
101,5,B,0.7710000276565552,0.8080000281333923,-0.03700000047683716,0.03700000047683716
101,6,full,0.8510000109672546,0.847000002861023,0.0040000081062316895,0.0040000081062316895
101,6,A,0.8880000114440918,0.8539999723434448,0.03400003910064697,0.03400003910064697
101,6,B,0.8140000104904175,0.8399999737739563,-0.02599996328353882,0.02599996328353882
101,7,full,0.8769999742507935,0.8734999895095825,0.0034999847412109375,0.0034999847412109375
101,7,A,0.9150000214576721,0.8870000243186951,0.02799999713897705,0.02799999713897705
101,7,B,0.8389999866485596,0.8600000143051147,-0.021000027656555176,0.021000027656555176
101,8,full,0.8920000195503235,0.8855000138282776,0.0065000057220458984,0.0065000057220458984
101,8,A,0.9309999942779541,0.8999999761581421,0.03100001811981201,0.03100001811981201
101,8,B,0.8529999852180481,0.8709999918937683,-0.018000006675720215,0.018000006675720215
101,9,full,0.9039999842643738,0.8985000252723694,0.0054999589920043945,0.0054999589920043945
101,9,A,0.9449999928474426,0.9129999876022339,0.03200000524520874,0.03200000524520874
101,9,B,0.8629999756813049,0.8840000033378601,-0.021000027656555176,0.021000027656555176
101,10,full,0.9129999876022339,0.906000018119812,0.006999969482421875,0.006999969482421875
101,10,A,0.9549999833106995,0.9169999957084656,0.03799998760223389,0.03799998760223389
101,10,B,0.8709999918937683,0.8949999809265137,-0.02399998903274536,0.02399998903274536
101,11,full,0.9179999828338623,0.9120000004768372,0.0059999823570251465,0.0059999823570251465
101,11,A,0.9589999914169312,0.9210000038146973,0.03799998760223389,0.03799998760223389
101,11,B,0.8769999742507935,0.902999997138977,-0.026000022888183594,0.026000022888183594
101,12,full,0.921999990940094,0.9150000214576721,0.006999969482421875,0.006999969482421875
101,12,A,0.9610000252723694,0.925000011920929,0.03600001335144043,0.03600001335144043
101,12,B,0.8830000162124634,0.9049999713897705,-0.02199995517730713,0.02199995517730713
101,13,full,0.9254999756813049,0.9190000295639038,0.006499946117401123,0.006499946117401123
101,13,A,0.9620000123977661,0.9290000200271606,0.03299999237060547,0.03299999237060547
101,13,B,0.8889999985694885,0.9089999794960022,-0.019999980926513672,0.019999980926513672
101,14,full,0.9279999732971191,0.921500027179718,0.006499946117401123,0.006499946117401123
101,14,A,0.9649999737739563,0.9330000281333923,0.031999945640563965,0.031999945640563965
101,14,B,0.890999972820282,0.9100000262260437,-0.01900005340576172,0.01900005340576172
101,15,full,0.9315000176429749,0.9259999990463257,0.00550001859664917,0.00550001859664917
101,15,A,0.9670000076293945,0.9359999895095825,0.03100001811981201,0.03100001811981201
101,15,B,0.8960000276565552,0.9160000085830688,-0.019999980926513672,0.019999980926513672
101,16,full,0.9330000281333923,0.9284999966621399,0.004500031471252441,0.004500031471252441
101,16,A,0.9670000076293945,0.9359999895095825,0.03100001811981201,0.03100001811981201
101,16,B,0.8989999890327454,0.9210000038146973,-0.022000014781951904,0.022000014781951904
101,17,full,0.9334999918937683,0.9304999709129333,0.003000020980834961,0.003000020980834961
101,17,A,0.9670000076293945,0.9369999766349792,0.030000030994415283,0.030000030994415283
101,17,B,0.8999999761581421,0.9240000247955322,-0.024000048637390137,0.024000048637390137
101,18,full,0.9359999895095825,0.9330000281333923,0.0029999613761901855,0.0029999613761901855
101,18,A,0.9700000286102295,0.9380000233650208,0.03200000524520874,0.03200000524520874
101,18,B,0.9020000100135803,0.9279999732971191,-0.02599996328353882,0.02599996328353882
101,19,full,0.9365000128746033,0.9340000152587891,0.002499997615814209,0.002499997615814209
101,19,A,0.9700000286102295,0.9390000104904175,0.03100001811981201,0.03100001811981201
101,19,B,0.902999997138977,0.9290000200271606,-0.026000022888183594,0.026000022888183594
101,20,full,0.9369999766349792,0.934499979019165,0.002499997615814209,0.002499997615814209
101,20,A,0.9700000286102295,0.9390000104904175,0.03100001811981201,0.03100001811981201
101,20,B,0.9039999842643738,0.9300000071525574,-0.026000022888183594,0.026000022888183594
202,1,full,0.36250001192092896,0.16050000488758087,0.20200000703334808,0.20200000703334808
202,1,A,0.10999999940395355,0.06800000369548798,0.041999995708465576,0.041999995708465576
202,1,B,0.6150000095367432,0.2529999911785126,0.3620000183582306,0.3620000183582306
202,2,full,0.6039999723434448,0.41350001096725464,0.19049996137619019,0.19049996137619019
202,2,A,0.47600001096725464,0.23899999260902405,0.2370000183582306,0.2370000183582306
202,2,B,0.7319999933242798,0.5879999995231628,0.14399999380111694,0.14399999380111694
202,3,full,0.7335000038146973,0.5989999771118164,0.13450002670288086,0.13450002670288086
202,3,A,0.6620000004768372,0.46299999952316284,0.19900000095367432,0.19900000095367432
202,3,B,0.8050000071525574,0.7350000143051147,0.06999999284744263,0.06999999284744263
202,4,full,0.8125,0.7300000190734863,0.08249998092651367,0.08249998092651367
202,4,A,0.7680000066757202,0.6489999890327454,0.11900001764297485,0.11900001764297485
202,4,B,0.8569999933242798,0.8109999895095825,0.046000003814697266,0.046000003814697266
202,5,full,0.8679999709129333,0.8119999766349792,0.0559999942779541,0.0559999942779541
202,5,A,0.8560000061988831,0.777999997138977,0.078000009059906,0.078000009059906
202,5,B,0.8799999952316284,0.8460000157356262,0.0339999794960022,0.0339999794960022
202,6,full,0.9045000076293945,0.8575000166893005,0.046999990940093994,0.046999990940093994
202,6,A,0.9139999747276306,0.8539999723434448,0.06000000238418579,0.06000000238418579
202,6,B,0.8949999809265137,0.8610000014305115,0.0339999794960022,0.0339999794960022
202,7,full,0.9254999756813049,0.8774999976158142,0.04799997806549072,0.04799997806549072
202,7,A,0.9470000267028809,0.8830000162124634,0.06400001049041748,0.06400001049041748
202,7,B,0.9039999842643738,0.871999979019165,0.03200000524520874,0.03200000524520874
202,8,full,0.9294999837875366,0.8899999856948853,0.03949999809265137,0.03949999809265137
202,8,A,0.9559999704360962,0.8999999761581421,0.0559999942779541,0.0559999942779541
202,8,B,0.902999997138977,0.8799999952316284,0.023000001907348633,0.023000001907348633
202,9,full,0.9359999895095825,0.9010000228881836,0.034999966621398926,0.034999966621398926
202,9,A,0.9610000252723694,0.9150000214576721,0.046000003814697266,0.046000003814697266
202,9,B,0.9110000133514404,0.8870000243186951,0.02399998903274536,0.02399998903274536
202,10,full,0.9380000233650208,0.9079999923706055,0.030000030994415283,0.030000030994415283
202,10,A,0.9639999866485596,0.9229999780654907,0.04100000858306885,0.04100000858306885
202,10,B,0.9120000004768372,0.8930000066757202,0.018999993801116943,0.018999993801116943
202,11,full,0.9394999742507935,0.9125000238418579,0.026999950408935547,0.026999950408935547
202,11,A,0.9660000205039978,0.9279999732971191,0.03800004720687866,0.03800004720687866
202,11,B,0.9129999876022339,0.8970000147819519,0.015999972820281982,0.015999972820281982
202,12,full,0.9419999718666077,0.9164999723434448,0.025499999523162842,0.025499999523162842
202,12,A,0.9700000286102295,0.9300000071525574,0.04000002145767212,0.04000002145767212
202,12,B,0.9139999747276306,0.902999997138977,0.010999977588653564,0.010999977588653564
202,13,full,0.9419999718666077,0.9175000190734863,0.024499952793121338,0.024499952793121338
202,13,A,0.9700000286102295,0.9330000281333923,0.03700000047683716,0.03700000047683716
202,13,B,0.9139999747276306,0.9020000100135803,0.011999964714050293,0.011999964714050293
202,14,full,0.9424999952316284,0.9225000143051147,0.019999980926513672,0.019999980926513672
202,14,A,0.9700000286102295,0.9369999766349792,0.033000051975250244,0.033000051975250244
202,14,B,0.9150000214576721,0.9079999923706055,0.00700002908706665,0.00700002908706665
202,15,full,0.9445000290870667,0.9244999885559082,0.020000040531158447,0.020000040531158447
202,15,A,0.9700000286102295,0.9399999976158142,0.030000030994415283,0.030000030994415283
202,15,B,0.9190000295639038,0.9089999794960022,0.010000050067901611,0.010000050067901611
202,16,full,0.9459999799728394,0.925000011920929,0.0209999680519104,0.0209999680519104
202,16,A,0.9700000286102295,0.9409999847412109,0.029000043869018555,0.029000043869018555
202,16,B,0.921999990940094,0.9089999794960022,0.013000011444091797,0.013000011444091797
202,17,full,0.9470000267028809,0.9275000095367432,0.019500017166137695,0.019500017166137695
202,17,A,0.9700000286102295,0.9440000057220459,0.026000022888183594,0.026000022888183594
202,17,B,0.9240000247955322,0.9110000133514404,0.013000011444091797,0.013000011444091797
202,18,full,0.9474999904632568,0.9279999732971191,0.019500017166137695,0.019500017166137695
202,18,A,0.968999981880188,0.9449999928474426,0.02399998903274536,0.02399998903274536
202,18,B,0.9259999990463257,0.9110000133514404,0.014999985694885254,0.014999985694885254
202,19,full,0.9484999775886536,0.9294999837875366,0.018999993801116943,0.018999993801116943
202,19,A,0.9700000286102295,0.9459999799728394,0.024000048637390137,0.024000048637390137
202,19,B,0.9269999861717224,0.9129999876022339,0.013999998569488525,0.013999998569488525
202,20,full,0.949999988079071,0.9315000176429749,0.01849997043609619,0.01849997043609619
202,20,A,0.9700000286102295,0.9480000138282776,0.022000014781951904,0.022000014781951904
202,20,B,0.9300000071525574,0.9150000214576721,0.014999985694885254,0.014999985694885254
303,1,full,0.13699999451637268,0.16699999570846558,-0.030000001192092896,0.030000001192092896
303,1,A,0.15000000596046448,0.1860000044107437,-0.035999998450279236,0.035999998450279236
303,1,B,0.12399999797344208,0.14800000190734863,-0.024000003933906555,0.024000003933906555
303,2,full,0.37299999594688416,0.3765000104904175,-0.003500014543533325,0.003500014543533325
303,2,A,0.3799999952316284,0.4880000054836273,-0.1080000102519989,0.1080000102519989
303,2,B,0.3659999966621399,0.26499998569488525,0.10100001096725464,0.10100001096725464
303,3,full,0.5659999847412109,0.5724999904632568,-0.0065000057220458984,0.0065000057220458984
303,3,A,0.5730000138282776,0.6679999828338623,-0.09499996900558472,0.09499996900558472
303,3,B,0.5590000152587891,0.47699999809265137,0.0820000171661377,0.0820000171661377
303,4,full,0.7429999709129333,0.6809999942779541,0.06199997663497925,0.06199997663497925
303,4,A,0.7580000162124634,0.7549999952316284,0.003000020980834961,0.003000020980834961
303,4,B,0.7279999852180481,0.6069999933242798,0.12099999189376831,0.12099999189376831
303,5,full,0.8245000243186951,0.7565000057220459,0.06800001859664917,0.06800001859664917
303,5,A,0.8410000205039978,0.8259999752044678,0.01500004529953003,0.01500004529953003
303,5,B,0.8080000281333923,0.6869999766349792,0.12100005149841309,0.12100005149841309
303,6,full,0.8579999804496765,0.7985000014305115,0.05949997901916504,0.05949997901916504
303,6,A,0.871999979019165,0.8550000190734863,0.01699995994567871,0.01699995994567871
303,6,B,0.843999981880188,0.7419999837875366,0.10199999809265137,0.10199999809265137
303,7,full,0.8820000290870667,0.8234999775886536,0.058500051498413086,0.058500051498413086
303,7,A,0.8970000147819519,0.875,0.022000014781951904,0.022000014781951904
303,7,B,0.8669999837875366,0.7720000147819519,0.09499996900558472,0.09499996900558472
303,8,full,0.8939999938011169,0.8475000262260437,0.04649996757507324,0.04649996757507324
303,8,A,0.9089999794960022,0.8899999856948853,0.018999993801116943,0.018999993801116943
303,8,B,0.8790000081062317,0.8050000071525574,0.07400000095367432,0.07400000095367432
303,9,full,0.9020000100135803,0.8654999732971191,0.03650003671646118,0.03650003671646118
303,9,A,0.9200000166893005,0.9049999713897705,0.01500004529953003,0.01500004529953003
303,9,B,0.8840000033378601,0.8259999752044678,0.058000028133392334,0.058000028133392334
303,10,full,0.909500002861023,0.8759999871253967,0.03350001573562622,0.03350001573562622
303,10,A,0.9290000200271606,0.9129999876022339,0.016000032424926758,0.016000032424926758
303,10,B,0.8899999856948853,0.8389999866485596,0.050999999046325684,0.050999999046325684
303,11,full,0.9179999828338623,0.8840000033378601,0.0339999794960022,0.0339999794960022
303,11,A,0.9380000233650208,0.9179999828338623,0.020000040531158447,0.020000040531158447
303,11,B,0.8980000019073486,0.8500000238418579,0.04799997806549072,0.04799997806549072
303,12,full,0.921500027179718,0.8880000114440918,0.03350001573562622,0.03350001573562622
303,12,A,0.9409999847412109,0.9210000038146973,0.019999980926513672,0.019999980926513672
303,12,B,0.9020000100135803,0.8550000190734863,0.046999990940093994,0.046999990940093994
303,13,full,0.9254999756813049,0.8970000147819519,0.028499960899353027,0.028499960899353027
303,13,A,0.9449999928474426,0.9290000200271606,0.015999972820281982,0.015999972820281982
303,13,B,0.906000018119812,0.8650000095367432,0.04100000858306885,0.04100000858306885
303,14,full,0.9269999861717224,0.8985000252723694,0.028499960899353027,0.028499960899353027
303,14,A,0.9449999928474426,0.9279999732971191,0.017000019550323486,0.017000019550323486
303,14,B,0.9089999794960022,0.8690000176429749,0.039999961853027344,0.039999961853027344
303,15,full,0.9294999837875366,0.9020000100135803,0.0274999737739563,0.0274999737739563
303,15,A,0.9470000267028809,0.9300000071525574,0.017000019550323486,0.017000019550323486
303,15,B,0.9120000004768372,0.8740000128746033,0.03799998760223389,0.03799998760223389
303,16,full,0.9309999942779541,0.9070000052452087,0.02399998903274536,0.02399998903274536
303,16,A,0.9480000138282776,0.9319999814033508,0.016000032424926758,0.016000032424926758
303,16,B,0.9139999747276306,0.8820000290870667,0.031999945640563965,0.031999945640563965
303,17,full,0.9325000047683716,0.9075000286102295,0.02499997615814209,0.02499997615814209
303,17,A,0.9509999752044678,0.9309999942779541,0.019999980926513672,0.019999980926513672
303,17,B,0.9139999747276306,0.8840000033378601,0.029999971389770508,0.029999971389770508
303,18,full,0.9340000152587891,0.9079999923706055,0.026000022888183594,0.026000022888183594
303,18,A,0.953000009059906,0.9309999942779541,0.022000014781951904,0.022000014781951904
303,18,B,0.9150000214576721,0.8849999904632568,0.030000030994415283,0.030000030994415283
303,19,full,0.9340000152587891,0.9114999771118164,0.022500038146972656,0.022500038146972656
303,19,A,0.953000009059906,0.9319999814033508,0.021000027656555176,0.021000027656555176
303,19,B,0.9150000214576721,0.890999972820282,0.024000048637390137,0.024000048637390137
303,20,full,0.9350000023841858,0.9139999747276306,0.021000027656555176,0.021000027656555176
303,20,A,0.9539999961853027,0.9359999895095825,0.018000006675720215,0.018000006675720215
303,20,B,0.9160000085830688,0.8920000195503235,0.02399998903274536,0.02399998903274536
404,1,full,0.2815000116825104,0.2639999985694885,0.01750001311302185,0.01750001311302185
404,1,A,0.22499999403953552,0.28999999165534973,-0.06499999761581421,0.06499999761581421
404,1,B,0.33799999952316284,0.23800000548362732,0.09999999403953552,0.09999999403953552
404,2,full,0.4790000021457672,0.559499979019165,-0.08049997687339783,0.08049997687339783
404,2,A,0.4090000092983246,0.6010000109672546,-0.19200000166893005,0.19200000166893005
404,2,B,0.5490000247955322,0.5180000066757202,0.03100001811981201,0.03100001811981201
404,3,full,0.6384999752044678,0.7279999852180481,-0.08950001001358032,0.08950001001358032
404,3,A,0.5929999947547913,0.6790000200271606,-0.08600002527236938,0.08600002527236938
404,3,B,0.6840000152587891,0.7770000100135803,-0.09299999475479126,0.09299999475479126
404,4,full,0.7425000071525574,0.7919999957084656,-0.0494999885559082,0.0494999885559082
404,4,A,0.7160000205039978,0.7160000205039978,0.0,0.0
404,4,B,0.7689999938011169,0.8679999709129333,-0.0989999771118164,0.0989999771118164
404,5,full,0.8339999914169312,0.843999981880188,-0.009999990463256836,0.009999990463256836
404,5,A,0.859000027179718,0.7919999957084656,0.06700003147125244,0.06700003147125244
404,5,B,0.8090000152587891,0.8960000276565552,-0.08700001239776611,0.08700001239776611
404,6,full,0.8709999918937683,0.8914999961853027,-0.020500004291534424,0.020500004291534424
404,6,A,0.9010000228881836,0.8740000128746033,0.027000010013580322,0.027000010013580322
404,6,B,0.8410000205039978,0.9089999794960022,-0.0679999589920044,0.0679999589920044
404,7,full,0.8884999752044678,0.9160000085830688,-0.027500033378601074,0.027500033378601074
404,7,A,0.9150000214576721,0.9120000004768372,0.003000020980834961,0.003000020980834961
404,7,B,0.8619999885559082,0.9200000166893005,-0.058000028133392334,0.058000028133392334
404,8,full,0.8985000252723694,0.9300000071525574,-0.03149998188018799,0.03149998188018799
404,8,A,0.9190000295639038,0.9380000233650208,-0.018999993801116943,0.018999993801116943
404,8,B,0.878000020980835,0.921999990940094,-0.04399996995925903,0.04399996995925903
404,9,full,0.9089999794960022,0.9380000233650208,-0.029000043869018555,0.029000043869018555
404,9,A,0.9309999942779541,0.9470000267028809,-0.016000032424926758,0.016000032424926758
404,9,B,0.8870000243186951,0.9290000200271606,-0.041999995708465576,0.041999995708465576
404,10,full,0.9144999980926514,0.9419999718666077,-0.0274999737739563,0.0274999737739563
404,10,A,0.9309999942779541,0.953000009059906,-0.022000014781951904,0.022000014781951904
404,10,B,0.8980000019073486,0.9309999942779541,-0.03299999237060547,0.03299999237060547
404,11,full,0.9210000038146973,0.9455000162124634,-0.024500012397766113,0.024500012397766113
404,11,A,0.9399999976158142,0.9549999833106995,-0.014999985694885254,0.014999985694885254
404,11,B,0.9020000100135803,0.9359999895095825,-0.0339999794960022,0.0339999794960022
404,12,full,0.9259999990463257,0.9484999775886536,-0.02249997854232788,0.02249997854232788
404,12,A,0.9440000057220459,0.9589999914169312,-0.014999985694885254,0.014999985694885254
404,12,B,0.9079999923706055,0.9380000233650208,-0.030000030994415283,0.030000030994415283
404,13,full,0.9290000200271606,0.9505000114440918,-0.021499991416931152,0.021499991416931152
404,13,A,0.9459999799728394,0.9610000252723694,-0.01500004529953003,0.01500004529953003
404,13,B,0.9120000004768372,0.9399999976158142,-0.02799999713897705,0.02799999713897705
404,14,full,0.9304999709129333,0.9514999985694885,-0.021000027656555176,0.021000027656555176
404,14,A,0.9470000267028809,0.9610000252723694,-0.013999998569488525,0.013999998569488525
404,14,B,0.9139999747276306,0.9419999718666077,-0.02799999713897705,0.02799999713897705
404,15,full,0.9340000152587891,0.9514999985694885,-0.017499983310699463,0.017499983310699463
404,15,A,0.949999988079071,0.9610000252723694,-0.01100003719329834,0.01100003719329834
404,15,B,0.9179999828338623,0.9419999718666077,-0.02399998903274536,0.02399998903274536
404,16,full,0.9359999895095825,0.9514999985694885,-0.015500009059906006,0.015500009059906006
404,16,A,0.9520000219345093,0.9610000252723694,-0.009000003337860107,0.009000003337860107
404,16,B,0.9200000166893005,0.9419999718666077,-0.02199995517730713,0.02199995517730713
404,17,full,0.9384999871253967,0.953499972820282,-0.014999985694885254,0.014999985694885254
404,17,A,0.9539999961853027,0.9620000123977661,-0.008000016212463379,0.008000016212463379
404,17,B,0.9229999780654907,0.9449999928474426,-0.022000014781951904,0.022000014781951904
404,18,full,0.9409999847412109,0.9545000195503235,-0.013500034809112549,0.013500034809112549
404,18,A,0.9559999704360962,0.9639999866485596,-0.008000016212463379,0.008000016212463379
404,18,B,0.9259999990463257,0.9449999928474426,-0.018999993801116943,0.018999993801116943
404,19,full,0.9419999718666077,0.9555000066757202,-0.013500034809112549,0.013500034809112549
404,19,A,0.9570000171661377,0.9649999737739563,-0.007999956607818604,0.007999956607818604
404,19,B,0.9269999861717224,0.9459999799728394,-0.018999993801116943,0.018999993801116943
404,20,full,0.9424999952316284,0.9559999704360962,-0.013499975204467773,0.013499975204467773
404,20,A,0.9570000171661377,0.9649999737739563,-0.007999956607818604,0.007999956607818604
404,20,B,0.9279999732971191,0.9470000267028809,-0.01900005340576172,0.01900005340576172
505,1,full,0.21400000154972076,0.24050000309944153,-0.026500001549720764,0.026500001549720764
505,1,A,0.20399999618530273,0.2290000021457672,-0.025000005960464478,0.025000005960464478
505,1,B,0.2240000069141388,0.25200000405311584,-0.02799999713897705,0.02799999713897705
505,2,full,0.5084999799728394,0.38749998807907104,0.12099999189376831,0.12099999189376831
505,2,A,0.6330000162124634,0.40700000524520874,0.22600001096725464,0.22600001096725464
505,2,B,0.3840000033378601,0.36800000071525574,0.01600000262260437,0.01600000262260437
505,3,full,0.6675000190734863,0.5410000085830688,0.12650001049041748,0.12650001049041748
505,3,A,0.7960000038146973,0.5699999928474426,0.22600001096725464,0.22600001096725464
505,3,B,0.5389999747276306,0.5120000243186951,0.026999950408935547,0.026999950408935547
505,4,full,0.7839999794960022,0.6639999747276306,0.12000000476837158,0.12000000476837158
505,4,A,0.8700000047683716,0.7110000252723694,0.1589999794960022,0.1589999794960022
505,4,B,0.6980000138282776,0.6169999837875366,0.08100003004074097,0.08100003004074097
505,5,full,0.8364999890327454,0.7459999918937683,0.09049999713897705,0.09049999713897705
505,5,A,0.9120000004768372,0.8019999861717224,0.11000001430511475,0.11000001430511475
505,5,B,0.7609999775886536,0.6899999976158142,0.07099997997283936,0.07099997997283936
505,6,full,0.859000027179718,0.7954999804496765,0.0635000467300415,0.0635000467300415
505,6,A,0.9300000071525574,0.8579999804496765,0.07200002670288086,0.07200002670288086
505,6,B,0.7879999876022339,0.7329999804496765,0.05500000715255737,0.05500000715255737
505,7,full,0.8730000257492065,0.828499972820282,0.04450005292892456,0.04450005292892456
505,7,A,0.9380000233650208,0.8830000162124634,0.05500000715255737,0.05500000715255737
505,7,B,0.8080000281333923,0.7739999890327454,0.03400003910064697,0.03400003910064697
505,8,full,0.8855000138282776,0.8454999923706055,0.04000002145767212,0.04000002145767212
505,8,A,0.9430000185966492,0.8949999809265137,0.0480000376701355,0.0480000376701355
505,8,B,0.828000009059906,0.7960000038146973,0.03200000524520874,0.03200000524520874
505,9,full,0.8960000276565552,0.8615000247955322,0.03450000286102295,0.03450000286102295
505,9,A,0.9480000138282776,0.9079999923706055,0.04000002145767212,0.04000002145767212
505,9,B,0.843999981880188,0.8149999976158142,0.02899998426437378,0.02899998426437378
505,10,full,0.9024999737739563,0.8709999918937683,0.03149998188018799,0.03149998188018799
505,10,A,0.9549999833106995,0.9120000004768372,0.042999982833862305,0.042999982833862305
505,10,B,0.8500000238418579,0.8299999833106995,0.020000040531158447,0.020000040531158447
505,11,full,0.9089999794960022,0.8799999952316284,0.02899998426437378,0.02899998426437378
505,11,A,0.9580000042915344,0.9190000295639038,0.038999974727630615,0.038999974727630615
505,11,B,0.8600000143051147,0.8410000205039978,0.018999993801116943,0.018999993801116943
505,12,full,0.9120000004768372,0.8855000138282776,0.02649998664855957,0.02649998664855957
505,12,A,0.9589999914169312,0.9210000038146973,0.03799998760223389,0.03799998760223389
505,12,B,0.8650000095367432,0.8500000238418579,0.014999985694885254,0.014999985694885254
505,13,full,0.9169999957084656,0.8884999752044678,0.028500020503997803,0.028500020503997803
505,13,A,0.9620000123977661,0.9240000247955322,0.03799998760223389,0.03799998760223389
505,13,B,0.871999979019165,0.8529999852180481,0.018999993801116943,0.018999993801116943
505,14,full,0.9210000038146973,0.8920000195503235,0.02899998426437378,0.02899998426437378
505,14,A,0.9629999995231628,0.9240000247955322,0.038999974727630615,0.038999974727630615
505,14,B,0.8790000081062317,0.8600000143051147,0.018999993801116943,0.018999993801116943
505,15,full,0.9244999885559082,0.8949999809265137,0.02950000762939453,0.02950000762939453
505,15,A,0.9629999995231628,0.9269999861717224,0.03600001335144043,0.03600001335144043
505,15,B,0.8859999775886536,0.8629999756813049,0.023000001907348633,0.023000001907348633
505,16,full,0.9265000224113464,0.8995000123977661,0.027000010013580322,0.027000010013580322
505,16,A,0.9629999995231628,0.9269999861717224,0.03600001335144043,0.03600001335144043
505,16,B,0.8899999856948853,0.871999979019165,0.018000006675720215,0.018000006675720215
505,17,full,0.9315000176429749,0.902999997138977,0.028500020503997803,0.028500020503997803
505,17,A,0.9639999866485596,0.9290000200271606,0.034999966621398926,0.034999966621398926
505,17,B,0.8989999890327454,0.8769999742507935,0.022000014781951904,0.022000014781951904
505,18,full,0.9350000023841858,0.906000018119812,0.02899998426437378,0.02899998426437378
505,18,A,0.9639999866485596,0.9309999942779541,0.03299999237060547,0.03299999237060547
505,18,B,0.906000018119812,0.8809999823570251,0.025000035762786865,0.025000035762786865
505,19,full,0.9359999895095825,0.9089999794960022,0.027000010013580322,0.027000010013580322
505,19,A,0.9649999737739563,0.9350000023841858,0.029999971389770508,0.029999971389770508
505,19,B,0.9070000052452087,0.8830000162124634,0.02399998903274536,0.02399998903274536
505,20,full,0.9384999871253967,0.9135000109672546,0.02499997615814209,0.02499997615814209
505,20,A,0.9649999737739563,0.9399999976158142,0.02499997615814209,0.02499997615814209
505,20,B,0.9120000004768372,0.8870000243186951,0.02499997615814209,0.02499997615814209
606,1,full,0.3540000021457672,0.2004999965429306,0.1535000056028366,0.1535000056028366
606,1,A,0.24699999392032623,0.05999999865889549,0.18699999526143074,0.18699999526143074
606,1,B,0.460999995470047,0.3409999907016754,0.12000000476837158,0.12000000476837158
606,2,full,0.5414999723434448,0.367000013589859,0.17449995875358582,0.17449995875358582
606,2,A,0.4749999940395355,0.20999999344348907,0.26500000059604645,0.26500000059604645
606,2,B,0.6079999804496765,0.5239999890327454,0.08399999141693115,0.08399999141693115
606,3,full,0.6775000095367432,0.6085000038146973,0.0690000057220459,0.0690000057220459
606,3,A,0.6579999923706055,0.5099999904632568,0.14800000190734863,0.14800000190734863
606,3,B,0.6970000267028809,0.7070000171661377,-0.009999990463256836,0.009999990463256836
606,4,full,0.7695000171661377,0.734499990940094,0.0350000262260437,0.0350000262260437
606,4,A,0.7730000019073486,0.6579999923706055,0.11500000953674316,0.11500000953674316
606,4,B,0.765999972820282,0.8109999895095825,-0.04500001668930054,0.04500001668930054
606,5,full,0.8165000081062317,0.8144999742507935,0.0020000338554382324,0.0020000338554382324
606,5,A,0.8259999752044678,0.7760000228881836,0.04999995231628418,0.04999995231628418
606,5,B,0.8069999814033508,0.8529999852180481,-0.046000003814697266,0.046000003814697266
606,6,full,0.8475000262260437,0.8560000061988831,-0.008499979972839355,0.008499979972839355
606,6,A,0.8569999933242798,0.8410000205039978,0.015999972820281982,0.015999972820281982
606,6,B,0.8379999995231628,0.8709999918937683,-0.03299999237060547,0.03299999237060547
606,7,full,0.8675000071525574,0.8815000057220459,-0.013999998569488525,0.013999998569488525
606,7,A,0.8769999742507935,0.878000020980835,-0.001000046730041504,0.001000046730041504
606,7,B,0.8579999804496765,0.8849999904632568,-0.027000010013580322,0.027000010013580322
606,8,full,0.8809999823570251,0.8960000276565552,-0.01500004529953003,0.01500004529953003
606,8,A,0.8899999856948853,0.8939999938011169,-0.0040000081062316895,0.0040000081062316895
606,8,B,0.871999979019165,0.8980000019073486,-0.026000022888183594,0.026000022888183594
606,9,full,0.8945000171661377,0.9045000076293945,-0.009999990463256836,0.009999990463256836
606,9,A,0.9049999713897705,0.902999997138977,0.001999974250793457,0.001999974250793457
606,9,B,0.8840000033378601,0.906000018119812,-0.022000014781951904,0.022000014781951904
606,10,full,0.9035000205039978,0.9135000109672546,-0.009999990463256836,0.009999990463256836
606,10,A,0.9129999876022339,0.9160000085830688,-0.003000020980834961,0.003000020980834961
606,10,B,0.8939999938011169,0.9110000133514404,-0.017000019550323486,0.017000019550323486
606,11,full,0.9100000262260437,0.9200000166893005,-0.009999990463256836,0.009999990463256836
606,11,A,0.9190000295639038,0.9240000247955322,-0.004999995231628418,0.004999995231628418
606,11,B,0.9010000228881836,0.9160000085830688,-0.014999985694885254,0.014999985694885254
606,12,full,0.9164999723434448,0.9244999885559082,-0.008000016212463379,0.008000016212463379
606,12,A,0.9240000247955322,0.9319999814033508,-0.007999956607818604,0.007999956607818604
606,12,B,0.9089999794960022,0.9169999957084656,-0.008000016212463379,0.008000016212463379
606,13,full,0.9190000295639038,0.9269999861717224,-0.007999956607818604,0.007999956607818604
606,13,A,0.9259999990463257,0.9359999895095825,-0.009999990463256836,0.009999990463256836
606,13,B,0.9120000004768372,0.9179999828338623,-0.0059999823570251465,0.0059999823570251465
606,14,full,0.9210000038146973,0.9269999861717224,-0.0059999823570251465,0.0059999823570251465
606,14,A,0.9290000200271606,0.9359999895095825,-0.006999969482421875,0.006999969482421875
606,14,B,0.9129999876022339,0.9179999828338623,-0.004999995231628418,0.004999995231628418
606,15,full,0.9225000143051147,0.9304999709129333,-0.007999956607818604,0.007999956607818604
606,15,A,0.9309999942779541,0.9409999847412109,-0.009999990463256836,0.009999990463256836
606,15,B,0.9139999747276306,0.9200000166893005,-0.006000041961669922,0.006000041961669922
606,16,full,0.9244999885559082,0.9309999942779541,-0.0065000057220458984,0.0065000057220458984
606,16,A,0.9350000023841858,0.9419999718666077,-0.006999969482421875,0.006999969482421875
606,16,B,0.9139999747276306,0.9200000166893005,-0.006000041961669922,0.006000041961669922
606,17,full,0.9290000200271606,0.9319999814033508,-0.0029999613761901855,0.0029999613761901855
606,17,A,0.9380000233650208,0.9430000185966492,-0.004999995231628418,0.004999995231628418
606,17,B,0.9200000166893005,0.9210000038146973,-0.0009999871253967285,0.0009999871253967285
606,18,full,0.9309999942779541,0.9350000023841858,-0.0040000081062316895,0.0040000081062316895
606,18,A,0.9399999976158142,0.9449999928474426,-0.004999995231628418,0.004999995231628418
606,18,B,0.921999990940094,0.925000011920929,-0.003000020980834961,0.003000020980834961
606,19,full,0.934499979019165,0.9355000257492065,-0.001000046730041504,0.001000046730041504
606,19,A,0.9440000057220459,0.9449999928474426,-0.0009999871253967285,0.0009999871253967285
606,19,B,0.925000011920929,0.9259999990463257,-0.0009999871253967285,0.0009999871253967285
606,20,full,0.9355000257492065,0.9365000128746033,-0.0009999871253967285,0.0009999871253967285
606,20,A,0.9459999799728394,0.9470000267028809,-0.001000046730041504,0.001000046730041504
606,20,B,0.925000011920929,0.9259999990463257,-0.0009999871253967285,0.0009999871253967285
707,1,full,0.3005000054836273,0.46700000762939453,-0.1665000021457672,0.1665000021457672
707,1,A,0.25999999046325684,0.6380000114440918,-0.37800002098083496,0.37800002098083496
707,1,B,0.3409999907016754,0.29600000381469727,0.04499998688697815,0.04499998688697815
707,2,full,0.4959999918937683,0.5975000262260437,-0.10150003433227539,0.10150003433227539
707,2,A,0.5049999952316284,0.746999979019165,-0.24199998378753662,0.24199998378753662
707,2,B,0.4869999885559082,0.4480000138282776,0.038999974727630615,0.038999974727630615
707,3,full,0.6535000205039978,0.684499979019165,-0.030999958515167236,0.030999958515167236
707,3,A,0.7179999947547913,0.8410000205039978,-0.12300002574920654,0.12300002574920654
707,3,B,0.5889999866485596,0.527999997138977,0.06099998950958252,0.06099998950958252
707,4,full,0.7365000247955322,0.7434999942779541,-0.006999969482421875,0.006999969482421875
707,4,A,0.8050000071525574,0.9020000100135803,-0.09700000286102295,0.09700000286102295
707,4,B,0.6679999828338623,0.5849999785423279,0.08300000429153442,0.08300000429153442
707,5,full,0.784500002861023,0.7745000123977661,0.009999990463256836,0.009999990463256836
707,5,A,0.8460000157356262,0.9150000214576721,-0.0690000057220459,0.0690000057220459
707,5,B,0.7229999899864197,0.6340000033378601,0.08899998664855957,0.08899998664855957
707,6,full,0.8180000185966492,0.8009999990463257,0.017000019550323486,0.017000019550323486
707,6,A,0.871999979019165,0.9269999861717224,-0.05500000715255737,0.05500000715255737
707,6,B,0.7639999985694885,0.675000011920929,0.08899998664855957,0.08899998664855957
707,7,full,0.8420000076293945,0.8199999928474426,0.022000014781951904,0.022000014781951904
707,7,A,0.8930000066757202,0.9340000152587891,-0.04100000858306885,0.04100000858306885
707,7,B,0.7910000085830688,0.7059999704360962,0.08500003814697266,0.08500003814697266
707,8,full,0.8610000014305115,0.840499997138977,0.020500004291534424,0.020500004291534424
707,8,A,0.9049999713897705,0.9390000104904175,-0.03400003910064697,0.03400003910064697
707,8,B,0.8169999718666077,0.7419999837875366,0.07499998807907104,0.07499998807907104
707,9,full,0.8725000023841858,0.8579999804496765,0.014500021934509277,0.014500021934509277
707,9,A,0.9129999876022339,0.9440000057220459,-0.03100001811981201,0.03100001811981201
707,9,B,0.8320000171661377,0.7720000147819519,0.06000000238418579,0.06000000238418579
707,10,full,0.8805000185966492,0.8734999895095825,0.00700002908706665,0.00700002908706665
707,10,A,0.9210000038146973,0.9459999799728394,-0.02499997615814209,0.02499997615814209
707,10,B,0.8399999737739563,0.8009999990463257,0.038999974727630615,0.038999974727630615
707,11,full,0.8899999856948853,0.8884999752044678,0.0015000104904174805,0.0015000104904174805
707,11,A,0.9300000071525574,0.9459999799728394,-0.015999972820281982,0.015999972820281982
707,11,B,0.8500000238418579,0.8309999704360962,0.01900005340576172,0.01900005340576172
707,12,full,0.8980000019073486,0.8974999785423279,0.000500023365020752,0.000500023365020752
707,12,A,0.9350000023841858,0.9459999799728394,-0.010999977588653564,0.010999977588653564
707,12,B,0.8610000014305115,0.8489999771118164,0.012000024318695068,0.012000024318695068
707,13,full,0.9014999866485596,0.9075000286102295,-0.006000041961669922,0.006000041961669922
707,13,A,0.9390000104904175,0.9480000138282776,-0.009000003337860107,0.009000003337860107
707,13,B,0.8640000224113464,0.8669999837875366,-0.0029999613761901855,0.0029999613761901855
707,14,full,0.9054999947547913,0.9129999876022339,-0.007499992847442627,0.007499992847442627
707,14,A,0.9409999847412109,0.9490000009536743,-0.008000016212463379,0.008000016212463379
707,14,B,0.8700000047683716,0.8769999742507935,-0.006999969482421875,0.006999969482421875
707,15,full,0.9100000262260437,0.9175000190734863,-0.007499992847442627,0.007499992847442627
707,15,A,0.9440000057220459,0.9490000009536743,-0.004999995231628418,0.004999995231628418
707,15,B,0.8759999871253967,0.8859999775886536,-0.009999990463256836,0.009999990463256836
707,16,full,0.9129999876022339,0.921999990940094,-0.009000003337860107,0.009000003337860107
707,16,A,0.9459999799728394,0.9520000219345093,-0.006000041961669922,0.006000041961669922
707,16,B,0.8799999952316284,0.8920000195503235,-0.012000024318695068,0.012000024318695068
707,17,full,0.9175000190734863,0.9244999885559082,-0.006999969482421875,0.006999969482421875
707,17,A,0.949999988079071,0.9539999961853027,-0.0040000081062316895,0.0040000081062316895
707,17,B,0.8849999904632568,0.8949999809265137,-0.009999990463256836,0.009999990463256836
707,18,full,0.9204999804496765,0.9275000095367432,-0.00700002908706665,0.00700002908706665
707,18,A,0.9509999752044678,0.9549999833106995,-0.0040000081062316895,0.0040000081062316895
707,18,B,0.8899999856948853,0.8999999761581421,-0.009999990463256836,0.009999990463256836
707,19,full,0.921999990940094,0.9294999837875366,-0.007499992847442627,0.007499992847442627
707,19,A,0.9520000219345093,0.9559999704360962,-0.003999948501586914,0.003999948501586914
707,19,B,0.8920000195503235,0.902999997138977,-0.010999977588653564,0.010999977588653564
707,20,full,0.9225000143051147,0.9319999814033508,-0.009499967098236084,0.009499967098236084
707,20,A,0.953000009059906,0.9580000042915344,-0.004999995231628418,0.004999995231628418
707,20,B,0.8920000195503235,0.906000018119812,-0.013999998569488525,0.013999998569488525
808,1,full,0.20100000500679016,0.4230000078678131,-0.22200000286102295,0.22200000286102295
808,1,A,0.2370000034570694,0.4440000057220459,-0.2070000022649765,0.2070000022649765
808,1,B,0.16500000655651093,0.4020000100135803,-0.2370000034570694,0.2370000034570694
808,2,full,0.5379999876022339,0.6399999856948853,-0.10199999809265137,0.10199999809265137
808,2,A,0.6029999852180481,0.6399999856948853,-0.03700000047683716,0.03700000047683716
808,2,B,0.4729999899864197,0.6399999856948853,-0.16699999570846558,0.16699999570846558
808,3,full,0.7254999876022339,0.7329999804496765,-0.007499992847442627,0.007499992847442627
808,3,A,0.7699999809265137,0.6930000185966492,0.0769999623298645,0.0769999623298645
808,3,B,0.6809999942779541,0.7730000019073486,-0.09200000762939453,0.09200000762939453
808,4,full,0.8050000071525574,0.7749999761581421,0.030000030994415283,0.030000030994415283
808,4,A,0.8410000205039978,0.722000002861023,0.11900001764297485,0.11900001764297485
808,4,B,0.7689999938011169,0.828000009059906,-0.05900001525878906,0.05900001525878906
808,5,full,0.8464999794960022,0.815500020980835,0.030999958515167236,0.030999958515167236
808,5,A,0.8799999952316284,0.7870000004768372,0.09299999475479126,0.09299999475479126
808,5,B,0.8130000233650208,0.843999981880188,-0.030999958515167236,0.030999958515167236
808,6,full,0.8654999732971191,0.8669999837875366,-0.0015000104904174805,0.0015000104904174805
808,6,A,0.902999997138977,0.8740000128746033,0.02899998426437378,0.02899998426437378
808,6,B,0.828000009059906,0.8600000143051147,-0.03200000524520874,0.03200000524520874
808,7,full,0.887499988079071,0.8960000276565552,-0.00850003957748413,0.00850003957748413
808,7,A,0.9160000085830688,0.9179999828338623,-0.001999974250793457,0.001999974250793457
808,7,B,0.859000027179718,0.8740000128746033,-0.014999985694885254,0.014999985694885254
808,8,full,0.8989999890327454,0.9045000076293945,-0.00550001859664917,0.00550001859664917
808,8,A,0.921999990940094,0.9309999942779541,-0.009000003337860107,0.009000003337860107
808,8,B,0.8759999871253967,0.878000020980835,-0.0020000338554382324,0.0020000338554382324
808,9,full,0.9039999842643738,0.909500002861023,-0.00550001859664917,0.00550001859664917
808,9,A,0.9259999990463257,0.9380000233650208,-0.012000024318695068,0.012000024318695068
808,9,B,0.8820000290870667,0.8809999823570251,0.001000046730041504,0.001000046730041504
808,10,full,0.9100000262260437,0.9120000004768372,-0.001999974250793457,0.001999974250793457
808,10,A,0.9300000071525574,0.9419999718666077,-0.011999964714050293,0.011999964714050293
808,10,B,0.8899999856948853,0.8820000290870667,0.007999956607818604,0.007999956607818604
808,11,full,0.9154999852180481,0.9150000214576721,0.0004999637603759766,0.0004999637603759766
808,11,A,0.9350000023841858,0.9430000185966492,-0.008000016212463379,0.008000016212463379
808,11,B,0.8960000276565552,0.8870000243186951,0.009000003337860107,0.009000003337860107
808,12,full,0.9194999933242798,0.9175000190734863,0.001999974250793457,0.001999974250793457
808,12,A,0.9369999766349792,0.9440000057220459,-0.00700002908706665,0.00700002908706665
808,12,B,0.9020000100135803,0.890999972820282,0.01100003719329834,0.01100003719329834
808,13,full,0.9235000014305115,0.9190000295639038,0.004499971866607666,0.004499971866607666
808,13,A,0.9399999976158142,0.9449999928474426,-0.004999995231628418,0.004999995231628418
808,13,B,0.9070000052452087,0.8930000066757202,0.013999998569488525,0.013999998569488525
808,14,full,0.9275000095367432,0.9200000166893005,0.007499992847442627,0.007499992847442627
808,14,A,0.9419999718666077,0.9470000267028809,-0.005000054836273193,0.005000054836273193
808,14,B,0.9129999876022339,0.8930000066757202,0.019999980926513672,0.019999980926513672
808,15,full,0.9304999709129333,0.921999990940094,0.008499979972839355,0.008499979972839355
808,15,A,0.9449999928474426,0.9480000138282776,-0.003000020980834961,0.003000020980834961
808,15,B,0.9160000085830688,0.8960000276565552,0.019999980926513672,0.019999980926513672
808,16,full,0.9315000176429749,0.9244999885559082,0.00700002908706665,0.00700002908706665
808,16,A,0.9449999928474426,0.9490000009536743,-0.0040000081062316895,0.0040000081062316895
808,16,B,0.9179999828338623,0.8999999761581421,0.018000006675720215,0.018000006675720215
808,17,full,0.9319999814033508,0.9275000095367432,0.004499971866607666,0.004499971866607666
808,17,A,0.9449999928474426,0.949999988079071,-0.004999995231628418,0.004999995231628418
808,17,B,0.9190000295639038,0.9049999713897705,0.0140000581741333,0.0140000581741333
808,18,full,0.9325000047683716,0.9279999732971191,0.004500031471252441,0.004500031471252441
808,18,A,0.9459999799728394,0.949999988079071,-0.0040000081062316895,0.0040000081062316895
808,18,B,0.9190000295639038,0.906000018119812,0.013000011444091797,0.013000011444091797
808,19,full,0.9334999918937683,0.9290000200271606,0.004499971866607666,0.004499971866607666
808,19,A,0.9459999799728394,0.949999988079071,-0.0040000081062316895,0.0040000081062316895
808,19,B,0.9210000038146973,0.9079999923706055,0.013000011444091797,0.013000011444091797
808,20,full,0.934499979019165,0.9315000176429749,0.0029999613761901855,0.0029999613761901855
808,20,A,0.9470000267028809,0.949999988079071,-0.0029999613761901855,0.0029999613761901855
808,20,B,0.921999990940094,0.9129999876022339,0.009000003337860107,0.009000003337860107
909,1,full,0.1875,0.3140000104904175,-0.12650001049041748,0.12650001049041748
909,1,A,0.15800000727176666,0.4399999976158142,-0.28199999034404755,0.28199999034404755
909,1,B,0.21699999272823334,0.18799999356269836,0.028999999165534973,0.028999999165534973
909,2,full,0.4684999883174896,0.5320000052452087,-0.06350001692771912,0.06350001692771912
909,2,A,0.5299999713897705,0.7229999899864197,-0.19300001859664917,0.19300001859664917
909,2,B,0.40700000524520874,0.3409999907016754,0.06600001454353333,0.06600001454353333
909,3,full,0.6535000205039978,0.6800000071525574,-0.02649998664855957,0.02649998664855957
909,3,A,0.7649999856948853,0.8230000138282776,-0.058000028133392334,0.058000028133392334
909,3,B,0.5419999957084656,0.5370000004768372,0.004999995231628418,0.004999995231628418
909,4,full,0.7540000081062317,0.7620000243186951,-0.008000016212463379,0.008000016212463379
909,4,A,0.8519999980926514,0.859000027179718,-0.00700002908706665,0.00700002908706665
909,4,B,0.656000018119812,0.6650000214576721,-0.009000003337860107,0.009000003337860107
909,5,full,0.8144999742507935,0.8090000152587891,0.0054999589920043945,0.0054999589920043945
909,5,A,0.8989999890327454,0.8849999904632568,0.013999998569488525,0.013999998569488525
909,5,B,0.7300000190734863,0.7329999804496765,-0.0029999613761901855,0.0029999613761901855
909,6,full,0.8504999876022339,0.828499972820282,0.022000014781951904,0.022000014781951904
909,6,A,0.9179999828338623,0.8980000019073486,0.019999980926513672,0.019999980926513672
909,6,B,0.7829999923706055,0.7590000033378601,0.02399998903274536,0.02399998903274536
909,7,full,0.8705000281333923,0.8485000133514404,0.022000014781951904,0.022000014781951904
909,7,A,0.9309999942779541,0.9070000052452087,0.02399998903274536,0.02399998903274536
909,7,B,0.8100000023841858,0.7900000214576721,0.019999980926513672,0.019999980926513672
909,8,full,0.8830000162124634,0.8615000247955322,0.021499991416931152,0.021499991416931152
909,8,A,0.9340000152587891,0.9150000214576721,0.018999993801116943,0.018999993801116943
909,8,B,0.8320000171661377,0.8080000281333923,0.02399998903274536,0.02399998903274536
909,9,full,0.8955000042915344,0.8709999918937683,0.024500012397766113,0.024500012397766113
909,9,A,0.9399999976158142,0.9200000166893005,0.019999980926513672,0.019999980926513672
909,9,B,0.8510000109672546,0.8220000267028809,0.02899998426437378,0.02899998426437378
909,10,full,0.902999997138977,0.8784999847412109,0.024500012397766113,0.024500012397766113
909,10,A,0.9440000057220459,0.925000011920929,0.018999993801116943,0.018999993801116943
909,10,B,0.8619999885559082,0.8320000171661377,0.029999971389770508,0.029999971389770508
909,11,full,0.9089999794960022,0.8855000138282776,0.02349996566772461,0.02349996566772461
909,11,A,0.9509999752044678,0.9279999732971191,0.023000001907348633,0.023000001907348633
909,11,B,0.8669999837875366,0.8429999947547913,0.02399998903274536,0.02399998903274536
909,12,full,0.9154999852180481,0.8930000066757202,0.02249997854232788,0.02249997854232788
909,12,A,0.9549999833106995,0.9290000200271606,0.02599996328353882,0.02599996328353882
909,12,B,0.8759999871253967,0.8569999933242798,0.018999993801116943,0.018999993801116943
909,13,full,0.9185000061988831,0.8980000019073486,0.020500004291534424,0.020500004291534424
909,13,A,0.9559999704360962,0.9330000281333923,0.022999942302703857,0.022999942302703857
909,13,B,0.8809999823570251,0.8629999756813049,0.018000006675720215,0.018000006675720215
909,14,full,0.921500027179718,0.8999999761581421,0.021500051021575928,0.021500051021575928
909,14,A,0.9570000171661377,0.9340000152587891,0.023000001907348633,0.023000001907348633
909,14,B,0.8859999775886536,0.8659999966621399,0.019999980926513672,0.019999980926513672
909,15,full,0.9244999885559082,0.9035000205039978,0.0209999680519104,0.0209999680519104
909,15,A,0.9589999914169312,0.9380000233650208,0.0209999680519104,0.0209999680519104
909,15,B,0.8899999856948853,0.8690000176429749,0.0209999680519104,0.0209999680519104
909,16,full,0.9269999861717224,0.9079999923706055,0.018999993801116943,0.018999993801116943
909,16,A,0.9620000123977661,0.9399999976158142,0.022000014781951904,0.022000014781951904
909,16,B,0.8920000195503235,0.8759999871253967,0.016000032424926758,0.016000032424926758
909,17,full,0.9309999942779541,0.9110000133514404,0.019999980926513672,0.019999980926513672
909,17,A,0.9620000123977661,0.9430000185966492,0.018999993801116943,0.018999993801116943
909,17,B,0.8999999761581421,0.8790000081062317,0.0209999680519104,0.0209999680519104
909,18,full,0.9330000281333923,0.9135000109672546,0.019500017166137695,0.019500017166137695
909,18,A,0.9620000123977661,0.9440000057220459,0.018000006675720215,0.018000006675720215
909,18,B,0.9039999842643738,0.8830000162124634,0.0209999680519104,0.0209999680519104
909,19,full,0.9330000281333923,0.9154999852180481,0.01750004291534424,0.01750004291534424
909,19,A,0.9620000123977661,0.9440000057220459,0.018000006675720215,0.018000006675720215
909,19,B,0.9039999842643738,0.8870000243186951,0.01699995994567871,0.01699995994567871
909,20,full,0.934499979019165,0.9179999828338623,0.016499996185302734,0.016499996185302734
909,20,A,0.9620000123977661,0.9449999928474426,0.017000019550323486,0.017000019550323486
909,20,B,0.9070000052452087,0.890999972820282,0.016000032424926758,0.016000032424926758
1010,1,full,0.23549999296665192,0.2224999964237213,0.012999996542930603,0.012999996542930603
1010,1,A,0.18299999833106995,0.21899999678134918,-0.035999998450279236,0.035999998450279236
1010,1,B,0.2879999876022339,0.22599999606609344,0.06199999153614044,0.06199999153614044
1010,2,full,0.38999998569488525,0.42750000953674316,-0.03750002384185791,0.03750002384185791
1010,2,A,0.3190000057220459,0.4779999852180481,-0.1589999794960022,0.1589999794960022
1010,2,B,0.460999995470047,0.37700000405311584,0.08399999141693115,0.08399999141693115
1010,3,full,0.5609999895095825,0.5809999704360962,-0.019999980926513672,0.019999980926513672
1010,3,A,0.5410000085830688,0.6480000019073486,-0.10699999332427979,0.10699999332427979
1010,3,B,0.5809999704360962,0.5139999985694885,0.06699997186660767,0.06699997186660767
1010,4,full,0.6765000224113464,0.6859999895095825,-0.009499967098236084,0.009499967098236084
1010,4,A,0.6819999814033508,0.7609999775886536,-0.07899999618530273,0.07899999618530273
1010,4,B,0.6710000038146973,0.6110000014305115,0.06000000238418579,0.06000000238418579
1010,5,full,0.7559999823570251,0.7565000057220459,-0.000500023365020752,0.000500023365020752
1010,5,A,0.753000020980835,0.8320000171661377,-0.07899999618530273,0.07899999618530273
1010,5,B,0.7590000033378601,0.6809999942779541,0.078000009059906,0.078000009059906
1010,6,full,0.8224999904632568,0.7954999804496765,0.027000010013580322,0.027000010013580322
1010,6,A,0.8100000023841858,0.8659999966621399,-0.0559999942779541,0.0559999942779541
1010,6,B,0.8349999785423279,0.7250000238418579,0.10999995470046997,0.10999995470046997
1010,7,full,0.8629999756813049,0.8345000147819519,0.028499960899353027,0.028499960899353027
1010,7,A,0.8489999771118164,0.9049999713897705,-0.0559999942779541,0.0559999942779541
1010,7,B,0.8769999742507935,0.7639999985694885,0.11299997568130493,0.11299997568130493
1010,8,full,0.8855000138282776,0.8514999747276306,0.03400003910064697,0.03400003910064697
1010,8,A,0.8730000257492065,0.9139999747276306,-0.04099994897842407,0.04099994897842407
1010,8,B,0.8980000019073486,0.7889999747276306,0.10900002717971802,0.10900002717971802
1010,9,full,0.8964999914169312,0.8610000014305115,0.03549998998641968,0.03549998998641968
1010,9,A,0.8870000243186951,0.9210000038146973,-0.0339999794960022,0.0339999794960022
1010,9,B,0.906000018119812,0.8009999990463257,0.10500001907348633,0.10500001907348633
1010,10,full,0.9085000157356262,0.8694999814033508,0.03900003433227539,0.03900003433227539
1010,10,A,0.9039999842643738,0.9240000247955322,-0.020000040531158447,0.020000040531158447
1010,10,B,0.9129999876022339,0.8149999976158142,0.09799998998641968,0.09799998998641968
1010,11,full,0.9190000295639038,0.8774999976158142,0.0415000319480896,0.0415000319480896
1010,11,A,0.9179999828338623,0.9290000200271606,-0.01100003719329834,0.01100003719329834
1010,11,B,0.9200000166893005,0.8259999752044678,0.09400004148483276,0.09400004148483276
1010,12,full,0.9235000014305115,0.8849999904632568,0.03850001096725464,0.03850001096725464
1010,12,A,0.9240000247955322,0.9350000023841858,-0.010999977588653564,0.010999977588653564
1010,12,B,0.9229999780654907,0.8349999785423279,0.08799999952316284,0.08799999952316284
1010,13,full,0.9279999732971191,0.890500009059906,0.037499964237213135,0.037499964237213135
1010,13,A,0.9319999814033508,0.9359999895095825,-0.0040000081062316895,0.0040000081062316895
1010,13,B,0.9240000247955322,0.8450000286102295,0.07899999618530273,0.07899999618530273
1010,14,full,0.9309999942779541,0.8955000042915344,0.03549998998641968,0.03549998998641968
1010,14,A,0.9340000152587891,0.9369999766349792,-0.0029999613761901855,0.0029999613761901855
1010,14,B,0.9279999732971191,0.8539999723434448,0.07400000095367432,0.07400000095367432
1010,15,full,0.9355000257492065,0.8985000252723694,0.03700000047683716,0.03700000047683716
1010,15,A,0.9380000233650208,0.9380000233650208,0.0,0.0
1010,15,B,0.9330000281333923,0.859000027179718,0.07400000095367432,0.07400000095367432
1010,16,full,0.9394999742507935,0.8995000123977661,0.039999961853027344,0.039999961853027344
1010,16,A,0.9440000057220459,0.9380000233650208,0.0059999823570251465,0.0059999823570251465
1010,16,B,0.9350000023841858,0.8610000014305115,0.07400000095367432,0.07400000095367432
1010,17,full,0.9409999847412109,0.902999997138977,0.03799998760223389,0.03799998760223389
1010,17,A,0.9459999799728394,0.9409999847412109,0.004999995231628418,0.004999995231628418
1010,17,B,0.9359999895095825,0.8650000095367432,0.07099997997283936,0.07099997997283936
1010,18,full,0.9449999928474426,0.906000018119812,0.038999974727630615,0.038999974727630615
1010,18,A,0.949999988079071,0.9430000185966492,0.006999969482421875,0.006999969482421875
1010,18,B,0.9399999976158142,0.8690000176429749,0.07099997997283936,0.07099997997283936
1010,19,full,0.9465000033378601,0.9089999794960022,0.03750002384185791,0.03750002384185791
1010,19,A,0.9520000219345093,0.9449999928474426,0.00700002908706665,0.00700002908706665
1010,19,B,0.9409999847412109,0.8730000257492065,0.0679999589920044,0.0679999589920044
1010,20,full,0.9484999775886536,0.9135000109672546,0.034999966621398926,0.034999966621398926
1010,20,A,0.953000009059906,0.9480000138282776,0.004999995231628418,0.004999995231628418
1010,20,B,0.9440000057220459,0.8790000081062317,0.06499999761581421,0.06499999761581421
1111,1,full,0.4659999907016754,0.09600000083446503,0.3699999898672104,0.3699999898672104
1111,1,A,0.5899999737739563,0.1770000010728836,0.4129999727010727,0.4129999727010727
1111,1,B,0.34200000762939453,0.014999999664723873,0.32700000796467066,0.32700000796467066
1111,2,full,0.6600000262260437,0.21449999511241913,0.4455000311136246,0.4455000311136246
1111,2,A,0.7350000143051147,0.3529999852180481,0.38200002908706665,0.38200002908706665
1111,2,B,0.5849999785423279,0.07599999755620956,0.5089999809861183,0.5089999809861183
1111,3,full,0.8019999861717224,0.5274999737739563,0.2745000123977661,0.2745000123977661
1111,3,A,0.8199999928474426,0.5720000267028809,0.24799996614456177,0.24799996614456177
1111,3,B,0.7839999794960022,0.4830000102519989,0.3009999692440033,0.3009999692440033
1111,4,full,0.8569999933242798,0.7264999747276306,0.13050001859664917,0.13050001859664917
1111,4,A,0.871999979019165,0.7170000076293945,0.1549999713897705,0.1549999713897705
1111,4,B,0.8420000076293945,0.7360000014305115,0.10600000619888306,0.10600000619888306
1111,5,full,0.8849999904632568,0.800000011920929,0.08499997854232788,0.08499997854232788
1111,5,A,0.8980000019073486,0.7990000247955322,0.0989999771118164,0.0989999771118164
1111,5,B,0.871999979019165,0.8009999990463257,0.07099997997283936,0.07099997997283936
1111,6,full,0.9049999713897705,0.8429999947547913,0.06199997663497925,0.06199997663497925
1111,6,A,0.9160000085830688,0.8500000238418579,0.06599998474121094,0.06599998474121094
1111,6,B,0.8939999938011169,0.8360000252723694,0.05799996852874756,0.05799996852874756
1111,7,full,0.9114999771118164,0.8654999732971191,0.046000003814697266,0.046000003814697266
1111,7,A,0.9229999780654907,0.8759999871253967,0.046999990940093994,0.046999990940093994
1111,7,B,0.8999999761581421,0.8550000190734863,0.04499995708465576,0.04499995708465576
1111,8,full,0.9210000038146973,0.8834999799728394,0.03750002384185791,0.03750002384185791
1111,8,A,0.9309999942779541,0.8939999938011169,0.03700000047683716,0.03700000047683716
1111,8,B,0.9110000133514404,0.8730000257492065,0.03799998760223389,0.03799998760223389
1111,9,full,0.9244999885559082,0.8939999938011169,0.03049999475479126,0.03049999475479126
1111,9,A,0.9350000023841858,0.9120000004768372,0.023000001907348633,0.023000001907348633
1111,9,B,0.9139999747276306,0.8759999871253967,0.03799998760223389,0.03799998760223389
1111,10,full,0.9284999966621399,0.9020000100135803,0.02649998664855957,0.02649998664855957
1111,10,A,0.9369999766349792,0.9179999828338623,0.018999993801116943,0.018999993801116943
1111,10,B,0.9200000166893005,0.8859999775886536,0.03400003910064697,0.03400003910064697
1111,11,full,0.9300000071525574,0.9070000052452087,0.023000001907348633,0.023000001907348633
1111,11,A,0.9390000104904175,0.9229999780654907,0.016000032424926758,0.016000032424926758
1111,11,B,0.9210000038146973,0.890999972820282,0.030000030994415283,0.030000030994415283
1111,12,full,0.9315000176429749,0.9079999923706055,0.023500025272369385,0.023500025272369385
1111,12,A,0.9399999976158142,0.925000011920929,0.014999985694885254,0.014999985694885254
1111,12,B,0.9229999780654907,0.890999972820282,0.03200000524520874,0.03200000524520874
1111,13,full,0.9340000152587891,0.9114999771118164,0.022500038146972656,0.022500038146972656
1111,13,A,0.9430000185966492,0.9259999990463257,0.017000019550323486,0.017000019550323486
1111,13,B,0.925000011920929,0.8970000147819519,0.02799999713897705,0.02799999713897705
1111,14,full,0.9359999895095825,0.9160000085830688,0.019999980926513672,0.019999980926513672
1111,14,A,0.9449999928474426,0.9300000071525574,0.014999985694885254,0.014999985694885254
1111,14,B,0.9269999861717224,0.9020000100135803,0.02499997615814209,0.02499997615814209
1111,15,full,0.9365000128746033,0.9185000061988831,0.018000006675720215,0.018000006675720215
1111,15,A,0.9459999799728394,0.9309999942779541,0.014999985694885254,0.014999985694885254
1111,15,B,0.9269999861717224,0.906000018119812,0.0209999680519104,0.0209999680519104
1111,16,full,0.9384999871253967,0.9204999804496765,0.018000006675720215,0.018000006675720215
1111,16,A,0.9470000267028809,0.9340000152587891,0.013000011444091797,0.013000011444091797
1111,16,B,0.9300000071525574,0.9070000052452087,0.023000001907348633,0.023000001907348633
1111,17,full,0.9384999871253967,0.925000011920929,0.013499975204467773,0.013499975204467773
1111,17,A,0.9480000138282776,0.9359999895095825,0.012000024318695068,0.012000024318695068
1111,17,B,0.9290000200271606,0.9139999747276306,0.01500004529953003,0.01500004529953003
1111,18,full,0.9390000104904175,0.9275000095367432,0.011500000953674316,0.011500000953674316
1111,18,A,0.9480000138282776,0.9369999766349792,0.01100003719329834,0.01100003719329834
1111,18,B,0.9300000071525574,0.9179999828338623,0.012000024318695068,0.012000024318695068
1111,19,full,0.9394999742507935,0.9300000071525574,0.009499967098236084,0.009499967098236084
1111,19,A,0.9490000009536743,0.9419999718666077,0.00700002908706665,0.00700002908706665
1111,19,B,0.9300000071525574,0.9179999828338623,0.012000024318695068,0.012000024318695068
1111,20,full,0.9415000081062317,0.9309999942779541,0.010500013828277588,0.010500013828277588
1111,20,A,0.9520000219345093,0.9430000185966492,0.009000003337860107,0.009000003337860107
1111,20,B,0.9309999942779541,0.9190000295639038,0.011999964714050293,0.011999964714050293
1212,1,full,0.3855000138282776,0.2529999911785126,0.13250002264976501,0.13250002264976501
1212,1,A,0.5199999809265137,0.21299999952316284,0.30699998140335083,0.30699998140335083
1212,1,B,0.25099998712539673,0.2930000126361847,-0.042000025510787964,0.042000025510787964
1212,2,full,0.6754999756813049,0.44350001215934753,0.2319999635219574,0.2319999635219574
1212,2,A,0.7509999871253967,0.3720000088214874,0.3789999783039093,0.3789999783039093
1212,2,B,0.6000000238418579,0.5149999856948853,0.08500003814697266,0.08500003814697266
1212,3,full,0.809499979019165,0.6019999980926514,0.20749998092651367,0.20749998092651367
1212,3,A,0.796999990940094,0.5730000138282776,0.2239999771118164,0.2239999771118164
1212,3,B,0.8220000267028809,0.6309999823570251,0.1910000443458557,0.1910000443458557
1212,4,full,0.8634999990463257,0.7045000195503235,0.1589999794960022,0.1589999794960022
1212,4,A,0.8360000252723694,0.7210000157356262,0.11500000953674316,0.11500000953674316
1212,4,B,0.890999972820282,0.6880000233650208,0.20299994945526123,0.20299994945526123
1212,5,full,0.8960000276565552,0.7615000009536743,0.13450002670288086,0.13450002670288086
1212,5,A,0.8730000257492065,0.7960000038146973,0.07700002193450928,0.07700002193450928
1212,5,B,0.9190000295639038,0.7269999980926514,0.19200003147125244,0.19200003147125244
1212,6,full,0.9204999804496765,0.7864999771118164,0.1340000033378601,0.1340000033378601
1212,6,A,0.9100000262260437,0.824999988079071,0.08500003814697266,0.08500003814697266
1212,6,B,0.9309999942779541,0.7480000257492065,0.18299996852874756,0.18299996852874756
1212,7,full,0.9319999814033508,0.8184999823570251,0.11349999904632568,0.11349999904632568
1212,7,A,0.9229999780654907,0.8569999933242798,0.06599998474121094,0.06599998474121094
1212,7,B,0.9409999847412109,0.7799999713897705,0.16100001335144043,0.16100001335144043
1212,8,full,0.9390000104904175,0.843500018119812,0.09549999237060547,0.09549999237060547
1212,8,A,0.9309999942779541,0.8820000290870667,0.04899996519088745,0.04899996519088745
1212,8,B,0.9470000267028809,0.8050000071525574,0.1420000195503235,0.1420000195503235
1212,9,full,0.9440000057220459,0.8579999804496765,0.08600002527236938,0.08600002527236938
1212,9,A,0.9369999766349792,0.890999972820282,0.046000003814697266,0.046000003814697266
1212,9,B,0.9509999752044678,0.824999988079071,0.12599998712539673,0.12599998712539673
1212,10,full,0.9484999775886536,0.8700000047683716,0.07849997282028198,0.07849997282028198
1212,10,A,0.9419999718666077,0.902999997138977,0.038999974727630615,0.038999974727630615
1212,10,B,0.9549999833106995,0.8370000123977661,0.11799997091293335,0.11799997091293335
1212,11,full,0.9505000114440918,0.8784999847412109,0.07200002670288086,0.07200002670288086
1212,11,A,0.9459999799728394,0.9110000133514404,0.034999966621398926,0.034999966621398926
1212,11,B,0.9549999833106995,0.8460000157356262,0.10899996757507324,0.10899996757507324
1212,12,full,0.9539999961853027,0.8870000243186951,0.06699997186660767,0.06699997186660767
1212,12,A,0.9509999752044678,0.9179999828338623,0.03299999237060547,0.03299999237060547
1212,12,B,0.9570000171661377,0.8560000061988831,0.10100001096725464,0.10100001096725464
1212,13,full,0.9559999704360962,0.8970000147819519,0.05899995565414429,0.05899995565414429
1212,13,A,0.953000009059906,0.9279999732971191,0.025000035762786865,0.025000035762786865
1212,13,B,0.9589999914169312,0.8659999966621399,0.09299999475479126,0.09299999475479126
1212,14,full,0.9559999704360962,0.8999999761581421,0.0559999942779541,0.0559999942779541
1212,14,A,0.9539999961853027,0.9279999732971191,0.026000022888183594,0.026000022888183594
1212,14,B,0.9580000042915344,0.871999979019165,0.08600002527236938,0.08600002527236938
1212,15,full,0.9580000042915344,0.9039999842643738,0.054000020027160645,0.054000020027160645
1212,15,A,0.9580000042915344,0.9340000152587891,0.02399998903274536,0.02399998903274536
1212,15,B,0.9580000042915344,0.8740000128746033,0.08399999141693115,0.08399999141693115
1212,16,full,0.9585000276565552,0.9079999923706055,0.05050003528594971,0.05050003528594971
1212,16,A,0.9589999914169312,0.9380000233650208,0.0209999680519104,0.0209999680519104
1212,16,B,0.9580000042915344,0.878000020980835,0.07999998331069946,0.07999998331069946
1212,17,full,0.9589999914169312,0.9125000238418579,0.04649996757507324,0.04649996757507324
1212,17,A,0.9589999914169312,0.9419999718666077,0.017000019550323486,0.017000019550323486
1212,17,B,0.9589999914169312,0.8830000162124634,0.07599997520446777,0.07599997520446777
1212,18,full,0.9595000147819519,0.9175000190734863,0.041999995708465576,0.041999995708465576
1212,18,A,0.9599999785423279,0.9459999799728394,0.013999998569488525,0.013999998569488525
1212,18,B,0.9589999914169312,0.8889999985694885,0.06999999284744263,0.06999999284744263
1212,19,full,0.9599999785423279,0.9185000061988831,0.041499972343444824,0.041499972343444824
1212,19,A,0.9610000252723694,0.9470000267028809,0.013999998569488525,0.013999998569488525
1212,19,B,0.9589999914169312,0.8899999856948853,0.0690000057220459,0.0690000057220459
1212,20,full,0.9599999785423279,0.921500027179718,0.03849995136260986,0.03849995136260986
1212,20,A,0.9610000252723694,0.9490000009536743,0.012000024318695068,0.012000024318695068
1212,20,B,0.9589999914169312,0.8939999938011169,0.06499999761581421,0.06499999761581421
1313,1,full,0.18850000202655792,0.23800000548362732,-0.0495000034570694,0.0495000034570694
1313,1,A,0.12800000607967377,0.3319999873638153,-0.20399998128414154,0.20399998128414154
1313,1,B,0.24899999797344208,0.14399999380111694,0.10500000417232513,0.10500000417232513
1313,2,full,0.39800000190734863,0.33550000190734863,0.0625,0.0625
1313,2,A,0.375,0.4650000035762787,-0.09000000357627869,0.09000000357627869
1313,2,B,0.42100000381469727,0.20600000023841858,0.2150000035762787,0.2150000035762787
1313,3,full,0.6690000295639038,0.5644999742507935,0.10450005531311035,0.10450005531311035
1313,3,A,0.6380000114440918,0.6240000128746033,0.013999998569488525,0.013999998569488525
1313,3,B,0.699999988079071,0.5049999952316284,0.19499999284744263,0.19499999284744263
1313,4,full,0.7574999928474426,0.699999988079071,0.05750000476837158,0.05750000476837158
1313,4,A,0.7059999704360962,0.7129999995231628,-0.00700002908706665,0.00700002908706665
1313,4,B,0.8090000152587891,0.6869999766349792,0.12200003862380981,0.12200003862380981
1313,5,full,0.8009999990463257,0.7904999852180481,0.010500013828277588,0.010500013828277588
1313,5,A,0.7519999742507935,0.8149999976158142,-0.06300002336502075,0.06300002336502075
1313,5,B,0.8500000238418579,0.765999972820282,0.08400005102157593,0.08400005102157593
1313,6,full,0.8429999947547913,0.8529999852180481,-0.009999990463256836,0.009999990463256836
1313,6,A,0.8090000152587891,0.8759999871253967,-0.06699997186660767,0.06699997186660767
1313,6,B,0.8769999742507935,0.8299999833106995,0.046999990940093994,0.046999990940093994
1313,7,full,0.8769999742507935,0.8740000128746033,0.0029999613761901855,0.0029999613761901855
1313,7,A,0.8610000014305115,0.8980000019073486,-0.03700000047683716,0.03700000047683716
1313,7,B,0.8930000066757202,0.8500000238418579,0.042999982833862305,0.042999982833862305
1313,8,full,0.8995000123977661,0.8899999856948853,0.00950002670288086,0.00950002670288086
1313,8,A,0.8999999761581421,0.9139999747276306,-0.013999998569488525,0.013999998569488525
1313,8,B,0.8989999890327454,0.8659999966621399,0.03299999237060547,0.03299999237060547
1313,9,full,0.9194999933242798,0.8949999809265137,0.024500012397766113,0.024500012397766113
1313,9,A,0.9279999732971191,0.9150000214576721,0.012999951839447021,0.012999951839447021
1313,9,B,0.9110000133514404,0.875,0.03600001335144043,0.03600001335144043
1313,10,full,0.9259999990463257,0.906000018119812,0.019999980926513672,0.019999980926513672
1313,10,A,0.9369999766349792,0.9240000247955322,0.012999951839447021,0.012999951839447021
1313,10,B,0.9150000214576721,0.8880000114440918,0.027000010013580322,0.027000010013580322
1313,11,full,0.9319999814033508,0.9125000238418579,0.01949995756149292,0.01949995756149292
1313,11,A,0.9390000104904175,0.9300000071525574,0.009000003337860107,0.009000003337860107
1313,11,B,0.925000011920929,0.8949999809265137,0.030000030994415283,0.030000030994415283
1313,12,full,0.934499979019165,0.9164999723434448,0.018000006675720215,0.018000006675720215
1313,12,A,0.9409999847412109,0.9359999895095825,0.004999995231628418,0.004999995231628418
1313,12,B,0.9279999732971191,0.8970000147819519,0.030999958515167236,0.030999958515167236
1313,13,full,0.9365000128746033,0.9175000190734863,0.018999993801116943,0.018999993801116943
1313,13,A,0.9430000185966492,0.9369999766349792,0.006000041961669922,0.006000041961669922
1313,13,B,0.9300000071525574,0.8980000019073486,0.03200000524520874,0.03200000524520874
1313,14,full,0.9399999976158142,0.921999990940094,0.018000006675720215,0.018000006675720215
1313,14,A,0.9459999799728394,0.9390000104904175,0.006999969482421875,0.006999969482421875
1313,14,B,0.9340000152587891,0.9049999713897705,0.029000043869018555,0.029000043869018555
1313,15,full,0.9430000185966492,0.9229999780654907,0.020000040531158447,0.020000040531158447
1313,15,A,0.9490000009536743,0.9409999847412109,0.008000016212463379,0.008000016212463379
1313,15,B,0.9369999766349792,0.9049999713897705,0.03200000524520874,0.03200000524520874
1313,16,full,0.9445000290870667,0.925000011920929,0.019500017166137695,0.019500017166137695
1313,16,A,0.9509999752044678,0.9419999718666077,0.009000003337860107,0.009000003337860107
1313,16,B,0.9380000233650208,0.9079999923706055,0.030000030994415283,0.030000030994415283
1313,17,full,0.9474999904632568,0.9259999990463257,0.021499991416931152,0.021499991416931152
1313,17,A,0.953000009059906,0.9430000185966492,0.009999990463256836,0.009999990463256836
1313,17,B,0.9419999718666077,0.9089999794960022,0.03299999237060547,0.03299999237060547
1313,18,full,0.9480000138282776,0.9279999732971191,0.020000040531158447,0.020000040531158447
1313,18,A,0.953000009059906,0.9430000185966492,0.009999990463256836,0.009999990463256836
1313,18,B,0.9430000185966492,0.9129999876022339,0.030000030994415283,0.030000030994415283
1313,19,full,0.9505000114440918,0.9290000200271606,0.021499991416931152,0.021499991416931152
1313,19,A,0.9570000171661377,0.9430000185966492,0.013999998569488525,0.013999998569488525
1313,19,B,0.9440000057220459,0.9150000214576721,0.02899998426437378,0.02899998426437378
1313,20,full,0.9520000219345093,0.9319999814033508,0.020000040531158447,0.020000040531158447
1313,20,A,0.9580000042915344,0.9480000138282776,0.009999990463256836,0.009999990463256836
1313,20,B,0.9459999799728394,0.9160000085830688,0.029999971389770508,0.029999971389770508
1414,1,full,0.3244999945163727,0.39800000190734863,-0.07350000739097595,0.07350000739097595
1414,1,A,0.33799999952316284,0.4659999907016754,-0.12799999117851257,0.12799999117851257
1414,1,B,0.3109999895095825,0.33000001311302185,-0.01900002360343933,0.01900002360343933
1414,2,full,0.5429999828338623,0.6489999890327454,-0.10600000619888306,0.10600000619888306
1414,2,A,0.6349999904632568,0.7829999923706055,-0.14800000190734863,0.14800000190734863
1414,2,B,0.45100000500679016,0.5149999856948853,-0.06399998068809509,0.06399998068809509
1414,3,full,0.7304999828338623,0.8009999990463257,-0.07050001621246338,0.07050001621246338
1414,3,A,0.8849999904632568,0.8840000033378601,0.0009999871253967285,0.0009999871253967285
1414,3,B,0.5759999752044678,0.7179999947547913,-0.1420000195503235,0.1420000195503235
1414,4,full,0.8080000281333923,0.8600000143051147,-0.05199998617172241,0.05199998617172241
1414,4,A,0.9309999942779541,0.9210000038146973,0.009999990463256836,0.009999990463256836
1414,4,B,0.6850000023841858,0.7990000247955322,-0.11400002241134644,0.11400002241134644
1414,5,full,0.8600000143051147,0.8880000114440918,-0.02799999713897705,0.02799999713897705
1414,5,A,0.9419999718666077,0.9340000152587891,0.007999956607818604,0.007999956607818604
1414,5,B,0.777999997138977,0.8420000076293945,-0.06400001049041748,0.06400001049041748
1414,6,full,0.8859999775886536,0.9024999737739563,-0.016499996185302734,0.016499996185302734
1414,6,A,0.9520000219345093,0.9440000057220459,0.008000016212463379,0.008000016212463379
1414,6,B,0.8199999928474426,0.8610000014305115,-0.04100000858306885,0.04100000858306885
1414,7,full,0.9004999995231628,0.9114999771118164,-0.010999977588653564,0.010999977588653564
1414,7,A,0.953000009059906,0.9490000009536743,0.0040000081062316895,0.0040000081062316895
1414,7,B,0.8479999899864197,0.8740000128746033,-0.026000022888183594,0.026000022888183594
1414,8,full,0.9185000061988831,0.9185000061988831,0.0,0.0
1414,8,A,0.9599999785423279,0.9520000219345093,0.007999956607818604,0.007999956607818604
1414,8,B,0.8769999742507935,0.8849999904632568,-0.008000016212463379,0.008000016212463379
1414,9,full,0.9275000095367432,0.9269999861717224,0.000500023365020752,0.000500023365020752
1414,9,A,0.9639999866485596,0.9559999704360962,0.008000016212463379,0.008000016212463379
1414,9,B,0.890999972820282,0.8980000019073486,-0.00700002908706665,0.00700002908706665
1414,10,full,0.9325000047683716,0.9304999709129333,0.0020000338554382324,0.0020000338554382324
1414,10,A,0.9670000076293945,0.9580000042915344,0.009000003337860107,0.009000003337860107
1414,10,B,0.8980000019073486,0.902999997138977,-0.004999995231628418,0.004999995231628418
1414,11,full,0.9369999766349792,0.9334999918937683,0.0034999847412109375,0.0034999847412109375
1414,11,A,0.968999981880188,0.9599999785423279,0.009000003337860107,0.009000003337860107
1414,11,B,0.9049999713897705,0.9070000052452087,-0.0020000338554382324,0.0020000338554382324
1414,12,full,0.9419999718666077,0.9359999895095825,0.0059999823570251465,0.0059999823570251465
1414,12,A,0.9700000286102295,0.9620000123977661,0.008000016212463379,0.008000016212463379
1414,12,B,0.9139999747276306,0.9100000262260437,0.003999948501586914,0.003999948501586914
1414,13,full,0.9480000138282776,0.9415000081062317,0.0065000057220458984,0.0065000057220458984
1414,13,A,0.9710000157356262,0.9649999737739563,0.006000041961669922,0.006000041961669922
1414,13,B,0.925000011920929,0.9179999828338623,0.00700002908706665,0.00700002908706665
1414,14,full,0.949999988079071,0.9424999952316284,0.007499992847442627,0.007499992847442627
1414,14,A,0.9700000286102295,0.9649999737739563,0.005000054836273193,0.005000054836273193
1414,14,B,0.9300000071525574,0.9200000166893005,0.009999990463256836,0.009999990463256836
1414,15,full,0.9520000219345093,0.9449999928474426,0.00700002908706665,0.00700002908706665
1414,15,A,0.9710000157356262,0.9670000076293945,0.0040000081062316895,0.0040000081062316895
1414,15,B,0.9330000281333923,0.9229999780654907,0.010000050067901611,0.010000050067901611
1414,16,full,0.9524999856948853,0.9455000162124634,0.006999969482421875,0.006999969482421875
1414,16,A,0.9710000157356262,0.9670000076293945,0.0040000081062316895,0.0040000081062316895
1414,16,B,0.9340000152587891,0.9240000247955322,0.009999990463256836,0.009999990463256836
1414,17,full,0.9539999961853027,0.9470000267028809,0.006999969482421875,0.006999969482421875
1414,17,A,0.972000002861023,0.9679999947547913,0.0040000081062316895,0.0040000081062316895
1414,17,B,0.9359999895095825,0.9259999990463257,0.009999990463256836,0.009999990463256836
1414,18,full,0.9539999961853027,0.9480000138282776,0.0059999823570251465,0.0059999823570251465
1414,18,A,0.972000002861023,0.968999981880188,0.003000020980834961,0.003000020980834961
1414,18,B,0.9359999895095825,0.9269999861717224,0.009000003337860107,0.009000003337860107
1414,19,full,0.9559999704360962,0.9495000243186951,0.006499946117401123,0.006499946117401123
1414,19,A,0.9739999771118164,0.9710000157356262,0.0029999613761901855,0.0029999613761901855
1414,19,B,0.9380000233650208,0.9279999732971191,0.010000050067901611,0.010000050067901611
1414,20,full,0.9564999938011169,0.949999988079071,0.0065000057220458984,0.0065000057220458984
1414,20,A,0.9739999771118164,0.9710000157356262,0.0029999613761901855,0.0029999613761901855
1414,20,B,0.9390000104904175,0.9290000200271606,0.009999990463256836,0.009999990463256836
1515,1,full,0.24449999630451202,0.17299999296665192,0.07150000333786011,0.07150000333786011
1515,1,A,0.4480000138282776,0.0989999994635582,0.3490000143647194,0.3490000143647194
1515,1,B,0.04100000113248825,0.24699999392032623,-0.20599999278783798,0.20599999278783798
1515,2,full,0.3720000088214874,0.36800000071525574,0.0040000081062316895,0.0040000081062316895
1515,2,A,0.5609999895095825,0.31200000643730164,0.24899998307228088,0.24899998307228088
1515,2,B,0.18299999833106995,0.42399999499320984,-0.2409999966621399,0.2409999966621399
1515,3,full,0.5849999785423279,0.5170000195503235,0.0679999589920044,0.0679999589920044
1515,3,A,0.6779999732971191,0.5329999923706055,0.14499998092651367,0.14499998092651367
1515,3,B,0.492000013589859,0.5009999871253967,-0.00899997353553772,0.00899997353553772
1515,4,full,0.7105000019073486,0.5995000004768372,0.11100000143051147,0.11100000143051147
1515,4,A,0.7459999918937683,0.6340000033378601,0.1119999885559082,0.1119999885559082
1515,4,B,0.675000011920929,0.5649999976158142,0.11000001430511475,0.11000001430511475
1515,5,full,0.7705000042915344,0.6474999785423279,0.12300002574920654,0.12300002574920654
1515,5,A,0.7850000262260437,0.6859999895095825,0.09900003671646118,0.09900003671646118
1515,5,B,0.7559999823570251,0.609000027179718,0.14699995517730713,0.14699995517730713
1515,6,full,0.8180000185966492,0.7009999752044678,0.1170000433921814,0.1170000433921814
1515,6,A,0.8399999737739563,0.7419999837875366,0.09799998998641968,0.09799998998641968
1515,6,B,0.7960000038146973,0.6600000262260437,0.13599997758865356,0.13599997758865356
1515,7,full,0.8485000133514404,0.7515000104904175,0.09700000286102295,0.09700000286102295
1515,7,A,0.871999979019165,0.8009999990463257,0.07099997997283936,0.07099997997283936
1515,7,B,0.824999988079071,0.7020000219345093,0.12299996614456177,0.12299996614456177
1515,8,full,0.871999979019165,0.7944999933242798,0.07749998569488525,0.07749998569488525
1515,8,A,0.8949999809265137,0.8579999804496765,0.03700000047683716,0.03700000047683716
1515,8,B,0.8489999771118164,0.7310000061988831,0.11799997091293335,0.11799997091293335
1515,9,full,0.8880000114440918,0.8224999904632568,0.06550002098083496,0.06550002098083496
1515,9,A,0.9139999747276306,0.8859999775886536,0.02799999713897705,0.02799999713897705
1515,9,B,0.8619999885559082,0.7590000033378601,0.1029999852180481,0.1029999852180481
1515,10,full,0.9024999737739563,0.8389999866485596,0.06349998712539673,0.06349998712539673
1515,10,A,0.9309999942779541,0.8970000147819519,0.0339999794960022,0.0339999794960022
1515,10,B,0.8740000128746033,0.781000018119812,0.09299999475479126,0.09299999475479126
1515,11,full,0.9175000190734863,0.8475000262260437,0.06999999284744263,0.06999999284744263
1515,11,A,0.9440000057220459,0.9070000052452087,0.03700000047683716,0.03700000047683716
1515,11,B,0.890999972820282,0.7879999876022339,0.1029999852180481,0.1029999852180481
1515,12,full,0.925000011920929,0.859000027179718,0.06599998474121094,0.06599998474121094
1515,12,A,0.9509999752044678,0.9169999957084656,0.0339999794960022,0.0339999794960022
1515,12,B,0.8989999890327454,0.8009999990463257,0.09799998998641968,0.09799998998641968
1515,13,full,0.9330000281333923,0.8650000095367432,0.06800001859664917,0.06800001859664917
1515,13,A,0.9549999833106995,0.9229999780654907,0.03200000524520874,0.03200000524520874
1515,13,B,0.9110000133514404,0.8069999814033508,0.1040000319480896,0.1040000319480896
1515,14,full,0.9340000152587891,0.8705000281333923,0.06349998712539673,0.06349998712539673
1515,14,A,0.9559999704360962,0.9279999732971191,0.02799999713897705,0.02799999713897705
1515,14,B,0.9120000004768372,0.8130000233650208,0.0989999771118164,0.0989999771118164
1515,15,full,0.9394999742507935,0.8769999742507935,0.0625,0.0625
1515,15,A,0.9559999704360962,0.9309999942779541,0.02499997615814209,0.02499997615814209
1515,15,B,0.9229999780654907,0.8230000138282776,0.09999996423721313,0.09999996423721313
1515,16,full,0.9415000081062317,0.8815000057220459,0.06000000238418579,0.06000000238418579
1515,16,A,0.9580000042915344,0.9330000281333923,0.02499997615814209,0.02499997615814209
1515,16,B,0.925000011920929,0.8299999833106995,0.09500002861022949,0.09500002861022949
1515,17,full,0.9440000057220459,0.8865000009536743,0.05750000476837158,0.05750000476837158
1515,17,A,0.9589999914169312,0.9350000023841858,0.02399998903274536,0.02399998903274536
1515,17,B,0.9290000200271606,0.8379999995231628,0.0910000205039978,0.0910000205039978
1515,18,full,0.9449999928474426,0.890500009059906,0.05449998378753662,0.05449998378753662
1515,18,A,0.9589999914169312,0.9380000233650208,0.0209999680519104,0.0209999680519104
1515,18,B,0.9309999942779541,0.8429999947547913,0.08799999952316284,0.08799999952316284
1515,19,full,0.9465000033378601,0.8945000171661377,0.05199998617172241,0.05199998617172241
1515,19,A,0.9599999785423279,0.9380000233650208,0.02199995517730713,0.02199995517730713
1515,19,B,0.9330000281333923,0.8510000109672546,0.0820000171661377,0.0820000171661377
1515,20,full,0.949999988079071,0.8964999914169312,0.05349999666213989,0.05349999666213989
1515,20,A,0.9639999866485596,0.9390000104904175,0.02499997615814209,0.02499997615814209
1515,20,B,0.9359999895095825,0.8539999723434448,0.0820000171661377,0.0820000171661377
1616,1,full,0.25850000977516174,0.2944999933242798,-0.03599998354911804,0.03599998354911804
1616,1,A,0.2800000011920929,0.25,0.030000001192092896,0.030000001192092896
1616,1,B,0.2370000034570694,0.33899998664855957,-0.10199998319149017,0.10199998319149017
1616,2,full,0.4634999930858612,0.4964999854564667,-0.03299999237060547,0.03299999237060547
1616,2,A,0.5619999766349792,0.5009999871253967,0.06099998950958252,0.06099998950958252
1616,2,B,0.36500000953674316,0.492000013589859,-0.12700000405311584,0.12700000405311584
1616,3,full,0.6240000128746033,0.6779999732971191,-0.05399996042251587,0.05399996042251587
1616,3,A,0.7300000190734863,0.6899999976158142,0.04000002145767212,0.04000002145767212
1616,3,B,0.5180000066757202,0.6660000085830688,-0.14800000190734863,0.14800000190734863
1616,4,full,0.765500009059906,0.781000018119812,-0.015500009059906006,0.015500009059906006
1616,4,A,0.8330000042915344,0.8100000023841858,0.023000001907348633,0.023000001907348633
1616,4,B,0.6980000138282776,0.7519999742507935,-0.05399996042251587,0.05399996042251587
1616,5,full,0.8550000190734863,0.8264999985694885,0.028500020503997803,0.028500020503997803
1616,5,A,0.8889999985694885,0.8539999723434448,0.0350000262260437,0.0350000262260437
1616,5,B,0.8209999799728394,0.7990000247955322,0.02199995517730713,0.02199995517730713
1616,6,full,0.8930000066757202,0.8485000133514404,0.044499993324279785,0.044499993324279785
1616,6,A,0.9190000295639038,0.871999979019165,0.04700005054473877,0.04700005054473877
1616,6,B,0.8669999837875366,0.824999988079071,0.041999995708465576,0.041999995708465576
1616,7,full,0.9104999899864197,0.859000027179718,0.05149996280670166,0.05149996280670166
1616,7,A,0.9330000281333923,0.8859999775886536,0.04700005054473877,0.04700005054473877
1616,7,B,0.8880000114440918,0.8320000171661377,0.0559999942779541,0.0559999942779541
1616,8,full,0.9175000190734863,0.8684999942779541,0.04900002479553223,0.04900002479553223
1616,8,A,0.9390000104904175,0.8930000066757202,0.046000003814697266,0.046000003814697266
1616,8,B,0.8960000276565552,0.843999981880188,0.05200004577636719,0.05200004577636719
1616,9,full,0.9254999756813049,0.8765000104904175,0.04899996519088745,0.04899996519088745
1616,9,A,0.9459999799728394,0.9020000100135803,0.04399996995925903,0.04399996995925903
1616,9,B,0.9049999713897705,0.8510000109672546,0.05399996042251587,0.05399996042251587
1616,10,full,0.9334999918937683,0.8834999799728394,0.050000011920928955,0.050000011920928955
1616,10,A,0.949999988079071,0.9089999794960022,0.04100000858306885,0.04100000858306885
1616,10,B,0.9169999957084656,0.8579999804496765,0.05900001525878906,0.05900001525878906
1616,11,full,0.9384999871253967,0.8884999752044678,0.050000011920928955,0.050000011920928955
1616,11,A,0.9559999704360962,0.9150000214576721,0.04099994897842407,0.04099994897842407
1616,11,B,0.9210000038146973,0.8619999885559082,0.05900001525878906,0.05900001525878906
1616,12,full,0.9445000290870667,0.8934999704360962,0.05100005865097046,0.05100005865097046
1616,12,A,0.9599999785423279,0.9210000038146973,0.038999974727630615,0.038999974727630615
1616,12,B,0.9290000200271606,0.8659999966621399,0.06300002336502075,0.06300002336502075
1616,13,full,0.9465000033378601,0.8970000147819519,0.0494999885559082,0.0494999885559082
1616,13,A,0.9610000252723694,0.9240000247955322,0.03700000047683716,0.03700000047683716
1616,13,B,0.9319999814033508,0.8700000047683716,0.06199997663497925,0.06199997663497925
1616,14,full,0.9495000243186951,0.8999999761581421,0.04950004816055298,0.04950004816055298
1616,14,A,0.9639999866485596,0.9269999861717224,0.03700000047683716,0.03700000047683716
1616,14,B,0.9350000023841858,0.8730000257492065,0.06199997663497925,0.06199997663497925
1616,15,full,0.9495000243186951,0.9024999737739563,0.04700005054473877,0.04700005054473877
1616,15,A,0.9649999737739563,0.9290000200271606,0.035999953746795654,0.035999953746795654
1616,15,B,0.9340000152587891,0.8759999871253967,0.058000028133392334,0.058000028133392334
1616,16,full,0.9505000114440918,0.9054999947547913,0.04500001668930054,0.04500001668930054
1616,16,A,0.9660000205039978,0.9330000281333923,0.03299999237060547,0.03299999237060547
1616,16,B,0.9350000023841858,0.878000020980835,0.05699998140335083,0.05699998140335083
1616,17,full,0.9520000219345093,0.906000018119812,0.046000003814697266,0.046000003814697266
1616,17,A,0.9670000076293945,0.9330000281333923,0.0339999794960022,0.0339999794960022
1616,17,B,0.9369999766349792,0.8790000081062317,0.05799996852874756,0.05799996852874756
1616,18,full,0.9524999856948853,0.9079999923706055,0.044499993324279785,0.044499993324279785
1616,18,A,0.9670000076293945,0.9330000281333923,0.0339999794960022,0.0339999794960022
1616,18,B,0.9380000233650208,0.8830000162124634,0.05500000715255737,0.05500000715255737
1616,19,full,0.9539999961853027,0.9110000133514404,0.042999982833862305,0.042999982833862305
1616,19,A,0.9670000076293945,0.9369999766349792,0.030000030994415283,0.030000030994415283
1616,19,B,0.9409999847412109,0.8849999904632568,0.0559999942779541,0.0559999942779541
1616,20,full,0.9545000195503235,0.9129999876022339,0.0415000319480896,0.0415000319480896
1616,20,A,0.9670000076293945,0.9380000233650208,0.02899998426437378,0.02899998426437378
1616,20,B,0.9419999718666077,0.8880000114440918,0.05399996042251587,0.05399996042251587
1717,1,full,0.25850000977516174,0.29499998688697815,-0.036499977111816406,0.036499977111816406
1717,1,A,0.3089999854564667,0.21899999678134918,0.08999998867511749,0.08999998867511749
1717,1,B,0.20800000429153442,0.3709999918937683,-0.1629999876022339,0.1629999876022339
1717,2,full,0.4729999899864197,0.5245000123977661,-0.051500022411346436,0.051500022411346436
1717,2,A,0.5950000286102295,0.4740000069141388,0.1210000216960907,0.1210000216960907
1717,2,B,0.35100001096725464,0.574999988079071,-0.2239999771118164,0.2239999771118164
1717,3,full,0.625,0.6629999876022339,-0.03799998760223389,0.03799998760223389
1717,3,A,0.7570000290870667,0.5929999947547913,0.1640000343322754,0.1640000343322754
1717,3,B,0.49300000071525574,0.7329999804496765,-0.23999997973442078,0.23999997973442078
1717,4,full,0.7105000019073486,0.7440000176429749,-0.03350001573562622,0.03350001573562622
1717,4,A,0.8389999866485596,0.6690000295639038,0.16999995708465576,0.16999995708465576
1717,4,B,0.5820000171661377,0.8190000057220459,-0.2369999885559082,0.2369999885559082
1717,5,full,0.7649999856948853,0.8069999814033508,-0.041999995708465576,0.041999995708465576
1717,5,A,0.8849999904632568,0.7699999809265137,0.11500000953674316,0.11500000953674316
1717,5,B,0.6449999809265137,0.843999981880188,-0.19900000095367432,0.19900000095367432
1717,6,full,0.7950000166893005,0.8725000023841858,-0.07749998569488525,0.07749998569488525
1717,6,A,0.9100000262260437,0.8859999775886536,0.024000048637390137,0.024000048637390137
1717,6,B,0.6800000071525574,0.859000027179718,-0.17900002002716064,0.17900002002716064
1717,7,full,0.8165000081062317,0.8939999938011169,-0.07749998569488525,0.07749998569488525
1717,7,A,0.9269999861717224,0.9129999876022339,0.013999998569488525,0.013999998569488525
1717,7,B,0.7059999704360962,0.875,-0.1690000295639038,0.1690000295639038
1717,8,full,0.8370000123977661,0.8999999761581421,-0.06299996376037598,0.06299996376037598
1717,8,A,0.9380000233650208,0.9179999828338623,0.020000040531158447,0.020000040531158447
1717,8,B,0.7360000014305115,0.8820000290870667,-0.14600002765655518,0.14600002765655518
1717,9,full,0.8519999980926514,0.906000018119812,-0.054000020027160645,0.054000020027160645
1717,9,A,0.9470000267028809,0.9259999990463257,0.021000027656555176,0.021000027656555176
1717,9,B,0.7570000290870667,0.8859999775886536,-0.12899994850158691,0.12899994850158691
1717,10,full,0.8650000095367432,0.9135000109672546,-0.048500001430511475,0.048500001430511475
1717,10,A,0.953000009059906,0.9359999895095825,0.017000019550323486,0.017000019550323486
1717,10,B,0.7770000100135803,0.890999972820282,-0.11399996280670166,0.11399996280670166
1717,11,full,0.878000020980835,0.9200000166893005,-0.041999995708465576,0.041999995708465576
1717,11,A,0.9539999961853027,0.9440000057220459,0.009999990463256836,0.009999990463256836
1717,11,B,0.8019999861717224,0.8960000276565552,-0.09400004148483276,0.09400004148483276
1717,12,full,0.8845000267028809,0.9240000247955322,-0.03949999809265137,0.03949999809265137
1717,12,A,0.9539999961853027,0.9470000267028809,0.006999969482421875,0.006999969482421875
1717,12,B,0.8149999976158142,0.9010000228881836,-0.08600002527236938,0.08600002527236938
1717,13,full,0.8924999833106995,0.9279999732971191,-0.03549998998641968,0.03549998998641968
1717,13,A,0.9559999704360962,0.9520000219345093,0.003999948501586914,0.003999948501586914
1717,13,B,0.8289999961853027,0.9039999842643738,-0.07499998807907104,0.07499998807907104
1717,14,full,0.8974999785423279,0.9315000176429749,-0.03400003910064697,0.03400003910064697
1717,14,A,0.9559999704360962,0.9549999833106995,0.0009999871253967285,0.0009999871253967285
1717,14,B,0.8389999866485596,0.9079999923706055,-0.0690000057220459,0.0690000057220459
1717,15,full,0.9010000228881836,0.9319999814033508,-0.030999958515167236,0.030999958515167236
1717,15,A,0.9570000171661377,0.9559999704360962,0.001000046730041504,0.001000046730041504
1717,15,B,0.8450000286102295,0.9079999923706055,-0.06299996376037598,0.06299996376037598
1717,16,full,0.906499981880188,0.9350000023841858,-0.028500020503997803,0.028500020503997803
1717,16,A,0.9599999785423279,0.9580000042915344,0.001999974250793457,0.001999974250793457
1717,16,B,0.8529999852180481,0.9120000004768372,-0.05900001525878906,0.05900001525878906
1717,17,full,0.9114999771118164,0.9369999766349792,-0.025499999523162842,0.025499999523162842
1717,17,A,0.9599999785423279,0.9599999785423279,0.0,0.0
1717,17,B,0.8629999756813049,0.9139999747276306,-0.050999999046325684,0.050999999046325684
1717,18,full,0.9154999852180481,0.9390000104904175,-0.023500025272369385,0.023500025272369385
1717,18,A,0.9599999785423279,0.9610000252723694,-0.001000046730041504,0.001000046730041504
1717,18,B,0.8709999918937683,0.9169999957084656,-0.046000003814697266,0.046000003814697266
1717,19,full,0.9179999828338623,0.940500020980835,-0.022500038146972656,0.022500038146972656
1717,19,A,0.9620000123977661,0.9610000252723694,0.0009999871253967285,0.0009999871253967285
1717,19,B,0.8740000128746033,0.9200000166893005,-0.046000003814697266,0.046000003814697266
1717,20,full,0.9200000166893005,0.9415000081062317,-0.021499991416931152,0.021499991416931152
1717,20,A,0.9620000123977661,0.9610000252723694,0.0009999871253967285,0.0009999871253967285
1717,20,B,0.878000020980835,0.921999990940094,-0.04399996995925903,0.04399996995925903
1818,1,full,0.22949999570846558,0.21799999475479126,0.011500000953674316,0.011500000953674316
1818,1,A,0.33000001311302185,0.38999998569488525,-0.0599999725818634,0.0599999725818634
1818,1,B,0.1289999932050705,0.04600000008940697,0.08299999311566353,0.08299999311566353
1818,2,full,0.39500001072883606,0.49900001287460327,-0.10400000214576721,0.10400000214576721
1818,2,A,0.5360000133514404,0.6919999718666077,-0.15599995851516724,0.15599995851516724
1818,2,B,0.2540000081062317,0.3059999942779541,-0.05199998617172241,0.05199998617172241
1818,3,full,0.5429999828338623,0.7135000228881836,-0.1705000400543213,0.1705000400543213
1818,3,A,0.7170000076293945,0.8600000143051147,-0.14300000667572021,0.14300000667572021
1818,3,B,0.36899998784065247,0.5669999718666077,-0.1979999840259552,0.1979999840259552
1818,4,full,0.6549999713897705,0.8320000171661377,-0.1770000457763672,0.1770000457763672
1818,4,A,0.828000009059906,0.9200000166893005,-0.09200000762939453,0.09200000762939453
1818,4,B,0.4819999933242798,0.7440000176429749,-0.26200002431869507,0.26200002431869507
1818,5,full,0.7319999933242798,0.8895000219345093,-0.1575000286102295,0.1575000286102295
1818,5,A,0.8809999823570251,0.9449999928474426,-0.06400001049041748,0.06400001049041748
1818,5,B,0.5830000042915344,0.8339999914169312,-0.25099998712539673,0.25099998712539673
1818,6,full,0.7925000190734863,0.9169999957084656,-0.12449997663497925,0.12449997663497925
1818,6,A,0.9139999747276306,0.9570000171661377,-0.04300004243850708,0.04300004243850708
1818,6,B,0.6710000038146973,0.8769999742507935,-0.2059999704360962,0.2059999704360962
1818,7,full,0.8299999833106995,0.9300000071525574,-0.10000002384185791,0.10000002384185791
1818,7,A,0.9269999861717224,0.9580000042915344,-0.03100001811981201,0.03100001811981201
1818,7,B,0.7329999804496765,0.9020000100135803,-0.1690000295639038,0.1690000295639038
1818,8,full,0.8539999723434448,0.9375,-0.08350002765655518,0.08350002765655518
1818,8,A,0.9369999766349792,0.9639999866485596,-0.027000010013580322,0.027000010013580322
1818,8,B,0.7710000276565552,0.9110000133514404,-0.13999998569488525,0.13999998569488525
1818,9,full,0.8740000128746033,0.9415000081062317,-0.06749999523162842,0.06749999523162842
1818,9,A,0.9449999928474426,0.9660000205039978,-0.021000027656555176,0.021000027656555176
1818,9,B,0.8029999732971191,0.9169999957084656,-0.11400002241134644,0.11400002241134644
1818,10,full,0.8899999856948853,0.9449999928474426,-0.05500000715255737,0.05500000715255737
1818,10,A,0.9470000267028809,0.9660000205039978,-0.018999993801116943,0.018999993801116943
1818,10,B,0.8330000042915344,0.9240000247955322,-0.0910000205039978,0.0910000205039978
1818,11,full,0.9035000205039978,0.9470000267028809,-0.04350000619888306,0.04350000619888306
1818,11,A,0.9539999961853027,0.9679999947547913,-0.013999998569488525,0.013999998569488525
1818,11,B,0.8529999852180481,0.9259999990463257,-0.07300001382827759,0.07300001382827759
1818,12,full,0.9135000109672546,0.9474999904632568,-0.0339999794960022,0.0339999794960022
1818,12,A,0.9599999785423279,0.968999981880188,-0.009000003337860107,0.009000003337860107
1818,12,B,0.8669999837875366,0.9259999990463257,-0.05900001525878906,0.05900001525878906
1818,13,full,0.9210000038146973,0.9490000009536743,-0.02799999713897705,0.02799999713897705
1818,13,A,0.9620000123977661,0.9700000286102295,-0.008000016212463379,0.008000016212463379
1818,13,B,0.8799999952316284,0.9279999732971191,-0.04799997806549072,0.04799997806549072
1818,14,full,0.9259999990463257,0.9495000243186951,-0.023500025272369385,0.023500025272369385
1818,14,A,0.9639999866485596,0.9700000286102295,-0.006000041961669922,0.006000041961669922
1818,14,B,0.8880000114440918,0.9290000200271606,-0.04100000858306885,0.04100000858306885
1818,15,full,0.9284999966621399,0.9514999985694885,-0.023000001907348633,0.023000001907348633
1818,15,A,0.9649999737739563,0.9710000157356262,-0.006000041961669922,0.006000041961669922
1818,15,B,0.8920000195503235,0.9319999814033508,-0.039999961853027344,0.039999961853027344
1818,16,full,0.9330000281333923,0.9524999856948853,-0.01949995756149292,0.01949995756149292
1818,16,A,0.9660000205039978,0.972000002861023,-0.0059999823570251465,0.0059999823570251465
1818,16,B,0.8999999761581421,0.9330000281333923,-0.033000051975250244,0.033000051975250244
1818,17,full,0.9365000128746033,0.9524999856948853,-0.015999972820281982,0.015999972820281982
1818,17,A,0.9670000076293945,0.972000002861023,-0.004999995231628418,0.004999995231628418
1818,17,B,0.906000018119812,0.9330000281333923,-0.027000010013580322,0.027000010013580322
1818,18,full,0.940500020980835,0.953499972820282,-0.012999951839447021,0.012999951839447021
1818,18,A,0.9679999947547913,0.9729999899864197,-0.004999995231628418,0.004999995231628418
1818,18,B,0.9129999876022339,0.9340000152587891,-0.021000027656555176,0.021000027656555176
1818,19,full,0.9440000057220459,0.9545000195503235,-0.010500013828277588,0.010500013828277588
1818,19,A,0.968999981880188,0.9739999771118164,-0.004999995231628418,0.004999995231628418
1818,19,B,0.9190000295639038,0.9350000023841858,-0.015999972820281982,0.015999972820281982
1818,20,full,0.9455000162124634,0.9545000195503235,-0.009000003337860107,0.009000003337860107
1818,20,A,0.968999981880188,0.9739999771118164,-0.004999995231628418,0.004999995231628418
1818,20,B,0.921999990940094,0.9350000023841858,-0.013000011444091797,0.013000011444091797
1919,1,full,0.3440000116825104,0.37049999833106995,-0.02649998664855957,0.02649998664855957
1919,1,A,0.5099999904632568,0.6850000023841858,-0.17500001192092896,0.17500001192092896
1919,1,B,0.17800000309944153,0.0560000017285347,0.12200000137090683,0.12200000137090683
1919,2,full,0.5440000295639038,0.5630000233650208,-0.018999993801116943,0.018999993801116943
1919,2,A,0.7149999737739563,0.7929999828338623,-0.078000009059906,0.078000009059906
1919,2,B,0.37299999594688416,0.3330000042915344,0.03999999165534973,0.03999999165534973
1919,3,full,0.6980000138282776,0.7239999771118164,-0.02599996328353882,0.02599996328353882
1919,3,A,0.8389999866485596,0.8550000190734863,-0.016000032424926758,0.016000032424926758
1919,3,B,0.5569999814033508,0.5929999947547913,-0.03600001335144043,0.03600001335144043
1919,4,full,0.7764999866485596,0.8240000009536743,-0.047500014305114746,0.047500014305114746
1919,4,A,0.8849999904632568,0.8989999890327454,-0.013999998569488525,0.013999998569488525
1919,4,B,0.6679999828338623,0.7490000128746033,-0.08100003004074097,0.08100003004074097
1919,5,full,0.8190000057220459,0.871999979019165,-0.05299997329711914,0.05299997329711914
1919,5,A,0.9100000262260437,0.9279999732971191,-0.01799994707107544,0.01799994707107544
1919,5,B,0.7279999852180481,0.8159999847412109,-0.08799999952316284,0.08799999952316284
1919,6,full,0.8475000262260437,0.8945000171661377,-0.046999990940093994,0.046999990940093994
1919,6,A,0.9300000071525574,0.9390000104904175,-0.009000003337860107,0.009000003337860107
1919,6,B,0.7649999856948853,0.8500000238418579,-0.08500003814697266,0.08500003814697266
1919,7,full,0.8650000095367432,0.9110000133514404,-0.046000003814697266,0.046000003814697266
1919,7,A,0.9359999895095825,0.9440000057220459,-0.008000016212463379,0.008000016212463379
1919,7,B,0.7940000295639038,0.878000020980835,-0.08399999141693115,0.08399999141693115
1919,8,full,0.8734999895095825,0.9179999828338623,-0.044499993324279785,0.044499993324279785
1919,8,A,0.9380000233650208,0.9490000009536743,-0.010999977588653564,0.010999977588653564
1919,8,B,0.8090000152587891,0.8870000243186951,-0.078000009059906,0.078000009059906
1919,9,full,0.8840000033378601,0.9254999756813049,-0.041499972343444824,0.041499972343444824
1919,9,A,0.9440000057220459,0.9490000009536743,-0.004999995231628418,0.004999995231628418
1919,9,B,0.8240000009536743,0.9020000100135803,-0.078000009059906,0.078000009059906
1919,10,full,0.890500009059906,0.9290000200271606,-0.03850001096725464,0.03850001096725464
1919,10,A,0.9459999799728394,0.9520000219345093,-0.006000041961669922,0.006000041961669922
1919,10,B,0.8349999785423279,0.906000018119812,-0.07100003957748413,0.07100003957748413
1919,11,full,0.8995000123977661,0.9355000257492065,-0.03600001335144043,0.03600001335144043
1919,11,A,0.949999988079071,0.9580000042915344,-0.008000016212463379,0.008000016212463379
1919,11,B,0.8489999771118164,0.9129999876022339,-0.06400001049041748,0.06400001049041748
1919,12,full,0.9024999737739563,0.9390000104904175,-0.03650003671646118,0.03650003671646118
1919,12,A,0.9520000219345093,0.9570000171661377,-0.004999995231628418,0.004999995231628418
1919,12,B,0.8529999852180481,0.9210000038146973,-0.06800001859664917,0.06800001859664917
1919,13,full,0.9054999947547913,0.940500020980835,-0.0350000262260437,0.0350000262260437
1919,13,A,0.9509999752044678,0.9589999914169312,-0.008000016212463379,0.008000016212463379
1919,13,B,0.8600000143051147,0.921999990940094,-0.06199997663497925,0.06199997663497925
1919,14,full,0.9085000157356262,0.9430000185966492,-0.03450000286102295,0.03450000286102295
1919,14,A,0.9509999752044678,0.9589999914169312,-0.008000016212463379,0.008000016212463379
1919,14,B,0.8659999966621399,0.9269999861717224,-0.06099998950958252,0.06099998950958252
1919,15,full,0.9110000133514404,0.9465000033378601,-0.03549998998641968,0.03549998998641968
1919,15,A,0.9509999752044678,0.9620000123977661,-0.01100003719329834,0.01100003719329834
1919,15,B,0.8709999918937683,0.9309999942779541,-0.06000000238418579,0.06000000238418579
1919,16,full,0.9135000109672546,0.9465000033378601,-0.03299999237060547,0.03299999237060547
1919,16,A,0.9520000219345093,0.9620000123977661,-0.009999990463256836,0.009999990463256836
1919,16,B,0.875,0.9309999942779541,-0.0559999942779541,0.0559999942779541
1919,17,full,0.9144999980926514,0.9465000033378601,-0.03200000524520874,0.03200000524520874
1919,17,A,0.9520000219345093,0.9620000123977661,-0.009999990463256836,0.009999990463256836
1919,17,B,0.8769999742507935,0.9309999942779541,-0.054000020027160645,0.054000020027160645
1919,18,full,0.9154999852180481,0.9474999904632568,-0.03200000524520874,0.03200000524520874
1919,18,A,0.9520000219345093,0.9610000252723694,-0.009000003337860107,0.009000003337860107
1919,18,B,0.8790000081062317,0.9340000152587891,-0.05500000715255737,0.05500000715255737
1919,19,full,0.9175000190734863,0.9490000009536743,-0.03149998188018799,0.03149998188018799
1919,19,A,0.9520000219345093,0.9620000123977661,-0.009999990463256836,0.009999990463256836
1919,19,B,0.8830000162124634,0.9359999895095825,-0.05299997329711914,0.05299997329711914
1919,20,full,0.9194999933242798,0.949999988079071,-0.03049999475479126,0.03049999475479126
1919,20,A,0.9509999752044678,0.9620000123977661,-0.01100003719329834,0.01100003719329834
1919,20,B,0.8880000114440918,0.9380000233650208,-0.050000011920928955,0.050000011920928955
2020,1,full,0.4154999852180481,0.36550000309944153,0.04999998211860657,0.04999998211860657
2020,1,A,0.5170000195503235,0.36899998784065247,0.14800003170967102,0.14800003170967102
2020,1,B,0.3140000104904175,0.3619999885559082,-0.04799997806549072,0.04799997806549072
2020,2,full,0.5914999842643738,0.5619999766349792,0.02950000762939453,0.02950000762939453
2020,2,A,0.671999990940094,0.49300000071525574,0.17899999022483826,0.17899999022483826
2020,2,B,0.5109999775886536,0.6309999823570251,-0.12000000476837158,0.12000000476837158
2020,3,full,0.7024999856948853,0.7279999852180481,-0.025499999523162842,0.025499999523162842
2020,3,A,0.7929999828338623,0.675000011920929,0.11799997091293335,0.11799997091293335
2020,3,B,0.6119999885559082,0.781000018119812,-0.1690000295639038,0.1690000295639038
2020,4,full,0.7730000019073486,0.796500027179718,-0.023500025272369385,0.023500025272369385
2020,4,A,0.8519999980926514,0.7480000257492065,0.10399997234344482,0.10399997234344482
2020,4,B,0.6940000057220459,0.8450000286102295,-0.1510000228881836,0.1510000228881836
2020,5,full,0.8274999856948853,0.8379999995231628,-0.010500013828277588,0.010500013828277588
2020,5,A,0.8949999809265137,0.8009999990463257,0.09399998188018799,0.09399998188018799
2020,5,B,0.7599999904632568,0.875,-0.11500000953674316,0.11500000953674316
2020,6,full,0.8600000143051147,0.8604999780654907,-0.0004999637603759766,0.0004999637603759766
2020,6,A,0.9120000004768372,0.8379999995231628,0.07400000095367432,0.07400000095367432
2020,6,B,0.8080000281333923,0.8830000162124634,-0.07499998807907104,0.07499998807907104
2020,7,full,0.8805000185966492,0.8845000267028809,-0.0040000081062316895,0.0040000081062316895
2020,7,A,0.9259999990463257,0.8650000095367432,0.06099998950958252,0.06099998950958252
2020,7,B,0.8349999785423279,0.9039999842643738,-0.0690000057220459,0.0690000057220459
2020,8,full,0.8960000276565552,0.8964999914169312,-0.0004999637603759766,0.0004999637603759766
2020,8,A,0.9380000233650208,0.8820000290870667,0.0559999942779541,0.0559999942779541
2020,8,B,0.8539999723434448,0.9110000133514404,-0.057000041007995605,0.057000041007995605
2020,9,full,0.9035000205039978,0.9079999923706055,-0.004499971866607666,0.004499971866607666
2020,9,A,0.9399999976158142,0.8960000276565552,0.04399996995925903,0.04399996995925903
2020,9,B,0.8669999837875366,0.9200000166893005,-0.053000032901763916,0.053000032901763916
2020,10,full,0.9129999876022339,0.9164999723434448,-0.0034999847412109375,0.0034999847412109375
2020,10,A,0.9440000057220459,0.9079999923706055,0.03600001335144043,0.03600001335144043
2020,10,B,0.8820000290870667,0.925000011920929,-0.042999982833862305,0.042999982833862305
2020,11,full,0.9150000214576721,0.9235000014305115,-0.008499979972839355,0.008499979972839355
2020,11,A,0.9440000057220459,0.9150000214576721,0.02899998426437378,0.02899998426437378
2020,11,B,0.8859999775886536,0.9319999814033508,-0.046000003814697266,0.046000003814697266
2020,12,full,0.9194999933242798,0.9259999990463257,-0.0065000057220458984,0.0065000057220458984
2020,12,A,0.9459999799728394,0.9160000085830688,0.029999971389770508,0.029999971389770508
2020,12,B,0.8930000066757202,0.9359999895095825,-0.042999982833862305,0.042999982833862305
2020,13,full,0.9254999756813049,0.9269999861717224,-0.0015000104904174805,0.0015000104904174805
2020,13,A,0.9480000138282776,0.9179999828338623,0.030000030994415283,0.030000030994415283
2020,13,B,0.902999997138977,0.9359999895095825,-0.03299999237060547,0.03299999237060547
2020,14,full,0.9294999837875366,0.9300000071525574,-0.000500023365020752,0.000500023365020752
2020,14,A,0.9490000009536743,0.9240000247955322,0.02499997615814209,0.02499997615814209
2020,14,B,0.9100000262260437,0.9359999895095825,-0.02599996328353882,0.02599996328353882
2020,15,full,0.9315000176429749,0.9330000281333923,-0.0015000104904174805,0.0015000104904174805
2020,15,A,0.9490000009536743,0.9269999861717224,0.022000014781951904,0.022000014781951904
2020,15,B,0.9139999747276306,0.9390000104904175,-0.025000035762786865,0.025000035762786865
2020,16,full,0.9334999918937683,0.9359999895095825,-0.002499997615814209,0.002499997615814209
2020,16,A,0.949999988079071,0.9319999814033508,0.018000006675720215,0.018000006675720215
2020,16,B,0.9169999957084656,0.9399999976158142,-0.023000001907348633,0.023000001907348633
2020,17,full,0.9340000152587891,0.9384999871253967,-0.004499971866607666,0.004499971866607666
2020,17,A,0.949999988079071,0.9340000152587891,0.015999972820281982,0.015999972820281982
2020,17,B,0.9179999828338623,0.9430000185966492,-0.025000035762786865,0.025000035762786865
2020,18,full,0.934499979019165,0.940500020980835,-0.006000041961669922,0.006000041961669922
2020,18,A,0.9490000009536743,0.9340000152587891,0.014999985694885254,0.014999985694885254
2020,18,B,0.9200000166893005,0.9470000267028809,-0.027000010013580322,0.027000010013580322
2020,19,full,0.9369999766349792,0.9424999952316284,-0.00550001859664917,0.00550001859664917
2020,19,A,0.9509999752044678,0.9380000233650208,0.012999951839447021,0.012999951839447021
2020,19,B,0.9229999780654907,0.9470000267028809,-0.024000048637390137,0.024000048637390137
2020,20,full,0.9380000233650208,0.9440000057220459,-0.0059999823570251465,0.0059999823570251465
2020,20,A,0.953000009059906,0.9399999976158142,0.013000011444091797,0.013000011444091797
2020,20,B,0.9229999780654907,0.9480000138282776,-0.025000035762786865,0.025000035762786865
