seed,probe_epoch,domain,accuracy_sabc,accuracy_sbac,signed_accuracy_difference_sabc_minus_sbac,absolute_accuracy_difference
101,1,full,0.4934999942779541,0.5615000128746033,-0.06800001859664917,0.06800001859664917
101,1,A,0.5230000019073486,0.4819999933242798,0.04100000858306885,0.04100000858306885
101,1,B,0.46399998664855957,0.640999972820282,-0.1769999861717224,0.1769999861717224
101,2,full,0.7599999904632568,0.7455000281333923,0.014499962329864502,0.014499962329864502
101,2,A,0.7910000085830688,0.6700000166893005,0.12099999189376831,0.12099999189376831
101,2,B,0.7289999723434448,0.8209999799728394,-0.09200000762939453,0.09200000762939453
101,3,full,0.8569999933242798,0.862500011920929,-0.00550001859664917,0.00550001859664917
101,3,A,0.8859999775886536,0.8510000109672546,0.034999966621398926,0.034999966621398926
101,3,B,0.828000009059906,0.8740000128746033,-0.046000003814697266,0.046000003814697266
101,4,full,0.8914999961853027,0.9085000157356262,-0.017000019550323486,0.017000019550323486
101,4,A,0.9210000038146973,0.9160000085830688,0.004999995231628418,0.004999995231628418
101,4,B,0.8619999885559082,0.9010000228881836,-0.03900003433227539,0.03900003433227539
101,5,full,0.9135000109672546,0.9200000166893005,-0.0065000057220458984,0.0065000057220458984
101,5,A,0.9490000009536743,0.9290000200271606,0.019999980926513672,0.019999980926513672
101,5,B,0.878000020980835,0.9110000133514404,-0.03299999237060547,0.03299999237060547
101,6,full,0.925000011920929,0.9340000152587891,-0.009000003337860107,0.009000003337860107
101,6,A,0.9549999833106995,0.9409999847412109,0.013999998569488525,0.013999998569488525
101,6,B,0.8949999809265137,0.9269999861717224,-0.03200000524520874,0.03200000524520874
101,7,full,0.9325000047683716,0.9394999742507935,-0.006999969482421875,0.006999969482421875
101,7,A,0.9599999785423279,0.9440000057220459,0.015999972820281982,0.015999972820281982
101,7,B,0.9049999713897705,0.9350000023841858,-0.030000030994415283,0.030000030994415283
101,8,full,0.9375,0.9430000185966492,-0.00550001859664917,0.00550001859664917
101,8,A,0.9639999866485596,0.9480000138282776,0.015999972820281982,0.015999972820281982
101,8,B,0.9110000133514404,0.9380000233650208,-0.027000010013580322,0.027000010013580322
101,9,full,0.940500020980835,0.9470000267028809,-0.0065000057220458984,0.0065000057220458984
101,9,A,0.9660000205039978,0.9520000219345093,0.013999998569488525,0.013999998569488525
101,9,B,0.9150000214576721,0.9419999718666077,-0.026999950408935547,0.026999950408935547
101,10,full,0.9440000057220459,0.9474999904632568,-0.0034999847412109375,0.0034999847412109375
101,10,A,0.968999981880188,0.9539999961853027,0.014999985694885254,0.014999985694885254
101,10,B,0.9190000295639038,0.9409999847412109,-0.02199995517730713,0.02199995517730713
101,11,full,0.9465000033378601,0.9480000138282776,-0.0015000104904174805,0.0015000104904174805
101,11,A,0.9710000157356262,0.9549999833106995,0.016000032424926758,0.016000032424926758
101,11,B,0.921999990940094,0.9409999847412109,-0.018999993801116943,0.018999993801116943
101,12,full,0.9484999775886536,0.9484999775886536,0.0,0.0
101,12,A,0.972000002861023,0.9539999961853027,0.018000006675720215,0.018000006675720215
101,12,B,0.925000011920929,0.9430000185966492,-0.018000006675720215,0.018000006675720215
101,13,full,0.949999988079071,0.9484999775886536,0.0015000104904174805,0.0015000104904174805
101,13,A,0.9729999899864197,0.9539999961853027,0.018999993801116943,0.018999993801116943
101,13,B,0.9269999861717224,0.9430000185966492,-0.016000032424926758,0.016000032424926758
101,14,full,0.9509999752044678,0.9505000114440918,0.0004999637603759766,0.0004999637603759766
101,14,A,0.9739999771118164,0.9559999704360962,0.018000006675720215,0.018000006675720215
101,14,B,0.9279999732971191,0.9449999928474426,-0.017000019550323486,0.017000019550323486
101,15,full,0.953000009059906,0.9505000114440918,0.002499997615814209,0.002499997615814209
101,15,A,0.9739999771118164,0.9559999704360962,0.018000006675720215,0.018000006675720215
101,15,B,0.9319999814033508,0.9449999928474426,-0.013000011444091797,0.013000011444091797
101,16,full,0.953499972820282,0.9509999752044678,0.002499997615814209,0.002499997615814209
101,16,A,0.9739999771118164,0.9570000171661377,0.01699995994567871,0.01699995994567871
101,16,B,0.9330000281333923,0.9449999928474426,-0.011999964714050293,0.011999964714050293
101,17,full,0.9545000195503235,0.9520000219345093,0.002499997615814209,0.002499997615814209
101,17,A,0.9739999771118164,0.9589999914169312,0.014999985694885254,0.014999985694885254
101,17,B,0.9350000023841858,0.9449999928474426,-0.009999990463256836,0.009999990463256836
101,18,full,0.9549999833106995,0.953000009059906,0.001999974250793457,0.001999974250793457
101,18,A,0.9750000238418579,0.9610000252723694,0.013999998569488525,0.013999998569488525
101,18,B,0.9350000023841858,0.9449999928474426,-0.009999990463256836,0.009999990463256836
101,19,full,0.9555000066757202,0.9539999961853027,0.0015000104904174805,0.0015000104904174805
101,19,A,0.9750000238418579,0.9620000123977661,0.013000011444091797,0.013000011444091797
101,19,B,0.9359999895095825,0.9459999799728394,-0.009999990463256836,0.009999990463256836
101,20,full,0.9559999704360962,0.9545000195503235,0.001499950885772705,0.001499950885772705
101,20,A,0.9750000238418579,0.9620000123977661,0.013000011444091797,0.013000011444091797
101,20,B,0.9369999766349792,0.9470000267028809,-0.010000050067901611,0.010000050067901611
202,1,full,0.6100000143051147,0.4255000054836273,0.18450000882148743,0.18450000882148743
202,1,A,0.48399999737739563,0.2680000066757202,0.21599999070167542,0.21599999070167542
202,1,B,0.7360000014305115,0.5830000042915344,0.15299999713897705,0.15299999713897705
202,2,full,0.8195000290870667,0.7475000023841858,0.07200002670288086,0.07200002670288086
202,2,A,0.7710000276565552,0.6579999923706055,0.11300003528594971,0.11300003528594971
202,2,B,0.8679999709129333,0.8370000123977661,0.030999958515167236,0.030999958515167236
202,3,full,0.9045000076293945,0.8619999885559082,0.04250001907348633,0.04250001907348633
202,3,A,0.9110000133514404,0.8460000157356262,0.06499999761581421,0.06499999761581421
202,3,B,0.8980000019073486,0.878000020980835,0.019999980926513672,0.019999980926513672
202,4,full,0.9279999732971191,0.8939999938011169,0.0339999794960022,0.0339999794960022
202,4,A,0.949999988079071,0.890999972820282,0.05900001525878906,0.05900001525878906
202,4,B,0.906000018119812,0.8970000147819519,0.009000003337860107,0.009000003337860107
202,5,full,0.9380000233650208,0.9100000262260437,0.02799999713897705,0.02799999713897705
202,5,A,0.9580000042915344,0.9129999876022339,0.04500001668930054,0.04500001668930054
202,5,B,0.9179999828338623,0.9070000052452087,0.010999977588653564,0.010999977588653564
202,6,full,0.9459999799728394,0.921500027179718,0.024499952793121338,0.024499952793121338
202,6,A,0.9639999866485596,0.9259999990463257,0.03799998760223389,0.03799998760223389
202,6,B,0.9279999732971191,0.9169999957084656,0.010999977588653564,0.010999977588653564
202,7,full,0.949999988079071,0.9254999756813049,0.024500012397766113,0.024500012397766113
202,7,A,0.9679999947547913,0.9319999814033508,0.03600001335144043,0.03600001335144043
202,7,B,0.9319999814033508,0.9190000295639038,0.012999951839447021,0.012999951839447021
202,8,full,0.953000009059906,0.9309999942779541,0.022000014781951904,0.022000014781951904
202,8,A,0.9700000286102295,0.9380000233650208,0.03200000524520874,0.03200000524520874
202,8,B,0.9359999895095825,0.9240000247955322,0.011999964714050293,0.011999964714050293
202,9,full,0.9555000066757202,0.9340000152587891,0.021499991416931152,0.021499991416931152
202,9,A,0.9700000286102295,0.9419999718666077,0.028000056743621826,0.028000056743621826
202,9,B,0.9409999847412109,0.9259999990463257,0.014999985694885254,0.014999985694885254
202,10,full,0.9559999704360962,0.9390000104904175,0.01699995994567871,0.01699995994567871
202,10,A,0.9700000286102295,0.949999988079071,0.020000040531158447,0.020000040531158447
202,10,B,0.9419999718666077,0.9279999732971191,0.013999998569488525,0.013999998569488525
202,11,full,0.9570000171661377,0.9419999718666077,0.01500004529953003,0.01500004529953003
202,11,A,0.9710000157356262,0.9509999752044678,0.020000040531158447,0.020000040531158447
202,11,B,0.9430000185966492,0.9330000281333923,0.009999990463256836,0.009999990463256836
202,12,full,0.9570000171661377,0.9424999952316284,0.014500021934509277,0.014500021934509277
202,12,A,0.9710000157356262,0.9509999752044678,0.020000040531158447,0.020000040531158447
202,12,B,0.9430000185966492,0.9340000152587891,0.009000003337860107,0.009000003337860107
202,13,full,0.9570000171661377,0.9445000290870667,0.012499988079071045,0.012499988079071045
202,13,A,0.9710000157356262,0.953000009059906,0.018000006675720215,0.018000006675720215
202,13,B,0.9430000185966492,0.9359999895095825,0.00700002908706665,0.00700002908706665
202,14,full,0.9570000171661377,0.9449999928474426,0.012000024318695068,0.012000024318695068
202,14,A,0.9700000286102295,0.953000009059906,0.017000019550323486,0.017000019550323486
202,14,B,0.9440000057220459,0.9369999766349792,0.00700002908706665,0.00700002908706665
202,15,full,0.9580000042915344,0.9470000267028809,0.010999977588653564,0.010999977588653564
202,15,A,0.9700000286102295,0.9549999833106995,0.01500004529953003,0.01500004529953003
202,15,B,0.9459999799728394,0.9390000104904175,0.006999969482421875,0.006999969482421875
202,16,full,0.9589999914169312,0.9480000138282776,0.010999977588653564,0.010999977588653564
202,16,A,0.9710000157356262,0.9559999704360962,0.01500004529953003,0.01500004529953003
202,16,B,0.9470000267028809,0.9399999976158142,0.00700002908706665,0.00700002908706665
202,17,full,0.9605000019073486,0.9505000114440918,0.009999990463256836,0.009999990463256836
202,17,A,0.972000002861023,0.9589999914169312,0.013000011444091797,0.013000011444091797
202,17,B,0.9490000009536743,0.9419999718666077,0.00700002908706665,0.00700002908706665
202,18,full,0.9624999761581421,0.9509999752044678,0.011500000953674316,0.011500000953674316
202,18,A,0.972000002861023,0.9589999914169312,0.013000011444091797,0.013000011444091797
202,18,B,0.953000009059906,0.9430000185966492,0.009999990463256836,0.009999990463256836
202,19,full,0.9624999761581421,0.9524999856948853,0.009999990463256836,0.009999990463256836
202,19,A,0.972000002861023,0.9589999914169312,0.013000011444091797,0.013000011444091797
202,19,B,0.953000009059906,0.9459999799728394,0.00700002908706665,0.00700002908706665
202,20,full,0.9635000228881836,0.953499972820282,0.010000050067901611,0.010000050067901611
202,20,A,0.9729999899864197,0.9610000252723694,0.011999964714050293,0.011999964714050293
202,20,B,0.9539999961853027,0.9459999799728394,0.008000016212463379,0.008000016212463379
303,1,full,0.3790000081062317,0.3659999966621399,0.013000011444091797,0.013000011444091797
303,1,A,0.3790000081062317,0.4869999885559082,-0.10799998044967651,0.10799998044967651
303,1,B,0.3790000081062317,0.24500000476837158,0.1340000033378601,0.1340000033378601
303,2,full,0.7664999961853027,0.6990000009536743,0.06749999523162842,0.06749999523162842
303,2,A,0.7549999952316284,0.75,0.004999995231628418,0.004999995231628418
303,2,B,0.777999997138977,0.6480000019073486,0.12999999523162842,0.12999999523162842
303,3,full,0.8629999756813049,0.8234999775886536,0.03949999809265137,0.03949999809265137
303,3,A,0.8619999885559082,0.8519999980926514,0.009999990463256836,0.009999990463256836
303,3,B,0.8640000224113464,0.7950000166893005,0.0690000057220459,0.0690000057220459
303,4,full,0.8995000123977661,0.8705000281333923,0.02899998426437378,0.02899998426437378
303,4,A,0.902999997138977,0.8870000243186951,0.015999972820281982,0.015999972820281982
303,4,B,0.8960000276565552,0.8539999723434448,0.04200005531311035,0.04200005531311035
303,5,full,0.9144999980926514,0.8920000195503235,0.02249997854232788,0.02249997854232788
303,5,A,0.921999990940094,0.9070000052452087,0.014999985694885254,0.014999985694885254
303,5,B,0.9070000052452087,0.8769999742507935,0.030000030994415283,0.030000030994415283
303,6,full,0.9240000247955322,0.9089999794960022,0.01500004529953003,0.01500004529953003
303,6,A,0.9340000152587891,0.9229999780654907,0.01100003719329834,0.01100003719329834
303,6,B,0.9139999747276306,0.8949999809265137,0.018999993801116943,0.018999993801116943
303,7,full,0.9315000176429749,0.9154999852180481,0.016000032424926758,0.016000032424926758
303,7,A,0.9419999718666077,0.9319999814033508,0.009999990463256836,0.009999990463256836
303,7,B,0.9210000038146973,0.8989999890327454,0.022000014781951904,0.022000014781951904
303,8,full,0.9394999742507935,0.921999990940094,0.017499983310699463,0.017499983310699463
303,8,A,0.953000009059906,0.9380000233650208,0.014999985694885254,0.014999985694885254
303,8,B,0.9259999990463257,0.906000018119812,0.019999980926513672,0.019999980926513672
303,9,full,0.9415000081062317,0.9275000095367432,0.013999998569488525,0.013999998569488525
303,9,A,0.9549999833106995,0.9419999718666077,0.013000011444091797,0.013000011444091797
303,9,B,0.9279999732971191,0.9129999876022339,0.014999985694885254,0.014999985694885254
303,10,full,0.9434999823570251,0.9325000047683716,0.010999977588653564,0.010999977588653564
303,10,A,0.9559999704360962,0.9470000267028809,0.008999943733215332,0.008999943733215332
303,10,B,0.9309999942779541,0.9179999828338623,0.013000011444091797,0.013000011444091797
303,11,full,0.9455000162124634,0.9340000152587891,0.011500000953674316,0.011500000953674316
303,11,A,0.9570000171661377,0.9490000009536743,0.008000016212463379,0.008000016212463379
303,11,B,0.9340000152587891,0.9190000295639038,0.014999985694885254,0.014999985694885254
303,12,full,0.9470000267028809,0.9359999895095825,0.01100003719329834,0.01100003719329834
303,12,A,0.9580000042915344,0.9509999752044678,0.00700002908706665,0.00700002908706665
303,12,B,0.9359999895095825,0.9210000038146973,0.014999985694885254,0.014999985694885254
303,13,full,0.9490000009536743,0.9369999766349792,0.012000024318695068,0.012000024318695068
303,13,A,0.9589999914169312,0.953000009059906,0.0059999823570251465,0.0059999823570251465
303,13,B,0.9390000104904175,0.9210000038146973,0.018000006675720215,0.018000006675720215
303,14,full,0.9495000243186951,0.9390000104904175,0.010500013828277588,0.010500013828277588
303,14,A,0.9599999785423279,0.953000009059906,0.006999969482421875,0.006999969482421875
303,14,B,0.9390000104904175,0.925000011920929,0.013999998569488525,0.013999998569488525
303,15,full,0.9505000114440918,0.9415000081062317,0.009000003337860107,0.009000003337860107
303,15,A,0.9610000252723694,0.9559999704360962,0.005000054836273193,0.005000054836273193
303,15,B,0.9399999976158142,0.9269999861717224,0.013000011444091797,0.013000011444091797
303,16,full,0.9520000219345093,0.9419999718666077,0.010000050067901611,0.010000050067901611
303,16,A,0.9620000123977661,0.9549999833106995,0.00700002908706665,0.00700002908706665
303,16,B,0.9419999718666077,0.9290000200271606,0.012999951839447021,0.012999951839447021
303,17,full,0.9524999856948853,0.9434999823570251,0.009000003337860107,0.009000003337860107
303,17,A,0.9629999995231628,0.9570000171661377,0.0059999823570251465,0.0059999823570251465
303,17,B,0.9419999718666077,0.9300000071525574,0.011999964714050293,0.011999964714050293
303,18,full,0.9524999856948853,0.9440000057220459,0.008499979972839355,0.008499979972839355
303,18,A,0.9629999995231628,0.9580000042915344,0.004999995231628418,0.004999995231628418
303,18,B,0.9419999718666077,0.9300000071525574,0.011999964714050293,0.011999964714050293
303,19,full,0.953499972820282,0.9449999928474426,0.008499979972839355,0.008499979972839355
303,19,A,0.9639999866485596,0.9599999785423279,0.0040000081062316895,0.0040000081062316895
303,19,B,0.9430000185966492,0.9300000071525574,0.013000011444091797,0.013000011444091797
303,20,full,0.9555000066757202,0.9459999799728394,0.00950002670288086,0.00950002670288086
303,20,A,0.9660000205039978,0.9589999914169312,0.00700002908706665,0.00700002908706665
303,20,B,0.9449999928474426,0.9330000281333923,0.011999964714050293,0.011999964714050293
404,1,full,0.5034999847412109,0.5734999775886536,-0.06999999284744263,0.06999999284744263
404,1,A,0.4359999895095825,0.5950000286102295,-0.15900003910064697,0.15900003910064697
404,1,B,0.5709999799728394,0.5519999861717224,0.018999993801116943,0.018999993801116943
404,2,full,0.7754999995231628,0.7944999933242798,-0.018999993801116943,0.018999993801116943
404,2,A,0.7509999871253967,0.7020000219345093,0.04899996519088745,0.04899996519088745
404,2,B,0.800000011920929,0.8870000243186951,-0.08700001239776611,0.08700001239776611
404,3,full,0.8955000042915344,0.8955000042915344,0.0,0.0
404,3,A,0.9179999828338623,0.8629999756813049,0.05500000715255737,0.05500000715255737
404,3,B,0.8730000257492065,0.9279999732971191,-0.0549999475479126,0.0549999475479126
404,4,full,0.9169999957084656,0.9319999814033508,-0.014999985694885254,0.014999985694885254
404,4,A,0.9359999895095825,0.9240000247955322,0.011999964714050293,0.011999964714050293
404,4,B,0.8980000019073486,0.9399999976158142,-0.041999995708465576,0.041999995708465576
404,5,full,0.9319999814033508,0.9430000185966492,-0.01100003719329834,0.01100003719329834
404,5,A,0.9470000267028809,0.9430000185966492,0.0040000081062316895,0.0040000081062316895
404,5,B,0.9169999957084656,0.9430000185966492,-0.026000022888183594,0.026000022888183594
404,6,full,0.9415000081062317,0.949999988079071,-0.008499979972839355,0.008499979972839355
404,6,A,0.9559999704360962,0.953000009059906,0.0029999613761901855,0.0029999613761901855
404,6,B,0.9269999861717224,0.9470000267028809,-0.020000040531158447,0.020000040531158447
404,7,full,0.9449999928474426,0.9545000195503235,-0.00950002670288086,0.00950002670288086
404,7,A,0.9599999785423279,0.9599999785423279,0.0,0.0
404,7,B,0.9300000071525574,0.9490000009536743,-0.018999993801116943,0.018999993801116943
404,8,full,0.9490000009536743,0.9559999704360962,-0.006999969482421875,0.006999969482421875
404,8,A,0.9649999737739563,0.9629999995231628,0.001999974250793457,0.001999974250793457
404,8,B,0.9330000281333923,0.9490000009536743,-0.015999972820281982,0.015999972820281982
404,9,full,0.9505000114440918,0.9580000042915344,-0.007499992847442627,0.007499992847442627
404,9,A,0.9670000076293945,0.9660000205039978,0.0009999871253967285,0.0009999871253967285
404,9,B,0.9340000152587891,0.949999988079071,-0.015999972820281982,0.015999972820281982
404,10,full,0.9520000219345093,0.9605000019073486,-0.008499979972839355,0.008499979972839355
404,10,A,0.9679999947547913,0.9670000076293945,0.0009999871253967285,0.0009999871253967285
404,10,B,0.9359999895095825,0.9539999961853027,-0.018000006675720215,0.018000006675720215
404,11,full,0.953000009059906,0.9614999890327454,-0.008499979972839355,0.008499979972839355
404,11,A,0.968999981880188,0.968999981880188,0.0,0.0
404,11,B,0.9369999766349792,0.9539999961853027,-0.017000019550323486,0.017000019550323486
404,12,full,0.9539999961853027,0.9624999761581421,-0.008499979972839355,0.008499979972839355
404,12,A,0.968999981880188,0.9700000286102295,-0.001000046730041504,0.001000046730041504
404,12,B,0.9390000104904175,0.9549999833106995,-0.015999972820281982,0.015999972820281982
404,13,full,0.9555000066757202,0.9635000228881836,-0.008000016212463379,0.008000016212463379
404,13,A,0.968999981880188,0.9710000157356262,-0.0020000338554382324,0.0020000338554382324
404,13,B,0.9419999718666077,0.9559999704360962,-0.013999998569488525,0.013999998569488525
404,14,full,0.9580000042915344,0.9639999866485596,-0.0059999823570251465,0.0059999823570251465
404,14,A,0.9710000157356262,0.9710000157356262,0.0,0.0
404,14,B,0.9449999928474426,0.9570000171661377,-0.012000024318695068,0.012000024318695068
404,15,full,0.9580000042915344,0.9639999866485596,-0.0059999823570251465,0.0059999823570251465
404,15,A,0.9710000157356262,0.972000002861023,-0.0009999871253967285,0.0009999871253967285
404,15,B,0.9449999928474426,0.9559999704360962,-0.010999977588653564,0.010999977588653564
404,16,full,0.9589999914169312,0.9645000100135803,-0.00550001859664917,0.00550001859664917
404,16,A,0.972000002861023,0.9729999899864197,-0.0009999871253967285,0.0009999871253967285
404,16,B,0.9459999799728394,0.9559999704360962,-0.009999990463256836,0.009999990463256836
404,17,full,0.9624999761581421,0.9660000205039978,-0.003500044345855713,0.003500044345855713
404,17,A,0.9729999899864197,0.9760000109672546,-0.003000020980834961,0.003000020980834961
404,17,B,0.9520000219345093,0.9559999704360962,-0.003999948501586914,0.003999948501586914
404,18,full,0.9624999761581421,0.9674999713897705,-0.004999995231628418,0.004999995231628418
404,18,A,0.9729999899864197,0.9769999980926514,-0.0040000081062316895,0.0040000081062316895
404,18,B,0.9520000219345093,0.9580000042915344,-0.0059999823570251465,0.0059999823570251465
404,19,full,0.9639999866485596,0.9674999713897705,-0.0034999847412109375,0.0034999847412109375
404,19,A,0.9750000238418579,0.9769999980926514,-0.001999974250793457,0.001999974250793457
404,19,B,0.953000009059906,0.9580000042915344,-0.004999995231628418,0.004999995231628418
404,20,full,0.9645000100135803,0.9679999947547913,-0.0034999847412109375,0.0034999847412109375
404,20,A,0.9760000109672546,0.9769999980926514,-0.0009999871253967285,0.0009999871253967285
404,20,B,0.953000009059906,0.9589999914169312,-0.0059999823570251465,0.0059999823570251465
505,1,full,0.5230000019073486,0.39250001311302185,0.13049998879432678,0.13049998879432678
505,1,A,0.6420000195503235,0.4050000011920929,0.2370000183582306,0.2370000183582306
505,1,B,0.40400001406669617,0.3799999952316284,0.02400001883506775,0.02400001883506775
505,2,full,0.7954999804496765,0.6679999828338623,0.1274999976158142,0.1274999976158142
505,2,A,0.875,0.7009999752044678,0.17400002479553223,0.17400002479553223
505,2,B,0.7160000205039978,0.6349999904632568,0.08100003004074097,0.08100003004074097
505,3,full,0.8815000057220459,0.8054999709129333,0.07600003480911255,0.07600003480911255
505,3,A,0.9300000071525574,0.8489999771118164,0.08100003004074097,0.08100003004074097
505,3,B,0.8330000042915344,0.7620000243186951,0.07099997997283936,0.07099997997283936
505,4,full,0.9144999980926514,0.8544999957084656,0.06000000238418579,0.06000000238418579
505,4,A,0.9459999799728394,0.8960000276565552,0.04999995231628418,0.04999995231628418
505,4,B,0.8830000162124634,0.8130000233650208,0.06999999284744263,0.06999999284744263
505,5,full,0.9315000176429749,0.8759999871253967,0.055500030517578125,0.055500030517578125
505,5,A,0.9549999833106995,0.9100000262260437,0.04499995708465576,0.04499995708465576
505,5,B,0.9079999923706055,0.8420000076293945,0.06599998474121094,0.06599998474121094
505,6,full,0.940500020980835,0.8859999775886536,0.054500043392181396,0.054500043392181396
505,6,A,0.9570000171661377,0.9169999957084656,0.04000002145767212,0.04000002145767212
505,6,B,0.9240000247955322,0.8550000190734863,0.0690000057220459,0.0690000057220459
505,7,full,0.9455000162124634,0.8995000123977661,0.046000003814697266,0.046000003814697266
505,7,A,0.9589999914169312,0.9269999861717224,0.03200000524520874,0.03200000524520874
505,7,B,0.9319999814033508,0.871999979019165,0.06000000238418579,0.06000000238418579
505,8,full,0.9490000009536743,0.9054999947547913,0.04350000619888306,0.04350000619888306
505,8,A,0.9620000123977661,0.9300000071525574,0.03200000524520874,0.03200000524520874
505,8,B,0.9359999895095825,0.8809999823570251,0.05500000715255737,0.05500000715255737
505,9,full,0.9524999856948853,0.9125000238418579,0.039999961853027344,0.039999961853027344
505,9,A,0.9610000252723694,0.9330000281333923,0.02799999713897705,0.02799999713897705
505,9,B,0.9440000057220459,0.8920000195503235,0.05199998617172241,0.05199998617172241
505,10,full,0.9524999856948853,0.9164999723434448,0.03600001335144043,0.03600001335144043
505,10,A,0.9610000252723694,0.9350000023841858,0.026000022888183594,0.026000022888183594
505,10,B,0.9440000057220459,0.8980000019073486,0.046000003814697266,0.046000003814697266
505,11,full,0.9549999833106995,0.9204999804496765,0.03450000286102295,0.03450000286102295
505,11,A,0.9620000123977661,0.9369999766349792,0.025000035762786865,0.025000035762786865
505,11,B,0.9480000138282776,0.9039999842643738,0.04400002956390381,0.04400002956390381
505,12,full,0.9555000066757202,0.9244999885559082,0.03100001811981201,0.03100001811981201
505,12,A,0.9610000252723694,0.9409999847412109,0.020000040531158447,0.020000040531158447
505,12,B,0.949999988079071,0.9079999923706055,0.041999995708465576,0.041999995708465576
505,13,full,0.9559999704360962,0.9254999756813049,0.03049999475479126,0.03049999475479126
505,13,A,0.9620000123977661,0.9430000185966492,0.018999993801116943,0.018999993801116943
505,13,B,0.949999988079071,0.9079999923706055,0.041999995708465576,0.041999995708465576
505,14,full,0.9570000171661377,0.9300000071525574,0.027000010013580322,0.027000010013580322
505,14,A,0.9620000123977661,0.9459999799728394,0.016000032424926758,0.016000032424926758
505,14,B,0.9520000219345093,0.9139999747276306,0.03800004720687866,0.03800004720687866
505,15,full,0.9574999809265137,0.9300000071525574,0.0274999737739563,0.0274999737739563
505,15,A,0.9620000123977661,0.9459999799728394,0.016000032424926758,0.016000032424926758
505,15,B,0.953000009059906,0.9139999747276306,0.03900003433227539,0.03900003433227539
505,16,full,0.9605000019073486,0.9340000152587891,0.02649998664855957,0.02649998664855957
505,16,A,0.9649999737739563,0.9470000267028809,0.01799994707107544,0.01799994707107544
505,16,B,0.9559999704360962,0.9210000038146973,0.034999966621398926,0.034999966621398926
505,17,full,0.9614999890327454,0.9350000023841858,0.02649998664855957,0.02649998664855957
505,17,A,0.9660000205039978,0.9490000009536743,0.017000019550323486,0.017000019550323486
505,17,B,0.9570000171661377,0.9210000038146973,0.03600001335144043,0.03600001335144043
505,18,full,0.9620000123977661,0.9365000128746033,0.025499999523162842,0.025499999523162842
505,18,A,0.9660000205039978,0.9520000219345093,0.013999998569488525,0.013999998569488525
505,18,B,0.9580000042915344,0.9210000038146973,0.03700000047683716,0.03700000047683716
505,19,full,0.9620000123977661,0.9375,0.024500012397766113,0.024500012397766113
505,19,A,0.9660000205039978,0.953000009059906,0.013000011444091797,0.013000011444091797
505,19,B,0.9580000042915344,0.921999990940094,0.03600001335144043,0.03600001335144043
505,20,full,0.9629999995231628,0.9390000104904175,0.02399998903274536,0.02399998903274536
505,20,A,0.9679999947547913,0.9549999833106995,0.013000011444091797,0.013000011444091797
505,20,B,0.9580000042915344,0.9229999780654907,0.0350000262260437,0.0350000262260437
606,1,full,0.5619999766349792,0.39500001072883606,0.1669999659061432,0.1669999659061432
606,1,A,0.49399998784065247,0.2540000081062317,0.23999997973442078,0.23999997973442078
606,1,B,0.6299999952316284,0.5360000133514404,0.09399998188018799,0.09399998188018799
606,2,full,0.7954999804496765,0.7565000057220459,0.038999974727630615,0.038999974727630615
606,2,A,0.7760000228881836,0.6650000214576721,0.11100000143051147,0.11100000143051147
606,2,B,0.8149999976158142,0.8479999899864197,-0.03299999237060547,0.03299999237060547
606,3,full,0.8634999990463257,0.8610000014305115,0.002499997615814209,0.002499997615814209
606,3,A,0.8510000109672546,0.8289999961853027,0.022000014781951904,0.022000014781951904
606,3,B,0.8759999871253967,0.8930000066757202,-0.017000019550323486,0.017000019550323486
606,4,full,0.8914999961853027,0.8934999704360962,-0.001999974250793457,0.001999974250793457
606,4,A,0.8799999952316284,0.878000020980835,0.001999974250793457,0.001999974250793457
606,4,B,0.902999997138977,0.9089999794960022,-0.0059999823570251465,0.0059999823570251465
606,5,full,0.9085000157356262,0.9164999723434448,-0.007999956607818604,0.007999956607818604
606,5,A,0.9049999713897705,0.9139999747276306,-0.009000003337860107,0.009000003337860107
606,5,B,0.9120000004768372,0.9190000295639038,-0.00700002908706665,0.00700002908706665
606,6,full,0.9164999723434448,0.9229999780654907,-0.0065000057220458984,0.0065000057220458984
606,6,A,0.9150000214576721,0.9229999780654907,-0.007999956607818604,0.007999956607818604
606,6,B,0.9179999828338623,0.9229999780654907,-0.004999995231628418,0.004999995231628418
606,7,full,0.9229999780654907,0.9294999837875366,-0.0065000057220458984,0.0065000057220458984
606,7,A,0.9229999780654907,0.9350000023841858,-0.012000024318695068,0.012000024318695068
606,7,B,0.9229999780654907,0.9240000247955322,-0.001000046730041504,0.001000046730041504
606,8,full,0.9279999732971191,0.934499979019165,-0.0065000057220458984,0.0065000057220458984
606,8,A,0.9269999861717224,0.9409999847412109,-0.013999998569488525,0.013999998569488525
606,8,B,0.9290000200271606,0.9279999732971191,0.001000046730041504,0.001000046730041504
606,9,full,0.9294999837875366,0.9384999871253967,-0.009000003337860107,0.009000003337860107
606,9,A,0.9309999942779541,0.9470000267028809,-0.016000032424926758,0.016000032424926758
606,9,B,0.9279999732971191,0.9300000071525574,-0.0020000338554382324,0.0020000338554382324
606,10,full,0.9340000152587891,0.9424999952316284,-0.008499979972839355,0.008499979972839355
606,10,A,0.9369999766349792,0.953000009059906,-0.016000032424926758,0.016000032424926758
606,10,B,0.9309999942779541,0.9319999814033508,-0.0009999871253967285,0.0009999871253967285
606,11,full,0.9380000233650208,0.9445000290870667,-0.0065000057220458984,0.0065000057220458984
606,11,A,0.9390000104904175,0.9570000171661377,-0.018000006675720215,0.018000006675720215
606,11,B,0.9369999766349792,0.9319999814033508,0.004999995231628418,0.004999995231628418
606,12,full,0.9424999952316284,0.9470000267028809,-0.004500031471252441,0.004500031471252441
606,12,A,0.9440000057220459,0.9570000171661377,-0.013000011444091797,0.013000011444091797
606,12,B,0.9409999847412109,0.9369999766349792,0.0040000081062316895,0.0040000081062316895
606,13,full,0.9449999928474426,0.949999988079071,-0.004999995231628418,0.004999995231628418
606,13,A,0.9470000267028809,0.9610000252723694,-0.013999998569488525,0.013999998569488525
606,13,B,0.9430000185966492,0.9390000104904175,0.0040000081062316895,0.0040000081062316895
606,14,full,0.9449999928474426,0.9514999985694885,-0.0065000057220458984,0.0065000057220458984
606,14,A,0.9470000267028809,0.9599999785423279,-0.012999951839447021,0.012999951839447021
606,14,B,0.9430000185966492,0.9430000185966492,0.0,0.0
606,15,full,0.9480000138282776,0.9520000219345093,-0.0040000081062316895,0.0040000081062316895
606,15,A,0.9480000138282776,0.9610000252723694,-0.013000011444091797,0.013000011444091797
606,15,B,0.9480000138282776,0.9430000185966492,0.004999995231628418,0.004999995231628418
606,16,full,0.9495000243186951,0.9524999856948853,-0.0029999613761901855,0.0029999613761901855
606,16,A,0.9509999752044678,0.9610000252723694,-0.010000050067901611,0.010000050067901611
606,16,B,0.9480000138282776,0.9440000057220459,0.0040000081062316895,0.0040000081062316895
606,17,full,0.9524999856948853,0.9520000219345093,0.0004999637603759766,0.0004999637603759766
606,17,A,0.9549999833106995,0.9599999785423279,-0.004999995231628418,0.004999995231628418
606,17,B,0.949999988079071,0.9440000057220459,0.0059999823570251465,0.0059999823570251465
606,18,full,0.953499972820282,0.9520000219345093,0.001499950885772705,0.001499950885772705
606,18,A,0.9559999704360962,0.9599999785423279,-0.0040000081062316895,0.0040000081062316895
606,18,B,0.9509999752044678,0.9440000057220459,0.006999969482421875,0.006999969482421875
606,19,full,0.9545000195503235,0.9520000219345093,0.002499997615814209,0.002499997615814209
606,19,A,0.9570000171661377,0.9599999785423279,-0.0029999613761901855,0.0029999613761901855
606,19,B,0.9520000219345093,0.9440000057220459,0.008000016212463379,0.008000016212463379
606,20,full,0.9555000066757202,0.9520000219345093,0.0034999847412109375,0.0034999847412109375
606,20,A,0.9580000042915344,0.9599999785423279,-0.001999974250793457,0.001999974250793457
606,20,B,0.953000009059906,0.9440000057220459,0.009000003337860107,0.009000003337860107
707,1,full,0.5339999794960022,0.590499997138977,-0.056500017642974854,0.056500017642974854
707,1,A,0.574999988079071,0.7590000033378601,-0.18400001525878906,0.18400001525878906
707,1,B,0.49300000071525574,0.421999990940094,0.07100000977516174,0.07100000977516174
707,2,full,0.7440000176429749,0.75,-0.0059999823570251465,0.0059999823570251465
707,2,A,0.8050000071525574,0.8999999761581421,-0.09499996900558472,0.09499996900558472
707,2,B,0.6830000281333923,0.6000000238418579,0.08300000429153442,0.08300000429153442
707,3,full,0.8259999752044678,0.8255000114440918,0.0004999637603759766,0.0004999637603759766
707,3,A,0.8640000224113464,0.9319999814033508,-0.0679999589920044,0.0679999589920044
707,3,B,0.7879999876022339,0.718999981880188,0.0690000057220459,0.0690000057220459
707,4,full,0.8665000200271606,0.8774999976158142,-0.010999977588653564,0.010999977588653564
707,4,A,0.8949999809265137,0.9399999976158142,-0.04500001668930054,0.04500001668930054
707,4,B,0.8379999995231628,0.8149999976158142,0.023000001907348633,0.023000001907348633
707,5,full,0.8834999799728394,0.9049999713897705,-0.021499991416931152,0.021499991416931152
707,5,A,0.9089999794960022,0.9440000057220459,-0.0350000262260437,0.0350000262260437
707,5,B,0.8579999804496765,0.8659999966621399,-0.008000016212463379,0.008000016212463379
707,6,full,0.9024999737739563,0.9194999933242798,-0.017000019550323486,0.017000019550323486
707,6,A,0.9259999990463257,0.9459999799728394,-0.019999980926513672,0.019999980926513672
707,6,B,0.8790000081062317,0.8930000066757202,-0.013999998569488525,0.013999998569488525
707,7,full,0.9104999899864197,0.9284999966621399,-0.018000006675720215,0.018000006675720215
707,7,A,0.9359999895095825,0.9509999752044678,-0.014999985694885254,0.014999985694885254
707,7,B,0.8849999904632568,0.906000018119812,-0.021000027656555176,0.021000027656555176
707,8,full,0.9169999957084656,0.9375,-0.020500004291534424,0.020500004291534424
707,8,A,0.9419999718666077,0.9570000171661377,-0.01500004529953003,0.01500004529953003
707,8,B,0.8920000195503235,0.9179999828338623,-0.02599996328353882,0.02599996328353882
707,9,full,0.9235000014305115,0.9394999742507935,-0.015999972820281982,0.015999972820281982
707,9,A,0.9480000138282776,0.9580000042915344,-0.009999990463256836,0.009999990463256836
707,9,B,0.8989999890327454,0.9210000038146973,-0.022000014781951904,0.022000014781951904
707,10,full,0.9269999861717224,0.9415000081062317,-0.014500021934509277,0.014500021934509277
707,10,A,0.9509999752044678,0.9570000171661377,-0.006000041961669922,0.006000041961669922
707,10,B,0.902999997138977,0.9259999990463257,-0.023000001907348633,0.023000001907348633
707,11,full,0.9300000071525574,0.9419999718666077,-0.011999964714050293,0.011999964714050293
707,11,A,0.953000009059906,0.9570000171661377,-0.0040000081062316895,0.0040000081062316895
707,11,B,0.9070000052452087,0.9269999861717224,-0.019999980926513672,0.019999980926513672
707,12,full,0.9334999918937683,0.9440000057220459,-0.010500013828277588,0.010500013828277588
707,12,A,0.9539999961853027,0.9580000042915344,-0.0040000081062316895,0.0040000081062316895
707,12,B,0.9129999876022339,0.9300000071525574,-0.017000019550323486,0.017000019550323486
707,13,full,0.9355000257492065,0.9455000162124634,-0.009999990463256836,0.009999990463256836
707,13,A,0.9549999833106995,0.9599999785423279,-0.004999995231628418,0.004999995231628418
707,13,B,0.9160000085830688,0.9309999942779541,-0.014999985694885254,0.014999985694885254
707,14,full,0.9359999895095825,0.9474999904632568,-0.011500000953674316,0.011500000953674316
707,14,A,0.9549999833106995,0.9610000252723694,-0.006000041961669922,0.006000041961669922
707,14,B,0.9169999957084656,0.9340000152587891,-0.017000019550323486,0.017000019550323486
707,15,full,0.9369999766349792,0.9495000243186951,-0.01250004768371582,0.01250004768371582
707,15,A,0.9549999833106995,0.9610000252723694,-0.006000041961669922,0.006000041961669922
707,15,B,0.9190000295639038,0.9380000233650208,-0.018999993801116943,0.018999993801116943
707,16,full,0.9375,0.9509999752044678,-0.013499975204467773,0.013499975204467773
707,16,A,0.9549999833106995,0.9610000252723694,-0.006000041961669922,0.006000041961669922
707,16,B,0.9200000166893005,0.9409999847412109,-0.0209999680519104,0.0209999680519104
707,17,full,0.9390000104904175,0.9514999985694885,-0.012499988079071045,0.012499988079071045
707,17,A,0.9559999704360962,0.9610000252723694,-0.005000054836273193,0.005000054836273193
707,17,B,0.921999990940094,0.9419999718666077,-0.019999980926513672,0.019999980926513672
707,18,full,0.9394999742507935,0.9514999985694885,-0.012000024318695068,0.012000024318695068
707,18,A,0.9549999833106995,0.9610000252723694,-0.006000041961669922,0.006000041961669922
707,18,B,0.9240000247955322,0.9419999718666077,-0.01799994707107544,0.01799994707107544
707,19,full,0.9399999976158142,0.9524999856948853,-0.012499988079071045,0.012499988079071045
707,19,A,0.9559999704360962,0.9620000123977661,-0.006000041961669922,0.006000041961669922
707,19,B,0.9240000247955322,0.9430000185966492,-0.018999993801116943,0.018999993801116943
707,20,full,0.9430000185966492,0.953000009059906,-0.009999990463256836,0.009999990463256836
707,20,A,0.9580000042915344,0.9629999995231628,-0.004999995231628418,0.004999995231628418
707,20,B,0.9279999732971191,0.9430000185966492,-0.01500004529953003,0.01500004529953003
808,1,full,0.5475000143051147,0.6455000042915344,-0.09799998998641968,0.09799998998641968
808,1,A,0.593999981880188,0.6309999823570251,-0.03700000047683716,0.03700000047683716
808,1,B,0.5009999871253967,0.6600000262260437,-0.15900003910064697,0.15900003910064697
808,2,full,0.809499979019165,0.784500002861023,0.02499997615814209,0.02499997615814209
808,2,A,0.8309999704360962,0.722000002861023,0.10899996757507324,0.10899996757507324
808,2,B,0.7879999876022339,0.847000002861023,-0.05900001525878906,0.05900001525878906
808,3,full,0.8830000162124634,0.8774999976158142,0.00550001859664917,0.00550001859664917
808,3,A,0.8939999938011169,0.871999979019165,0.022000014781951904,0.022000014781951904
808,3,B,0.871999979019165,0.8830000162124634,-0.01100003719329834,0.01100003719329834
808,4,full,0.9125000238418579,0.9100000262260437,0.002499997615814209,0.002499997615814209
808,4,A,0.921999990940094,0.925000011920929,-0.003000020980834961,0.003000020980834961
808,4,B,0.902999997138977,0.8949999809265137,0.008000016212463379,0.008000016212463379
808,5,full,0.9235000014305115,0.9235000014305115,0.0,0.0
808,5,A,0.9300000071525574,0.9380000233650208,-0.008000016212463379,0.008000016212463379
808,5,B,0.9169999957084656,0.9089999794960022,0.008000016212463379,0.008000016212463379
808,6,full,0.9279999732971191,0.9309999942779541,-0.003000020980834961,0.003000020980834961
808,6,A,0.9350000023841858,0.9430000185966492,-0.008000016212463379,0.008000016212463379
808,6,B,0.9210000038146973,0.9190000295639038,0.001999974250793457,0.001999974250793457
808,7,full,0.9319999814033508,0.9340000152587891,-0.0020000338554382324,0.0020000338554382324
808,7,A,0.9390000104904175,0.9459999799728394,-0.006999969482421875,0.006999969482421875
808,7,B,0.925000011920929,0.921999990940094,0.003000020980834961,0.003000020980834961
808,8,full,0.9350000023841858,0.9369999766349792,-0.001999974250793457,0.001999974250793457
808,8,A,0.9419999718666077,0.9480000138282776,-0.006000041961669922,0.006000041961669922
808,8,B,0.9279999732971191,0.9259999990463257,0.001999974250793457,0.001999974250793457
808,9,full,0.9380000233650208,0.9399999976158142,-0.001999974250793457,0.001999974250793457
808,9,A,0.9440000057220459,0.949999988079071,-0.0059999823570251465,0.0059999823570251465
808,9,B,0.9319999814033508,0.9300000071525574,0.001999974250793457,0.001999974250793457
808,10,full,0.9419999718666077,0.9424999952316284,-0.000500023365020752,0.000500023365020752
808,10,A,0.9490000009536743,0.953000009059906,-0.0040000081062316895,0.0040000081062316895
808,10,B,0.9350000023841858,0.9319999814033508,0.003000020980834961,0.003000020980834961
808,11,full,0.9434999823570251,0.9445000290870667,-0.001000046730041504,0.001000046730041504
808,11,A,0.9509999752044678,0.9570000171661377,-0.006000041961669922,0.006000041961669922
808,11,B,0.9359999895095825,0.9319999814033508,0.0040000081062316895,0.0040000081062316895
808,12,full,0.9445000290870667,0.9465000033378601,-0.001999974250793457,0.001999974250793457
808,12,A,0.9509999752044678,0.9570000171661377,-0.006000041961669922,0.006000041961669922
808,12,B,0.9380000233650208,0.9359999895095825,0.0020000338554382324,0.0020000338554382324
808,13,full,0.9470000267028809,0.9470000267028809,0.0,0.0
808,13,A,0.9539999961853027,0.9580000042915344,-0.0040000081062316895,0.0040000081062316895
808,13,B,0.9399999976158142,0.9359999895095825,0.0040000081062316895,0.0040000081062316895
808,14,full,0.949999988079071,0.9490000009536743,0.0009999871253967285,0.0009999871253967285
808,14,A,0.9539999961853027,0.9589999914169312,-0.004999995231628418,0.004999995231628418
808,14,B,0.9459999799728394,0.9390000104904175,0.006999969482421875,0.006999969482421875
808,15,full,0.9505000114440918,0.9509999752044678,-0.0004999637603759766,0.0004999637603759766
808,15,A,0.9559999704360962,0.9620000123977661,-0.006000041961669922,0.006000041961669922
808,15,B,0.9449999928474426,0.9399999976158142,0.004999995231628418,0.004999995231628418
808,16,full,0.9505000114440918,0.9520000219345093,-0.0015000104904174805,0.0015000104904174805
808,16,A,0.9559999704360962,0.9620000123977661,-0.006000041961669922,0.006000041961669922
808,16,B,0.9449999928474426,0.9419999718666077,0.003000020980834961,0.003000020980834961
808,17,full,0.9514999985694885,0.9524999856948853,-0.0009999871253967285,0.0009999871253967285
808,17,A,0.9570000171661377,0.9620000123977661,-0.004999995231628418,0.004999995231628418
808,17,B,0.9459999799728394,0.9430000185966492,0.0029999613761901855,0.0029999613761901855
808,18,full,0.9514999985694885,0.9524999856948853,-0.0009999871253967285,0.0009999871253967285
808,18,A,0.9570000171661377,0.9620000123977661,-0.004999995231628418,0.004999995231628418
808,18,B,0.9459999799728394,0.9430000185966492,0.0029999613761901855,0.0029999613761901855
808,19,full,0.9520000219345093,0.953499972820282,-0.001499950885772705,0.001499950885772705
808,19,A,0.9570000171661377,0.9620000123977661,-0.004999995231628418,0.004999995231628418
808,19,B,0.9470000267028809,0.9449999928474426,0.0020000338554382324,0.0020000338554382324
808,20,full,0.9524999856948853,0.9545000195503235,-0.0020000338554382324,0.0020000338554382324
808,20,A,0.9570000171661377,0.9620000123977661,-0.004999995231628418,0.004999995231628418
808,20,B,0.9480000138282776,0.9470000267028809,0.0009999871253967285,0.0009999871253967285
909,1,full,0.4894999861717224,0.5299999713897705,-0.040499985218048096,0.040499985218048096
909,1,A,0.5699999928474426,0.7160000205039978,-0.14600002765655518,0.14600002765655518
909,1,B,0.4090000092983246,0.3440000116825104,0.06499999761581421,0.06499999761581421
909,2,full,0.7720000147819519,0.7739999890327454,-0.001999974250793457,0.001999974250793457
909,2,A,0.8550000190734863,0.843999981880188,0.01100003719329834,0.01100003719329834
909,2,B,0.6890000104904175,0.7039999961853027,-0.014999985694885254,0.014999985694885254
909,3,full,0.8600000143051147,0.8554999828338623,0.004500031471252441,0.004500031471252441
909,3,A,0.9150000214576721,0.8920000195503235,0.023000001907348633,0.023000001907348633
909,3,B,0.8050000071525574,0.8190000057220459,-0.013999998569488525,0.013999998569488525
909,4,full,0.8899999856948853,0.8845000267028809,0.0054999589920043945,0.0054999589920043945
909,4,A,0.9269999861717224,0.9070000052452087,0.019999980926513672,0.019999980926513672
909,4,B,0.8529999852180481,0.8619999885559082,-0.009000003337860107,0.009000003337860107
909,5,full,0.9110000133514404,0.8974999785423279,0.013500034809112549,0.013500034809112549
909,5,A,0.9409999847412109,0.9200000166893005,0.0209999680519104,0.0209999680519104
909,5,B,0.8809999823570251,0.875,0.0059999823570251465,0.0059999823570251465
909,6,full,0.9225000143051147,0.9079999923706055,0.014500021934509277,0.014500021934509277
909,6,A,0.9470000267028809,0.925000011920929,0.022000014781951904,0.022000014781951904
909,6,B,0.8980000019073486,0.890999972820282,0.00700002908706665,0.00700002908706665
909,7,full,0.9300000071525574,0.9150000214576721,0.014999985694885254,0.014999985694885254
909,7,A,0.949999988079071,0.9290000200271606,0.0209999680519104,0.0209999680519104
909,7,B,0.9100000262260437,0.9010000228881836,0.009000003337860107,0.009000003337860107
909,8,full,0.9359999895095825,0.9194999933242798,0.016499996185302734,0.016499996185302734
909,8,A,0.953000009059906,0.9340000152587891,0.018999993801116943,0.018999993801116943
909,8,B,0.9190000295639038,0.9049999713897705,0.0140000581741333,0.0140000581741333
909,9,full,0.9380000233650208,0.9275000095367432,0.010500013828277588,0.010500013828277588
909,9,A,0.9539999961853027,0.9430000185966492,0.010999977588653564,0.010999977588653564
909,9,B,0.921999990940094,0.9120000004768372,0.009999990463256836,0.009999990463256836
909,10,full,0.9419999718666077,0.9309999942779541,0.010999977588653564,0.010999977588653564
909,10,A,0.9580000042915344,0.9459999799728394,0.012000024318695068,0.012000024318695068
909,10,B,0.9259999990463257,0.9160000085830688,0.009999990463256836,0.009999990463256836
909,11,full,0.9449999928474426,0.9325000047683716,0.012499988079071045,0.012499988079071045
909,11,A,0.9599999785423279,0.9470000267028809,0.012999951839447021,0.012999951839447021
909,11,B,0.9300000071525574,0.9179999828338623,0.012000024318695068,0.012000024318695068
909,12,full,0.9455000162124634,0.9369999766349792,0.00850003957748413,0.00850003957748413
909,12,A,0.9599999785423279,0.9520000219345093,0.007999956607818604,0.007999956607818604
909,12,B,0.9309999942779541,0.921999990940094,0.009000003337860107,0.009000003337860107
909,13,full,0.9480000138282776,0.9384999871253967,0.00950002670288086,0.00950002670288086
909,13,A,0.9610000252723694,0.953000009059906,0.008000016212463379,0.008000016212463379
909,13,B,0.9350000023841858,0.9240000247955322,0.010999977588653564,0.010999977588653564
909,14,full,0.9490000009536743,0.9394999742507935,0.00950002670288086,0.00950002670288086
909,14,A,0.9620000123977661,0.9520000219345093,0.009999990463256836,0.009999990463256836
909,14,B,0.9359999895095825,0.9269999861717224,0.009000003337860107,0.009000003337860107
909,15,full,0.9509999752044678,0.9415000081062317,0.009499967098236084,0.009499967098236084
909,15,A,0.9660000205039978,0.9539999961853027,0.012000024318695068,0.012000024318695068
909,15,B,0.9359999895095825,0.9290000200271606,0.006999969482421875,0.006999969482421875
909,16,full,0.9514999985694885,0.9445000290870667,0.006999969482421875,0.006999969482421875
909,16,A,0.9670000076293945,0.9559999704360962,0.01100003719329834,0.01100003719329834
909,16,B,0.9359999895095825,0.9330000281333923,0.0029999613761901855,0.0029999613761901855
909,17,full,0.9520000219345093,0.9474999904632568,0.004500031471252441,0.004500031471252441
909,17,A,0.9670000076293945,0.9580000042915344,0.009000003337860107,0.009000003337860107
909,17,B,0.9369999766349792,0.9369999766349792,0.0,0.0
909,18,full,0.9520000219345093,0.9484999775886536,0.003500044345855713,0.003500044345855713
909,18,A,0.9670000076293945,0.9580000042915344,0.009000003337860107,0.009000003337860107
909,18,B,0.9369999766349792,0.9390000104904175,-0.0020000338554382324,0.0020000338554382324
909,19,full,0.9524999856948853,0.9505000114440918,0.001999974250793457,0.001999974250793457
909,19,A,0.9679999947547913,0.9589999914169312,0.009000003337860107,0.009000003337860107
909,19,B,0.9369999766349792,0.9419999718666077,-0.004999995231628418,0.004999995231628418
909,20,full,0.953499972820282,0.9520000219345093,0.001499950885772705,0.001499950885772705
909,20,A,0.968999981880188,0.9599999785423279,0.009000003337860107,0.009000003337860107
909,20,B,0.9380000233650208,0.9440000057220459,-0.0059999823570251465,0.0059999823570251465
1010,1,full,0.39800000190734863,0.4325000047683716,-0.03450000286102295,0.03450000286102295
1010,1,A,0.34599998593330383,0.49000000953674316,-0.14400002360343933,0.14400002360343933
1010,1,B,0.44999998807907104,0.375,0.07499998807907104,0.07499998807907104
1010,2,full,0.7070000171661377,0.6990000009536743,0.008000016212463379,0.008000016212463379
1010,2,A,0.7049999833106995,0.7400000095367432,-0.0350000262260437,0.0350000262260437
1010,2,B,0.7089999914169312,0.6579999923706055,0.050999999046325684,0.050999999046325684
1010,3,full,0.843500018119812,0.8169999718666077,0.026500046253204346,0.026500046253204346
1010,3,A,0.8240000009536743,0.8500000238418579,-0.026000022888183594,0.026000022888183594
1010,3,B,0.8629999756813049,0.7839999794960022,0.07899999618530273,0.07899999618530273
1010,4,full,0.8849999904632568,0.8669999837875366,0.018000006675720215,0.018000006675720215
1010,4,A,0.8759999871253967,0.9020000100135803,-0.026000022888183594,0.026000022888183594
1010,4,B,0.8939999938011169,0.8320000171661377,0.06199997663497925,0.06199997663497925
1010,5,full,0.909500002861023,0.8884999752044678,0.021000027656555176,0.021000027656555176
1010,5,A,0.902999997138977,0.9160000085830688,-0.013000011444091797,0.013000011444091797
1010,5,B,0.9160000085830688,0.8610000014305115,0.05500000715255737,0.05500000715255737
1010,6,full,0.925000011920929,0.9045000076293945,0.020500004291534424,0.020500004291534424
1010,6,A,0.925000011920929,0.9229999780654907,0.0020000338554382324,0.0020000338554382324
1010,6,B,0.925000011920929,0.8859999775886536,0.03900003433227539,0.03900003433227539
1010,7,full,0.9340000152587891,0.9114999771118164,0.022500038146972656,0.022500038146972656
1010,7,A,0.9330000281333923,0.9269999861717224,0.006000041961669922,0.006000041961669922
1010,7,B,0.9350000023841858,0.8960000276565552,0.038999974727630615,0.038999974727630615
1010,8,full,0.9419999718666077,0.9169999957084656,0.02499997615814209,0.02499997615814209
1010,8,A,0.9440000057220459,0.9300000071525574,0.013999998569488525,0.013999998569488525
1010,8,B,0.9399999976158142,0.9039999842643738,0.03600001335144043,0.03600001335144043
1010,9,full,0.9449999928474426,0.925000011920929,0.019999980926513672,0.019999980926513672
1010,9,A,0.9480000138282776,0.9350000023841858,0.013000011444091797,0.013000011444091797
1010,9,B,0.9419999718666077,0.9150000214576721,0.026999950408935547,0.026999950408935547
1010,10,full,0.9490000009536743,0.9265000224113464,0.02249997854232788,0.02249997854232788
1010,10,A,0.953000009059906,0.9369999766349792,0.016000032424926758,0.016000032424926758
1010,10,B,0.9449999928474426,0.9160000085830688,0.02899998426437378,0.02899998426437378
1010,11,full,0.9514999985694885,0.9334999918937683,0.018000006675720215,0.018000006675720215
1010,11,A,0.9570000171661377,0.9409999847412109,0.016000032424926758,0.016000032424926758
1010,11,B,0.9459999799728394,0.9259999990463257,0.019999980926513672,0.019999980926513672
1010,12,full,0.9539999961853027,0.9359999895095825,0.018000006675720215,0.018000006675720215
1010,12,A,0.9580000042915344,0.9419999718666077,0.016000032424926758,0.016000032424926758
1010,12,B,0.949999988079071,0.9300000071525574,0.019999980926513672,0.019999980926513672
1010,13,full,0.9559999704360962,0.9375,0.01849997043609619,0.01849997043609619
1010,13,A,0.9589999914169312,0.9449999928474426,0.013999998569488525,0.013999998569488525
1010,13,B,0.953000009059906,0.9300000071525574,0.023000001907348633,0.023000001907348633
1010,14,full,0.9574999809265137,0.9399999976158142,0.017499983310699463,0.017499983310699463
1010,14,A,0.9599999785423279,0.9480000138282776,0.011999964714050293,0.011999964714050293
1010,14,B,0.9549999833106995,0.9319999814033508,0.023000001907348633,0.023000001907348633
1010,15,full,0.9585000276565552,0.9415000081062317,0.017000019550323486,0.017000019550323486
1010,15,A,0.9599999785423279,0.9490000009536743,0.010999977588653564,0.010999977588653564
1010,15,B,0.9570000171661377,0.9340000152587891,0.023000001907348633,0.023000001907348633
1010,16,full,0.9589999914169312,0.9419999718666077,0.017000019550323486,0.017000019550323486
1010,16,A,0.9610000252723694,0.949999988079071,0.01100003719329834,0.01100003719329834
1010,16,B,0.9570000171661377,0.9340000152587891,0.023000001907348633,0.023000001907348633
1010,17,full,0.9595000147819519,0.9434999823570251,0.016000032424926758,0.016000032424926758
1010,17,A,0.9610000252723694,0.9509999752044678,0.010000050067901611,0.010000050067901611
1010,17,B,0.9580000042915344,0.9359999895095825,0.022000014781951904,0.022000014781951904
1010,18,full,0.9599999785423279,0.9440000057220459,0.015999972820281982,0.015999972820281982
1010,18,A,0.9610000252723694,0.9509999752044678,0.010000050067901611,0.010000050067901611
1010,18,B,0.9589999914169312,0.9369999766349792,0.022000014781951904,0.022000014781951904
1010,19,full,0.9610000252723694,0.9455000162124634,0.015500009059906006,0.015500009059906006
1010,19,A,0.9620000123977661,0.9509999752044678,0.01100003719329834,0.01100003719329834
1010,19,B,0.9599999785423279,0.9399999976158142,0.019999980926513672,0.019999980926513672
1010,20,full,0.9610000252723694,0.9459999799728394,0.01500004529953003,0.01500004529953003
1010,20,A,0.9620000123977661,0.9509999752044678,0.01100003719329834,0.01100003719329834
1010,20,B,0.9599999785423279,0.9409999847412109,0.018999993801116943,0.018999993801116943
1111,1,full,0.6815000176429749,0.24250000715255737,0.4390000104904175,0.4390000104904175
1111,1,A,0.7400000095367432,0.3779999911785126,0.3620000183582306,0.3620000183582306
1111,1,B,0.6230000257492065,0.10700000077486038,0.5160000249743462,0.5160000249743462
1111,2,full,0.8659999966621399,0.7425000071525574,0.12349998950958252,0.12349998950958252
1111,2,A,0.8579999804496765,0.7419999837875366,0.11599999666213989,0.11599999666213989
1111,2,B,0.8740000128746033,0.7429999709129333,0.13100004196166992,0.13100004196166992
1111,3,full,0.9120000004768372,0.8399999737739563,0.07200002670288086,0.07200002670288086
1111,3,A,0.902999997138977,0.8479999899864197,0.05500000715255737,0.05500000715255737
1111,3,B,0.9210000038146973,0.8320000171661377,0.08899998664855957,0.08899998664855957
1111,4,full,0.9284999966621399,0.8820000290870667,0.04649996757507324,0.04649996757507324
1111,4,A,0.9279999732971191,0.8980000019073486,0.029999971389770508,0.029999971389770508
1111,4,B,0.9290000200271606,0.8659999966621399,0.06300002336502075,0.06300002336502075
1111,5,full,0.9359999895095825,0.8995000123977661,0.036499977111816406,0.036499977111816406
1111,5,A,0.9369999766349792,0.9150000214576721,0.02199995517730713,0.02199995517730713
1111,5,B,0.9350000023841858,0.8840000033378601,0.050999999046325684,0.050999999046325684
1111,6,full,0.9394999742507935,0.9139999747276306,0.025499999523162842,0.025499999523162842
1111,6,A,0.9419999718666077,0.9309999942779541,0.010999977588653564,0.010999977588653564
1111,6,B,0.9369999766349792,0.8970000147819519,0.039999961853027344,0.039999961853027344
1111,7,full,0.9445000290870667,0.921999990940094,0.022500038146972656,0.022500038146972656
1111,7,A,0.9470000267028809,0.9380000233650208,0.009000003337860107,0.009000003337860107
1111,7,B,0.9419999718666077,0.906000018119812,0.035999953746795654,0.035999953746795654
1111,8,full,0.9465000033378601,0.9269999861717224,0.019500017166137695,0.019500017166137695
1111,8,A,0.9509999752044678,0.9409999847412109,0.009999990463256836,0.009999990463256836
1111,8,B,0.9419999718666077,0.9129999876022339,0.02899998426437378,0.02899998426437378
1111,9,full,0.9480000138282776,0.9300000071525574,0.018000006675720215,0.018000006675720215
1111,9,A,0.9520000219345093,0.9449999928474426,0.00700002908706665,0.00700002908706665
1111,9,B,0.9440000057220459,0.9150000214576721,0.02899998426437378,0.02899998426437378
1111,10,full,0.9484999775886536,0.9325000047683716,0.015999972820281982,0.015999972820281982
1111,10,A,0.953000009059906,0.9459999799728394,0.00700002908706665,0.00700002908706665
1111,10,B,0.9440000057220459,0.9190000295639038,0.02499997615814209,0.02499997615814209
1111,11,full,0.9505000114440918,0.9340000152587891,0.016499996185302734,0.016499996185302734
1111,11,A,0.9559999704360962,0.9470000267028809,0.008999943733215332,0.008999943733215332
1111,11,B,0.9449999928474426,0.9210000038146973,0.02399998903274536,0.02399998903274536
1111,12,full,0.9520000219345093,0.9369999766349792,0.01500004529953003,0.01500004529953003
1111,12,A,0.9589999914169312,0.949999988079071,0.009000003337860107,0.009000003337860107
1111,12,B,0.9449999928474426,0.9240000247955322,0.0209999680519104,0.0209999680519104
1111,13,full,0.9524999856948853,0.9369999766349792,0.015500009059906006,0.015500009059906006
1111,13,A,0.9599999785423279,0.949999988079071,0.009999990463256836,0.009999990463256836
1111,13,B,0.9449999928474426,0.9240000247955322,0.0209999680519104,0.0209999680519104
1111,14,full,0.953000009059906,0.9384999871253967,0.014500021934509277,0.014500021934509277
1111,14,A,0.9599999785423279,0.9509999752044678,0.009000003337860107,0.009000003337860107
1111,14,B,0.9459999799728394,0.9259999990463257,0.019999980926513672,0.019999980926513672
1111,15,full,0.953499972820282,0.9409999847412109,0.012499988079071045,0.012499988079071045
1111,15,A,0.9599999785423279,0.953000009059906,0.006999969482421875,0.006999969482421875
1111,15,B,0.9470000267028809,0.9290000200271606,0.018000006675720215,0.018000006675720215
1111,16,full,0.9549999833106995,0.9409999847412109,0.013999998569488525,0.013999998569488525
1111,16,A,0.9620000123977661,0.9520000219345093,0.009999990463256836,0.009999990463256836
1111,16,B,0.9480000138282776,0.9300000071525574,0.018000006675720215,0.018000006675720215
1111,17,full,0.9564999938011169,0.9434999823570251,0.013000011444091797,0.013000011444091797
1111,17,A,0.9620000123977661,0.9539999961853027,0.008000016212463379,0.008000016212463379
1111,17,B,0.9509999752044678,0.9330000281333923,0.01799994707107544,0.01799994707107544
1111,18,full,0.9564999938011169,0.9465000033378601,0.009999990463256836,0.009999990463256836
1111,18,A,0.9620000123977661,0.9559999704360962,0.006000041961669922,0.006000041961669922
1111,18,B,0.9509999752044678,0.9369999766349792,0.013999998569488525,0.013999998569488525
1111,19,full,0.9585000276565552,0.9484999775886536,0.010000050067901611,0.010000050067901611
1111,19,A,0.9639999866485596,0.9570000171661377,0.006999969482421875,0.006999969482421875
1111,19,B,0.953000009059906,0.9399999976158142,0.013000011444091797,0.013000011444091797
1111,20,full,0.9599999785423279,0.9495000243186951,0.010499954223632812,0.010499954223632812
1111,20,A,0.9649999737739563,0.9580000042915344,0.006999969482421875,0.006999969482421875
1111,20,B,0.9549999833106995,0.9409999847412109,0.013999998569488525,0.013999998569488525
1212,1,full,0.7089999914169312,0.46299999952316284,0.2459999918937683,0.2459999918937683
1212,1,A,0.7580000162124634,0.41100001335144043,0.34700000286102295,0.34700000286102295
1212,1,B,0.6600000262260437,0.5149999856948853,0.14500004053115845,0.14500004053115845
1212,2,full,0.8765000104904175,0.7135000228881836,0.1629999876022339,0.1629999876022339
1212,2,A,0.8410000205039978,0.7300000190734863,0.11100000143051147,0.11100000143051147
1212,2,B,0.9120000004768372,0.6970000267028809,0.2149999737739563,0.2149999737739563
1212,3,full,0.9279999732971191,0.796500027179718,0.13149994611740112,0.13149994611740112
1212,3,A,0.9129999876022339,0.8240000009536743,0.08899998664855957,0.08899998664855957
1212,3,B,0.9430000185966492,0.7689999938011169,0.17400002479553223,0.17400002479553223
1212,4,full,0.9434999823570251,0.8450000286102295,0.09849995374679565,0.09849995374679565
1212,4,A,0.9369999766349792,0.8740000128746033,0.06299996376037598,0.06299996376037598
1212,4,B,0.949999988079071,0.8159999847412109,0.1340000033378601,0.1340000033378601
1212,5,full,0.949999988079071,0.8705000281333923,0.07949995994567871,0.07949995994567871
1212,5,A,0.9470000267028809,0.8960000276565552,0.050999999046325684,0.050999999046325684
1212,5,B,0.953000009059906,0.8450000286102295,0.10799998044967651,0.10799998044967651
1212,6,full,0.9570000171661377,0.8830000162124634,0.07400000095367432,0.07400000095367432
1212,6,A,0.9549999833106995,0.9079999923706055,0.046999990940093994,0.046999990940093994
1212,6,B,0.9589999914169312,0.8579999804496765,0.10100001096725464,0.10100001096725464
1212,7,full,0.9595000147819519,0.8964999914169312,0.06300002336502075,0.06300002336502075
1212,7,A,0.9599999785423279,0.921999990940094,0.03799998760223389,0.03799998760223389
1212,7,B,0.9589999914169312,0.8709999918937683,0.08799999952316284,0.08799999952316284
1212,8,full,0.9620000123977661,0.9049999713897705,0.057000041007995605,0.057000041007995605
1212,8,A,0.9620000123977661,0.9290000200271606,0.03299999237060547,0.03299999237060547
1212,8,B,0.9620000123977661,0.8809999823570251,0.08100003004074097,0.08100003004074097
1212,9,full,0.9624999761581421,0.9139999747276306,0.048500001430511475,0.048500001430511475
1212,9,A,0.9629999995231628,0.9350000023841858,0.02799999713897705,0.02799999713897705
1212,9,B,0.9620000123977661,0.8930000066757202,0.0690000057220459,0.0690000057220459
1212,10,full,0.9629999995231628,0.9210000038146973,0.041999995708465576,0.041999995708465576
1212,10,A,0.9639999866485596,0.9440000057220459,0.019999980926513672,0.019999980926513672
1212,10,B,0.9620000123977661,0.8980000019073486,0.06400001049041748,0.06400001049041748
1212,11,full,0.9639999866485596,0.9254999756813049,0.03850001096725464,0.03850001096725464
1212,11,A,0.9649999737739563,0.9480000138282776,0.01699995994567871,0.01699995994567871
1212,11,B,0.9629999995231628,0.902999997138977,0.06000000238418579,0.06000000238418579
1212,12,full,0.9645000100135803,0.9290000200271606,0.03549998998641968,0.03549998998641968
1212,12,A,0.9649999737739563,0.9509999752044678,0.013999998569488525,0.013999998569488525
1212,12,B,0.9639999866485596,0.9070000052452087,0.05699998140335083,0.05699998140335083
1212,13,full,0.965499997138977,0.9304999709129333,0.0350000262260437,0.0350000262260437
1212,13,A,0.9670000076293945,0.953000009059906,0.013999998569488525,0.013999998569488525
1212,13,B,0.9639999866485596,0.9079999923706055,0.0559999942779541,0.0559999942779541
1212,14,full,0.9660000205039978,0.9325000047683716,0.03350001573562622,0.03350001573562622
1212,14,A,0.9679999947547913,0.953000009059906,0.014999985694885254,0.014999985694885254
1212,14,B,0.9639999866485596,0.9120000004768372,0.05199998617172241,0.05199998617172241
1212,15,full,0.965499997138977,0.9350000023841858,0.03049999475479126,0.03049999475479126
1212,15,A,0.9679999947547913,0.9559999704360962,0.012000024318695068,0.012000024318695068
1212,15,B,0.9629999995231628,0.9139999747276306,0.04900002479553223,0.04900002479553223
1212,16,full,0.965499997138977,0.9369999766349792,0.028500020503997803,0.028500020503997803
1212,16,A,0.9679999947547913,0.9559999704360962,0.012000024318695068,0.012000024318695068
1212,16,B,0.9629999995231628,0.9179999828338623,0.04500001668930054,0.04500001668930054
1212,17,full,0.9664999842643738,0.9384999871253967,0.02799999713897705,0.02799999713897705
1212,17,A,0.968999981880188,0.9580000042915344,0.010999977588653564,0.010999977588653564
1212,17,B,0.9639999866485596,0.9190000295639038,0.04499995708465576,0.04499995708465576
1212,18,full,0.9674999713897705,0.9394999742507935,0.02799999713897705,0.02799999713897705
1212,18,A,0.9700000286102295,0.9580000042915344,0.012000024318695068,0.012000024318695068
1212,18,B,0.9649999737739563,0.9210000038146973,0.04399996995925903,0.04399996995925903
1212,19,full,0.968999981880188,0.9399999976158142,0.02899998426437378,0.02899998426437378
1212,19,A,0.9710000157356262,0.9580000042915344,0.013000011444091797,0.013000011444091797
1212,19,B,0.9670000076293945,0.921999990940094,0.04500001668930054,0.04500001668930054
1212,20,full,0.968999981880188,0.9409999847412109,0.02799999713897705,0.02799999713897705
1212,20,A,0.9710000157356262,0.9580000042915344,0.013000011444091797,0.013000011444091797
1212,20,B,0.9670000076293945,0.9240000247955322,0.042999982833862305,0.042999982833862305
1313,1,full,0.4025000035762787,0.3375000059604645,0.06499999761581421,0.06499999761581421
1313,1,A,0.3779999911785126,0.4740000069141388,-0.09600001573562622,0.09600001573562622
1313,1,B,0.4269999861717224,0.20100000500679016,0.22599998116493225,0.22599998116493225
1313,2,full,0.7570000290870667,0.7204999923706055,0.03650003671646118,0.03650003671646118
1313,2,A,0.6899999976158142,0.6909999847412109,-0.0009999871253967285,0.0009999871253967285
1313,2,B,0.8240000009536743,0.75,0.07400000095367432,0.07400000095367432
1313,3,full,0.8370000123977661,0.8715000152587891,-0.03450000286102295,0.03450000286102295
1313,3,A,0.7900000214576721,0.859000027179718,-0.0690000057220459,0.0690000057220459
1313,3,B,0.8840000033378601,0.8840000033378601,0.0,0.0
1313,4,full,0.8960000276565552,0.906000018119812,-0.009999990463256836,0.009999990463256836
1313,4,A,0.8820000290870667,0.8970000147819519,-0.014999985694885254,0.014999985694885254
1313,4,B,0.9100000262260437,0.9150000214576721,-0.004999995231628418,0.004999995231628418
1313,5,full,0.9304999709129333,0.9194999933242798,0.010999977588653564,0.010999977588653564
1313,5,A,0.9340000152587891,0.9139999747276306,0.020000040531158447,0.020000040531158447
1313,5,B,0.9269999861717224,0.925000011920929,0.001999974250793457,0.001999974250793457
1313,6,full,0.9390000104904175,0.9275000095367432,0.011500000953674316,0.011500000953674316
1313,6,A,0.9419999718666077,0.9240000247955322,0.01799994707107544,0.01799994707107544
1313,6,B,0.9359999895095825,0.9309999942779541,0.004999995231628418,0.004999995231628418
1313,7,full,0.9440000057220459,0.9340000152587891,0.009999990463256836,0.009999990463256836
1313,7,A,0.9430000185966492,0.9330000281333923,0.009999990463256836,0.009999990463256836
1313,7,B,0.9449999928474426,0.9350000023841858,0.009999990463256836,0.009999990463256836
1313,8,full,0.9474999904632568,0.9365000128746033,0.010999977588653564,0.010999977588653564
1313,8,A,0.9470000267028809,0.9369999766349792,0.010000050067901611,0.010000050067901611
1313,8,B,0.9480000138282776,0.9359999895095825,0.012000024318695068,0.012000024318695068
1313,9,full,0.9509999752044678,0.9394999742507935,0.011500000953674316,0.011500000953674316
1313,9,A,0.9509999752044678,0.9419999718666077,0.009000003337860107,0.009000003337860107
1313,9,B,0.9509999752044678,0.9369999766349792,0.013999998569488525,0.013999998569488525
1313,10,full,0.953499972820282,0.9419999718666077,0.011500000953674316,0.011500000953674316
1313,10,A,0.9520000219345093,0.9449999928474426,0.00700002908706665,0.00700002908706665
1313,10,B,0.9549999833106995,0.9390000104904175,0.015999972820281982,0.015999972820281982
1313,11,full,0.9545000195503235,0.9445000290870667,0.009999990463256836,0.009999990463256836
1313,11,A,0.953000009059906,0.9470000267028809,0.0059999823570251465,0.0059999823570251465
1313,11,B,0.9559999704360962,0.9419999718666077,0.013999998569488525,0.013999998569488525
1313,12,full,0.9559999704360962,0.9470000267028809,0.008999943733215332,0.008999943733215332
1313,12,A,0.9559999704360962,0.9480000138282776,0.007999956607818604,0.007999956607818604
1313,12,B,0.9559999704360962,0.9459999799728394,0.009999990463256836,0.009999990463256836
1313,13,full,0.9580000042915344,0.9480000138282776,0.009999990463256836,0.009999990463256836
1313,13,A,0.9589999914169312,0.9490000009536743,0.009999990463256836,0.009999990463256836
1313,13,B,0.9570000171661377,0.9470000267028809,0.009999990463256836,0.009999990463256836
1313,14,full,0.9589999914169312,0.9484999775886536,0.010500013828277588,0.010500013828277588
1313,14,A,0.9599999785423279,0.949999988079071,0.009999990463256836,0.009999990463256836
1313,14,B,0.9580000042915344,0.9470000267028809,0.010999977588653564,0.010999977588653564
1313,15,full,0.9605000019073486,0.9505000114440918,0.009999990463256836,0.009999990463256836
1313,15,A,0.9610000252723694,0.953000009059906,0.008000016212463379,0.008000016212463379
1313,15,B,0.9599999785423279,0.9480000138282776,0.011999964714050293,0.011999964714050293
1313,16,full,0.9620000123977661,0.9505000114440918,0.011500000953674316,0.011500000953674316
1313,16,A,0.9629999995231628,0.953000009059906,0.009999990463256836,0.009999990463256836
1313,16,B,0.9610000252723694,0.9480000138282776,0.013000011444091797,0.013000011444091797
1313,17,full,0.9620000123977661,0.9505000114440918,0.011500000953674316,0.011500000953674316
1313,17,A,0.9629999995231628,0.953000009059906,0.009999990463256836,0.009999990463256836
1313,17,B,0.9610000252723694,0.9480000138282776,0.013000011444091797,0.013000011444091797
1313,18,full,0.9620000123977661,0.9514999985694885,0.010500013828277588,0.010500013828277588
1313,18,A,0.9629999995231628,0.9549999833106995,0.008000016212463379,0.008000016212463379
1313,18,B,0.9610000252723694,0.9480000138282776,0.013000011444091797,0.013000011444091797
1313,19,full,0.9635000228881836,0.953499972820282,0.010000050067901611,0.010000050067901611
1313,19,A,0.9639999866485596,0.9570000171661377,0.006999969482421875,0.006999969482421875
1313,19,B,0.9629999995231628,0.949999988079071,0.013000011444091797,0.013000011444091797
1313,20,full,0.965499997138977,0.953499972820282,0.012000024318695068,0.012000024318695068
1313,20,A,0.9670000076293945,0.9570000171661377,0.009999990463256836,0.009999990463256836
1313,20,B,0.9639999866485596,0.949999988079071,0.013999998569488525,0.013999998569488525
1414,1,full,0.5830000042915344,0.7005000114440918,-0.11750000715255737,0.11750000715255737
1414,1,A,0.6990000009536743,0.8109999895095825,-0.1119999885559082,0.1119999885559082
1414,1,B,0.46700000762939453,0.5899999737739563,-0.12299996614456177,0.12299996614456177
1414,2,full,0.8385000228881836,0.8855000138282776,-0.046999990940093994,0.046999990940093994
1414,2,A,0.9359999895095825,0.9229999780654907,0.013000011444091797,0.013000011444091797
1414,2,B,0.7409999966621399,0.8479999899864197,-0.10699999332427979,0.10699999332427979
1414,3,full,0.9024999737739563,0.9169999957084656,-0.014500021934509277,0.014500021934509277
1414,3,A,0.949999988079071,0.9399999976158142,0.009999990463256836,0.009999990463256836
1414,3,B,0.8550000190734863,0.8939999938011169,-0.038999974727630615,0.038999974727630615
1414,4,full,0.9269999861717224,0.9309999942779541,-0.0040000081062316895,0.0040000081062316895
1414,4,A,0.9629999995231628,0.9490000009536743,0.013999998569488525,0.013999998569488525
1414,4,B,0.890999972820282,0.9129999876022339,-0.022000014781951904,0.022000014781951904
1414,5,full,0.9434999823570251,0.9355000257492065,0.007999956607818604,0.007999956607818604
1414,5,A,0.9700000286102295,0.9520000219345093,0.018000006675720215,0.018000006675720215
1414,5,B,0.9169999957084656,0.9190000295639038,-0.0020000338554382324,0.0020000338554382324
1414,6,full,0.9495000243186951,0.9415000081062317,0.008000016212463379,0.008000016212463379
1414,6,A,0.972000002861023,0.9559999704360962,0.016000032424926758,0.016000032424926758
1414,6,B,0.9269999861717224,0.9269999861717224,0.0,0.0
1414,7,full,0.9545000195503235,0.9459999799728394,0.00850003957748413,0.00850003957748413
1414,7,A,0.9750000238418579,0.9589999914169312,0.016000032424926758,0.016000032424926758
1414,7,B,0.9340000152587891,0.9330000281333923,0.0009999871253967285,0.0009999871253967285
1414,8,full,0.9580000042915344,0.9480000138282776,0.009999990463256836,0.009999990463256836
1414,8,A,0.9760000109672546,0.9629999995231628,0.013000011444091797,0.013000011444091797
1414,8,B,0.9399999976158142,0.9330000281333923,0.006999969482421875,0.006999969482421875
1414,9,full,0.9589999914169312,0.9514999985694885,0.007499992847442627,0.007499992847442627
1414,9,A,0.9739999771118164,0.9649999737739563,0.009000003337860107,0.009000003337860107
1414,9,B,0.9440000057220459,0.9380000233650208,0.0059999823570251465,0.0059999823570251465
1414,10,full,0.9610000252723694,0.9539999961853027,0.00700002908706665,0.00700002908706665
1414,10,A,0.9750000238418579,0.9670000076293945,0.008000016212463379,0.008000016212463379
1414,10,B,0.9470000267028809,0.9409999847412109,0.006000041961669922,0.006000041961669922
1414,11,full,0.9629999995231628,0.9545000195503235,0.008499979972839355,0.008499979972839355
1414,11,A,0.9739999771118164,0.9679999947547913,0.0059999823570251465,0.0059999823570251465
1414,11,B,0.9520000219345093,0.9409999847412109,0.01100003719329834,0.01100003719329834
1414,12,full,0.9635000228881836,0.9549999833106995,0.00850003957748413,0.00850003957748413
1414,12,A,0.9739999771118164,0.968999981880188,0.004999995231628418,0.004999995231628418
1414,12,B,0.953000009059906,0.9409999847412109,0.012000024318695068,0.012000024318695068
1414,13,full,0.9635000228881836,0.9559999704360962,0.007500052452087402,0.007500052452087402
1414,13,A,0.9729999899864197,0.9679999947547913,0.004999995231628418,0.004999995231628418
1414,13,B,0.9539999961853027,0.9440000057220459,0.009999990463256836,0.009999990463256836
1414,14,full,0.9645000100135803,0.9574999809265137,0.00700002908706665,0.00700002908706665
1414,14,A,0.9729999899864197,0.9700000286102295,0.0029999613761901855,0.0029999613761901855
1414,14,B,0.9559999704360962,0.9449999928474426,0.010999977588653564,0.010999977588653564
1414,15,full,0.9649999737739563,0.9580000042915344,0.006999969482421875,0.006999969482421875
1414,15,A,0.9729999899864197,0.9700000286102295,0.0029999613761901855,0.0029999613761901855
1414,15,B,0.9570000171661377,0.9459999799728394,0.01100003719329834,0.01100003719329834
1414,16,full,0.9670000076293945,0.9605000019073486,0.0065000057220458984,0.0065000057220458984
1414,16,A,0.9739999771118164,0.9729999899864197,0.0009999871253967285,0.0009999871253967285
1414,16,B,0.9599999785423279,0.9480000138282776,0.011999964714050293,0.011999964714050293
1414,17,full,0.9670000076293945,0.9624999761581421,0.004500031471252441,0.004500031471252441
1414,17,A,0.9739999771118164,0.9729999899864197,0.0009999871253967285,0.0009999871253967285
1414,17,B,0.9599999785423279,0.9520000219345093,0.007999956607818604,0.007999956607818604
1414,18,full,0.9670000076293945,0.9635000228881836,0.0034999847412109375,0.0034999847412109375
1414,18,A,0.9739999771118164,0.9739999771118164,0.0,0.0
1414,18,B,0.9599999785423279,0.953000009059906,0.006999969482421875,0.006999969482421875
1414,19,full,0.9664999842643738,0.9635000228881836,0.0029999613761901855,0.0029999613761901855
1414,19,A,0.9729999899864197,0.9739999771118164,-0.0009999871253967285,0.0009999871253967285
1414,19,B,0.9599999785423279,0.953000009059906,0.006999969482421875,0.006999969482421875
1414,20,full,0.9674999713897705,0.9635000228881836,0.003999948501586914,0.003999948501586914
1414,20,A,0.9729999899864197,0.9739999771118164,-0.0009999871253967285,0.0009999871253967285
1414,20,B,0.9620000123977661,0.953000009059906,0.009000003337860107,0.009000003337860107
1515,1,full,0.375,0.37400001287460327,0.0009999871253967285,0.0009999871253967285
1515,1,A,0.5609999895095825,0.3240000009536743,0.2369999885559082,0.2369999885559082
1515,1,B,0.1889999955892563,0.42399999499320984,-0.23499999940395355,0.23499999940395355
1515,2,full,0.7235000133514404,0.6215000152587891,0.10199999809265137,0.10199999809265137
1515,2,A,0.746999979019165,0.6299999952316284,0.11699998378753662,0.11699998378753662
1515,2,B,0.699999988079071,0.6129999756813049,0.08700001239776611,0.08700001239776611
1515,3,full,0.8379999995231628,0.734000027179718,0.10399997234344482,0.10399997234344482
1515,3,A,0.828000009059906,0.7429999709129333,0.08500003814697266,0.08500003814697266
1515,3,B,0.8479999899864197,0.7250000238418579,0.12299996614456177,0.12299996614456177
1515,4,full,0.8924999833106995,0.8289999961853027,0.06349998712539673,0.06349998712539673
1515,4,A,0.8849999904632568,0.859000027179718,0.02599996328353882,0.02599996328353882
1515,4,B,0.8999999761581421,0.7990000247955322,0.10099995136260986,0.10099995136260986
1515,5,full,0.9164999723434448,0.8684999942779541,0.04799997806549072,0.04799997806549072
1515,5,A,0.9160000085830688,0.8960000276565552,0.019999980926513672,0.019999980926513672
1515,5,B,0.9169999957084656,0.8410000205039978,0.07599997520446777,0.07599997520446777
1515,6,full,0.9355000257492065,0.890999972820282,0.04450005292892456,0.04450005292892456
1515,6,A,0.9409999847412109,0.9150000214576721,0.02599996328353882,0.02599996328353882
1515,6,B,0.9300000071525574,0.8669999837875366,0.06300002336502075,0.06300002336502075
1515,7,full,0.9415000081062317,0.9020000100135803,0.03949999809265137,0.03949999809265137
1515,7,A,0.9490000009536743,0.9210000038146973,0.02799999713897705,0.02799999713897705
1515,7,B,0.9340000152587891,0.8830000162124634,0.050999999046325684,0.050999999046325684
1515,8,full,0.9465000033378601,0.9100000262260437,0.036499977111816406,0.036499977111816406
1515,8,A,0.9539999961853027,0.921999990940094,0.03200000524520874,0.03200000524520874
1515,8,B,0.9390000104904175,0.8980000019073486,0.04100000858306885,0.04100000858306885
1515,9,full,0.949999988079071,0.9160000085830688,0.0339999794960022,0.0339999794960022
1515,9,A,0.9570000171661377,0.9269999861717224,0.030000030994415283,0.030000030994415283
1515,9,B,0.9430000185966492,0.9049999713897705,0.03800004720687866,0.03800004720687866
1515,10,full,0.9520000219345093,0.9210000038146973,0.03100001811981201,0.03100001811981201
1515,10,A,0.9599999785423279,0.9309999942779541,0.02899998426437378,0.02899998426437378
1515,10,B,0.9440000057220459,0.9110000133514404,0.03299999237060547,0.03299999237060547
1515,11,full,0.9555000066757202,0.9269999861717224,0.028500020503997803,0.028500020503997803
1515,11,A,0.9649999737739563,0.9359999895095825,0.02899998426437378,0.02899998426437378
1515,11,B,0.9459999799728394,0.9179999828338623,0.02799999713897705,0.02799999713897705
1515,12,full,0.9574999809265137,0.9325000047683716,0.02499997615814209,0.02499997615814209
1515,12,A,0.9660000205039978,0.9409999847412109,0.025000035762786865,0.025000035762786865
1515,12,B,0.9490000009536743,0.9240000247955322,0.02499997615814209,0.02499997615814209
1515,13,full,0.9589999914169312,0.9365000128746033,0.02249997854232788,0.02249997854232788
1515,13,A,0.9670000076293945,0.9440000057220459,0.023000001907348633,0.023000001907348633
1515,13,B,0.9509999752044678,0.9290000200271606,0.02199995517730713,0.02199995517730713
1515,14,full,0.9595000147819519,0.940500020980835,0.018999993801116943,0.018999993801116943
1515,14,A,0.9670000076293945,0.9459999799728394,0.021000027656555176,0.021000027656555176
1515,14,B,0.9520000219345093,0.9350000023841858,0.017000019550323486,0.017000019550323486
1515,15,full,0.9605000019073486,0.9409999847412109,0.019500017166137695,0.019500017166137695
1515,15,A,0.9679999947547913,0.9470000267028809,0.0209999680519104,0.0209999680519104
1515,15,B,0.953000009059906,0.9350000023841858,0.018000006675720215,0.018000006675720215
1515,16,full,0.9605000019073486,0.9419999718666077,0.018500030040740967,0.018500030040740967
1515,16,A,0.9679999947547913,0.9470000267028809,0.0209999680519104,0.0209999680519104
1515,16,B,0.953000009059906,0.9369999766349792,0.016000032424926758,0.016000032424926758
1515,17,full,0.9614999890327454,0.9434999823570251,0.018000006675720215,0.018000006675720215
1515,17,A,0.9679999947547913,0.9480000138282776,0.019999980926513672,0.019999980926513672
1515,17,B,0.9549999833106995,0.9390000104904175,0.015999972820281982,0.015999972820281982
1515,18,full,0.9624999761581421,0.9455000162124634,0.01699995994567871,0.01699995994567871
1515,18,A,0.968999981880188,0.9520000219345093,0.01699995994567871,0.01699995994567871
1515,18,B,0.9559999704360962,0.9390000104904175,0.01699995994567871,0.01699995994567871
1515,19,full,0.9645000100135803,0.9470000267028809,0.017499983310699463,0.017499983310699463
1515,19,A,0.9729999899864197,0.953000009059906,0.019999980926513672,0.019999980926513672
1515,19,B,0.9559999704360962,0.9409999847412109,0.014999985694885254,0.014999985694885254
1515,20,full,0.9649999737739563,0.9480000138282776,0.01699995994567871,0.01699995994567871
1515,20,A,0.9729999899864197,0.9539999961853027,0.018999993801116943,0.018999993801116943
1515,20,B,0.9570000171661377,0.9419999718666077,0.01500004529953003,0.01500004529953003
1616,1,full,0.47099998593330383,0.5055000185966492,-0.03450003266334534,0.03450003266334534
1616,1,A,0.5789999961853027,0.5339999794960022,0.04500001668930054,0.04500001668930054
1616,1,B,0.3630000054836273,0.47699999809265137,-0.11399999260902405,0.11399999260902405
1616,2,full,0.7940000295639038,0.7764999866485596,0.01750004291534424,0.01750004291534424
1616,2,A,0.8460000157356262,0.8019999861717224,0.04400002956390381,0.04400002956390381
1616,2,B,0.7419999837875366,0.7509999871253967,-0.009000003337860107,0.009000003337860107
1616,3,full,0.890500009059906,0.8539999723434448,0.03650003671646118,0.03650003671646118
1616,3,A,0.9049999713897705,0.8669999837875366,0.03799998760223389,0.03799998760223389
1616,3,B,0.8759999871253967,0.8410000205039978,0.034999966621398926,0.034999966621398926
1616,4,full,0.9129999876022339,0.8799999952316284,0.03299999237060547,0.03299999237060547
1616,4,A,0.9269999861717224,0.8840000033378601,0.042999982833862305,0.042999982833862305
1616,4,B,0.8989999890327454,0.8759999871253967,0.023000001907348633,0.023000001907348633
1616,5,full,0.9269999861717224,0.8939999938011169,0.03299999237060547,0.03299999237060547
1616,5,A,0.9409999847412109,0.9020000100135803,0.038999974727630615,0.038999974727630615
1616,5,B,0.9129999876022339,0.8859999775886536,0.027000010013580322,0.027000010013580322
1616,6,full,0.9375,0.9049999713897705,0.03250002861022949,0.03250002861022949
1616,6,A,0.949999988079071,0.9150000214576721,0.034999966621398926,0.034999966621398926
1616,6,B,0.925000011920929,0.8949999809265137,0.030000030994415283,0.030000030994415283
1616,7,full,0.9434999823570251,0.9150000214576721,0.028499960899353027,0.028499960899353027
1616,7,A,0.9570000171661377,0.9259999990463257,0.03100001811981201,0.03100001811981201
1616,7,B,0.9300000071525574,0.9039999842643738,0.026000022888183594,0.026000022888183594
1616,8,full,0.9465000033378601,0.9210000038146973,0.025499999523162842,0.025499999523162842
1616,8,A,0.9589999914169312,0.9319999814033508,0.027000010013580322,0.027000010013580322
1616,8,B,0.9340000152587891,0.9100000262260437,0.02399998903274536,0.02399998903274536
1616,9,full,0.9520000219345093,0.9279999732971191,0.024000048637390137,0.024000048637390137
1616,9,A,0.9639999866485596,0.9359999895095825,0.02799999713897705,0.02799999713897705
1616,9,B,0.9399999976158142,0.9200000166893005,0.019999980926513672,0.019999980926513672
1616,10,full,0.9539999961853027,0.9315000176429749,0.02249997854232788,0.02249997854232788
1616,10,A,0.9649999737739563,0.9380000233650208,0.026999950408935547,0.026999950408935547
1616,10,B,0.9430000185966492,0.925000011920929,0.018000006675720215,0.018000006675720215
1616,11,full,0.9545000195503235,0.9350000023841858,0.019500017166137695,0.019500017166137695
1616,11,A,0.9649999737739563,0.9430000185966492,0.02199995517730713,0.02199995517730713
1616,11,B,0.9440000057220459,0.9269999861717224,0.017000019550323486,0.017000019550323486
1616,12,full,0.9555000066757202,0.9384999871253967,0.017000019550323486,0.017000019550323486
1616,12,A,0.9660000205039978,0.9470000267028809,0.018999993801116943,0.018999993801116943
1616,12,B,0.9449999928474426,0.9300000071525574,0.014999985694885254,0.014999985694885254
1616,13,full,0.9570000171661377,0.9409999847412109,0.016000032424926758,0.016000032424926758
1616,13,A,0.9679999947547913,0.949999988079071,0.018000006675720215,0.018000006675720215
1616,13,B,0.9459999799728394,0.9319999814033508,0.013999998569488525,0.013999998569488525
1616,14,full,0.9589999914169312,0.9419999718666077,0.017000019550323486,0.017000019550323486
1616,14,A,0.968999981880188,0.9509999752044678,0.018000006675720215,0.018000006675720215
1616,14,B,0.9490000009536743,0.9330000281333923,0.015999972820281982,0.015999972820281982
1616,15,full,0.9605000019073486,0.9445000290870667,0.015999972820281982,0.015999972820281982
1616,15,A,0.968999981880188,0.9559999704360962,0.013000011444091797,0.013000011444091797
1616,15,B,0.9520000219345093,0.9330000281333923,0.018999993801116943,0.018999993801116943
1616,16,full,0.9610000252723694,0.9445000290870667,0.016499996185302734,0.016499996185302734
1616,16,A,0.968999981880188,0.9570000171661377,0.011999964714050293,0.011999964714050293
1616,16,B,0.953000009059906,0.9319999814033508,0.021000027656555176,0.021000027656555176
1616,17,full,0.9620000123977661,0.9459999799728394,0.016000032424926758,0.016000032424926758
1616,17,A,0.9710000157356262,0.9580000042915344,0.013000011444091797,0.013000011444091797
1616,17,B,0.953000009059906,0.9340000152587891,0.018999993801116943,0.018999993801116943
1616,18,full,0.9620000123977661,0.9470000267028809,0.014999985694885254,0.014999985694885254
1616,18,A,0.9710000157356262,0.9589999914169312,0.012000024318695068,0.012000024318695068
1616,18,B,0.953000009059906,0.9350000023841858,0.018000006675720215,0.018000006675720215
1616,19,full,0.9635000228881836,0.9480000138282776,0.015500009059906006,0.015500009059906006
1616,19,A,0.9710000157356262,0.9589999914169312,0.012000024318695068,0.012000024318695068
1616,19,B,0.9559999704360962,0.9369999766349792,0.018999993801116943,0.018999993801116943
1616,20,full,0.9639999866485596,0.9509999752044678,0.013000011444091797,0.013000011444091797
1616,20,A,0.9710000157356262,0.9620000123977661,0.009000003337860107,0.009000003337860107
1616,20,B,0.9570000171661377,0.9399999976158142,0.017000019550323486,0.017000019550323486
1717,1,full,0.4970000088214874,0.5435000061988831,-0.04649999737739563,0.04649999737739563
1717,1,A,0.6309999823570251,0.49300000071525574,0.1379999816417694,0.1379999816417694
1717,1,B,0.3630000054836273,0.593999981880188,-0.23099997639656067,0.23099997639656067
1717,2,full,0.7254999876022339,0.7419999837875366,-0.016499996185302734,0.016499996185302734
1717,2,A,0.8309999704360962,0.6620000004768372,0.16899996995925903,0.16899996995925903
1717,2,B,0.6200000047683716,0.8220000267028809,-0.20200002193450928,0.20200002193450928
1717,3,full,0.8174999952316284,0.8790000081062317,-0.06150001287460327,0.06150001287460327
1717,3,A,0.906000018119812,0.8809999823570251,0.025000035762786865,0.025000035762786865
1717,3,B,0.7289999723434448,0.8769999742507935,-0.14800000190734863,0.14800000190734863
1717,4,full,0.8694999814033508,0.909500002861023,-0.04000002145767212,0.04000002145767212
1717,4,A,0.9390000104904175,0.9160000085830688,0.023000001907348633,0.023000001907348633
1717,4,B,0.800000011920929,0.902999997138977,-0.1029999852180481,0.1029999852180481
1717,5,full,0.8934999704360962,0.9204999804496765,-0.027000010013580322,0.027000010013580322
1717,5,A,0.949999988079071,0.9259999990463257,0.02399998903274536,0.02399998903274536
1717,5,B,0.8370000123977661,0.9150000214576721,-0.078000009059906,0.078000009059906
1717,6,full,0.909500002861023,0.9300000071525574,-0.020500004291534424,0.020500004291534424
1717,6,A,0.9539999961853027,0.9359999895095825,0.018000006675720215,0.018000006675720215
1717,6,B,0.8650000095367432,0.9240000247955322,-0.05900001525878906,0.05900001525878906
1717,7,full,0.9160000085830688,0.9375,-0.021499991416931152,0.021499991416931152
1717,7,A,0.9549999833106995,0.9419999718666077,0.013000011444091797,0.013000011444091797
1717,7,B,0.8769999742507935,0.9330000281333923,-0.05600005388259888,0.05600005388259888
1717,8,full,0.9204999804496765,0.9399999976158142,-0.019500017166137695,0.019500017166137695
1717,8,A,0.9549999833106995,0.9440000057220459,0.010999977588653564,0.010999977588653564
1717,8,B,0.8859999775886536,0.9359999895095825,-0.050000011920928955,0.050000011920928955
1717,9,full,0.9254999756813049,0.9424999952316284,-0.017000019550323486,0.017000019550323486
1717,9,A,0.9549999833106995,0.9480000138282776,0.006999969482421875,0.006999969482421875
1717,9,B,0.8960000276565552,0.9369999766349792,-0.04099994897842407,0.04099994897842407
1717,10,full,0.9290000200271606,0.9465000033378601,-0.017499983310699463,0.017499983310699463
1717,10,A,0.9559999704360962,0.9509999752044678,0.004999995231628418,0.004999995231628418
1717,10,B,0.9020000100135803,0.9419999718666077,-0.039999961853027344,0.039999961853027344
1717,11,full,0.9300000071525574,0.9514999985694885,-0.021499991416931152,0.021499991416931152
1717,11,A,0.9559999704360962,0.9570000171661377,-0.001000046730041504,0.001000046730041504
1717,11,B,0.9039999842643738,0.9459999799728394,-0.041999995708465576,0.041999995708465576
1717,12,full,0.9350000023841858,0.953000009059906,-0.018000006675720215,0.018000006675720215
1717,12,A,0.9570000171661377,0.9570000171661377,0.0,0.0
1717,12,B,0.9129999876022339,0.9490000009536743,-0.03600001335144043,0.03600001335144043
1717,13,full,0.9380000233650208,0.9545000195503235,-0.016499996185302734,0.016499996185302734
1717,13,A,0.9599999785423279,0.9589999914169312,0.0009999871253967285,0.0009999871253967285
1717,13,B,0.9160000085830688,0.949999988079071,-0.0339999794960022,0.0339999794960022
1717,14,full,0.940500020980835,0.9545000195503235,-0.013999998569488525,0.013999998569488525
1717,14,A,0.9599999785423279,0.9589999914169312,0.0009999871253967285,0.0009999871253967285
1717,14,B,0.9210000038146973,0.949999988079071,-0.02899998426437378,0.02899998426437378
1717,15,full,0.9409999847412109,0.9559999704360962,-0.014999985694885254,0.014999985694885254
1717,15,A,0.9610000252723694,0.9620000123977661,-0.0009999871253967285,0.0009999871253967285
1717,15,B,0.9210000038146973,0.949999988079071,-0.02899998426437378,0.02899998426437378
1717,16,full,0.9424999952316284,0.9570000171661377,-0.014500021934509277,0.014500021934509277
1717,16,A,0.9610000252723694,0.9620000123977661,-0.0009999871253967285,0.0009999871253967285
1717,16,B,0.9240000247955322,0.9520000219345093,-0.02799999713897705,0.02799999713897705
1717,17,full,0.9424999952316284,0.9580000042915344,-0.015500009059906006,0.015500009059906006
1717,17,A,0.9610000252723694,0.9620000123977661,-0.0009999871253967285,0.0009999871253967285
1717,17,B,0.9240000247955322,0.9539999961853027,-0.029999971389770508,0.029999971389770508
1717,18,full,0.9434999823570251,0.9589999914169312,-0.015500009059906006,0.015500009059906006
1717,18,A,0.9629999995231628,0.9620000123977661,0.0009999871253967285,0.0009999871253967285
1717,18,B,0.9240000247955322,0.9559999704360962,-0.031999945640563965,0.031999945640563965
1717,19,full,0.9445000290870667,0.9595000147819519,-0.014999985694885254,0.014999985694885254
1717,19,A,0.9629999995231628,0.9629999995231628,0.0,0.0
1717,19,B,0.9259999990463257,0.9559999704360962,-0.029999971389770508,0.029999971389770508
1717,20,full,0.9465000033378601,0.9595000147819519,-0.013000011444091797,0.013000011444091797
1717,20,A,0.9660000205039978,0.9629999995231628,0.003000020980834961,0.003000020980834961
1717,20,B,0.9269999861717224,0.9559999704360962,-0.02899998426437378,0.02899998426437378
1818,1,full,0.3804999887943268,0.5325000286102295,-0.1520000398159027,0.1520000398159027
1818,1,A,0.5199999809265137,0.7179999947547913,-0.1980000138282776,0.1980000138282776
1818,1,B,0.2409999966621399,0.34700000286102295,-0.10600000619888306,0.10600000619888306
1818,2,full,0.6759999990463257,0.8615000247955322,-0.18550002574920654,0.18550002574920654
1818,2,A,0.7910000085830688,0.921999990940094,-0.13099998235702515,0.13099998235702515
1818,2,B,0.5609999895095825,0.8009999990463257,-0.24000000953674316,0.24000000953674316
1818,3,full,0.8324999809265137,0.9244999885559082,-0.09200000762939453,0.09200000762939453
1818,3,A,0.8920000195503235,0.9559999704360962,-0.0639999508857727,0.0639999508857727
1818,3,B,0.7730000019073486,0.8930000066757202,-0.12000000476837158,0.12000000476837158
1818,4,full,0.8974999785423279,0.940500020980835,-0.04300004243850708,0.04300004243850708
1818,4,A,0.9309999942779541,0.9660000205039978,-0.0350000262260437,0.0350000262260437
1818,4,B,0.8640000224113464,0.9150000214576721,-0.050999999046325684,0.050999999046325684
1818,5,full,0.9225000143051147,0.9470000267028809,-0.024500012397766113,0.024500012397766113
1818,5,A,0.9440000057220459,0.9660000205039978,-0.022000014781951904,0.022000014781951904
1818,5,B,0.9010000228881836,0.9279999732971191,-0.026999950408935547,0.026999950408935547
1818,6,full,0.9390000104904175,0.949999988079071,-0.010999977588653564,0.010999977588653564
1818,6,A,0.9520000219345093,0.9700000286102295,-0.018000006675720215,0.018000006675720215
1818,6,B,0.9259999990463257,0.9300000071525574,-0.0040000081062316895,0.0040000081062316895
1818,7,full,0.9449999928474426,0.953000009059906,-0.008000016212463379,0.008000016212463379
1818,7,A,0.9570000171661377,0.972000002861023,-0.014999985694885254,0.014999985694885254
1818,7,B,0.9330000281333923,0.9340000152587891,-0.0009999871253967285,0.0009999871253967285
1818,8,full,0.9505000114440918,0.9549999833106995,-0.004499971866607666,0.004499971866607666
1818,8,A,0.9620000123977661,0.972000002861023,-0.009999990463256836,0.009999990463256836
1818,8,B,0.9390000104904175,0.9380000233650208,0.0009999871253967285,0.0009999871253967285
1818,9,full,0.9539999961853027,0.9555000066757202,-0.0015000104904174805,0.0015000104904174805
1818,9,A,0.9629999995231628,0.972000002861023,-0.009000003337860107,0.009000003337860107
1818,9,B,0.9449999928474426,0.9390000104904175,0.0059999823570251465,0.0059999823570251465
1818,10,full,0.9564999938011169,0.9555000066757202,0.0009999871253967285,0.0009999871253967285
1818,10,A,0.9649999737739563,0.972000002861023,-0.00700002908706665,0.00700002908706665
1818,10,B,0.9480000138282776,0.9390000104904175,0.009000003337860107,0.009000003337860107
1818,11,full,0.9585000276565552,0.9574999809265137,0.001000046730041504,0.001000046730041504
1818,11,A,0.968999981880188,0.9729999899864197,-0.0040000081062316895,0.0040000081062316895
1818,11,B,0.9480000138282776,0.9419999718666077,0.006000041961669922,0.006000041961669922
1818,12,full,0.9595000147819519,0.9589999914169312,0.000500023365020752,0.000500023365020752
1818,12,A,0.9700000286102295,0.9729999899864197,-0.0029999613761901855,0.0029999613761901855
1818,12,B,0.9490000009536743,0.9449999928474426,0.0040000081062316895,0.0040000081062316895
1818,13,full,0.9620000123977661,0.9595000147819519,0.002499997615814209,0.002499997615814209
1818,13,A,0.9739999771118164,0.9729999899864197,0.0009999871253967285,0.0009999871253967285
1818,13,B,0.949999988079071,0.9459999799728394,0.0040000081062316895,0.0040000081062316895
1818,14,full,0.9635000228881836,0.9595000147819519,0.0040000081062316895,0.0040000081062316895
1818,14,A,0.9739999771118164,0.9729999899864197,0.0009999871253967285,0.0009999871253967285
1818,14,B,0.953000009059906,0.9459999799728394,0.00700002908706665,0.00700002908706665
1818,15,full,0.9645000100135803,0.9605000019073486,0.0040000081062316895,0.0040000081062316895
1818,15,A,0.9760000109672546,0.9729999899864197,0.003000020980834961,0.003000020980834961
1818,15,B,0.953000009059906,0.9480000138282776,0.004999995231628418,0.004999995231628418
1818,16,full,0.965499997138977,0.9614999890327454,0.0040000081062316895,0.0040000081062316895
1818,16,A,0.9779999852180481,0.9750000238418579,0.0029999613761901855,0.0029999613761901855
1818,16,B,0.953000009059906,0.9480000138282776,0.004999995231628418,0.004999995231628418
1818,17,full,0.9660000205039978,0.9614999890327454,0.004500031471252441,0.004500031471252441
1818,17,A,0.9789999723434448,0.9750000238418579,0.003999948501586914,0.003999948501586914
1818,17,B,0.953000009059906,0.9480000138282776,0.004999995231628418,0.004999995231628418
1818,18,full,0.9670000076293945,0.9620000123977661,0.004999995231628418,0.004999995231628418
1818,18,A,0.9789999723434448,0.9750000238418579,0.003999948501586914,0.003999948501586914
1818,18,B,0.9549999833106995,0.9490000009536743,0.0059999823570251465,0.0059999823570251465
1818,19,full,0.9674999713897705,0.9620000123977661,0.0054999589920043945,0.0054999589920043945
1818,19,A,0.9800000190734863,0.9750000238418579,0.004999995231628418,0.004999995231628418
1818,19,B,0.9549999833106995,0.9490000009536743,0.0059999823570251465,0.0059999823570251465
1818,20,full,0.9679999947547913,0.9635000228881836,0.004499971866607666,0.004499971866607666
1818,20,A,0.9789999723434448,0.9760000109672546,0.0029999613761901855,0.0029999613761901855
1818,20,B,0.9570000171661377,0.9509999752044678,0.006000041961669922,0.006000041961669922
1919,1,full,0.5519999861717224,0.5770000219345093,-0.025000035762786865,0.025000035762786865
1919,1,A,0.7329999804496765,0.8019999861717224,-0.0690000057220459,0.0690000057220459
1919,1,B,0.3709999918937683,0.35199999809265137,0.018999993801116943,0.018999993801116943
1919,2,full,0.8080000281333923,0.8349999785423279,-0.026999950408935547,0.026999950408935547
1919,2,A,0.8980000019073486,0.902999997138977,-0.004999995231628418,0.004999995231628418
1919,2,B,0.7179999947547913,0.7670000195503235,-0.04900002479553223,0.04900002479553223
1919,3,full,0.8815000057220459,0.9070000052452087,-0.025499999523162842,0.025499999523162842
1919,3,A,0.9330000281333923,0.9399999976158142,-0.006999969482421875,0.006999969482421875
1919,3,B,0.8299999833106995,0.8740000128746033,-0.04400002956390381,0.04400002956390381
1919,4,full,0.906000018119812,0.9309999942779541,-0.02499997615814209,0.02499997615814209
1919,4,A,0.9409999847412109,0.953000009059906,-0.012000024318695068,0.012000024318695068
1919,4,B,0.8709999918937683,0.9089999794960022,-0.03799998760223389,0.03799998760223389
1919,5,full,0.9185000061988831,0.9390000104904175,-0.020500004291534424,0.020500004291534424
1919,5,A,0.9480000138282776,0.9559999704360962,-0.007999956607818604,0.007999956607818604
1919,5,B,0.8889999985694885,0.921999990940094,-0.03299999237060547,0.03299999237060547
1919,6,full,0.9259999990463257,0.9445000290870667,-0.018500030040740967,0.018500030040740967
1919,6,A,0.9490000009536743,0.9599999785423279,-0.010999977588653564,0.010999977588653564
1919,6,B,0.902999997138977,0.9290000200271606,-0.026000022888183594,0.026000022888183594
1919,7,full,0.9304999709129333,0.9474999904632568,-0.017000019550323486,0.017000019550323486
1919,7,A,0.9520000219345093,0.9599999785423279,-0.007999956607818604,0.007999956607818604
1919,7,B,0.9089999794960022,0.9350000023841858,-0.026000022888183594,0.026000022888183594
1919,8,full,0.9350000023841858,0.9505000114440918,-0.015500009059906006,0.015500009059906006
1919,8,A,0.953000009059906,0.9629999995231628,-0.009999990463256836,0.009999990463256836
1919,8,B,0.9169999957084656,0.9380000233650208,-0.021000027656555176,0.021000027656555176
1919,9,full,0.9375,0.9509999752044678,-0.013499975204467773,0.013499975204467773
1919,9,A,0.953000009059906,0.9639999866485596,-0.010999977588653564,0.010999977588653564
1919,9,B,0.921999990940094,0.9380000233650208,-0.016000032424926758,0.016000032424926758
1919,10,full,0.9415000081062317,0.9545000195503235,-0.013000011444091797,0.013000011444091797
1919,10,A,0.9570000171661377,0.9670000076293945,-0.009999990463256836,0.009999990463256836
1919,10,B,0.9259999990463257,0.9419999718666077,-0.015999972820281982,0.015999972820281982
1919,11,full,0.9440000057220459,0.9559999704360962,-0.011999964714050293,0.011999964714050293
1919,11,A,0.9610000252723694,0.9679999947547913,-0.006999969482421875,0.006999969482421875
1919,11,B,0.9269999861717224,0.9440000057220459,-0.017000019550323486,0.017000019550323486
1919,12,full,0.9459999799728394,0.9574999809265137,-0.011500000953674316,0.011500000953674316
1919,12,A,0.9610000252723694,0.968999981880188,-0.007999956607818604,0.007999956607818604
1919,12,B,0.9309999942779541,0.9459999799728394,-0.014999985694885254,0.014999985694885254
1919,13,full,0.9480000138282776,0.9585000276565552,-0.010500013828277588,0.010500013828277588
1919,13,A,0.9620000123977661,0.9700000286102295,-0.008000016212463379,0.008000016212463379
1919,13,B,0.9340000152587891,0.9470000267028809,-0.013000011444091797,0.013000011444091797
1919,14,full,0.9480000138282776,0.9599999785423279,-0.011999964714050293,0.011999964714050293
1919,14,A,0.9610000252723694,0.9710000157356262,-0.009999990463256836,0.009999990463256836
1919,14,B,0.9350000023841858,0.9490000009536743,-0.013999998569488525,0.013999998569488525
1919,15,full,0.949999988079071,0.9595000147819519,-0.00950002670288086,0.00950002670288086
1919,15,A,0.9610000252723694,0.9700000286102295,-0.009000003337860107,0.009000003337860107
1919,15,B,0.9390000104904175,0.9490000009536743,-0.009999990463256836,0.009999990463256836
1919,16,full,0.9514999985694885,0.9599999785423279,-0.008499979972839355,0.008499979972839355
1919,16,A,0.9610000252723694,0.9700000286102295,-0.009000003337860107,0.009000003337860107
1919,16,B,0.9419999718666077,0.949999988079071,-0.008000016212463379,0.008000016212463379
1919,17,full,0.9514999985694885,0.9595000147819519,-0.008000016212463379,0.008000016212463379
1919,17,A,0.9610000252723694,0.968999981880188,-0.007999956607818604,0.007999956607818604
1919,17,B,0.9419999718666077,0.949999988079071,-0.008000016212463379,0.008000016212463379
1919,18,full,0.9524999856948853,0.9620000123977661,-0.00950002670288086,0.00950002670288086
1919,18,A,0.9620000123977661,0.9710000157356262,-0.009000003337860107,0.009000003337860107
1919,18,B,0.9430000185966492,0.953000009059906,-0.009999990463256836,0.009999990463256836
1919,19,full,0.953499972820282,0.9620000123977661,-0.00850003957748413,0.00850003957748413
1919,19,A,0.9620000123977661,0.972000002861023,-0.009999990463256836,0.009999990463256836
1919,19,B,0.9449999928474426,0.9520000219345093,-0.00700002908706665,0.00700002908706665
1919,20,full,0.9539999961853027,0.9629999995231628,-0.009000003337860107,0.009000003337860107
1919,20,A,0.9620000123977661,0.9729999899864197,-0.010999977588653564,0.010999977588653564
1919,20,B,0.9459999799728394,0.953000009059906,-0.00700002908706665,0.00700002908706665
2020,1,full,0.6004999876022339,0.5874999761581421,0.013000011444091797,0.013000011444091797
2020,1,A,0.6710000038146973,0.5210000276565552,0.1499999761581421,0.1499999761581421
2020,1,B,0.5299999713897705,0.6539999842643738,-0.12400001287460327,0.12400001287460327
2020,2,full,0.7985000014305115,0.8025000095367432,-0.0040000081062316895,0.0040000081062316895
2020,2,A,0.8489999771118164,0.753000020980835,0.09599995613098145,0.09599995613098145
2020,2,B,0.7480000257492065,0.8519999980926514,-0.10399997234344482,0.10399997234344482
2020,3,full,0.8799999952316284,0.8665000200271606,0.013499975204467773,0.013499975204467773
2020,3,A,0.9079999923706055,0.8379999995231628,0.06999999284744263,0.06999999284744263
2020,3,B,0.8519999980926514,0.8949999809265137,-0.042999982833862305,0.042999982833862305
2020,4,full,0.9039999842643738,0.8974999785423279,0.0065000057220458984,0.0065000057220458984
2020,4,A,0.9309999942779541,0.878000020980835,0.05299997329711914,0.05299997329711914
2020,4,B,0.8769999742507935,0.9169999957084656,-0.04000002145767212,0.04000002145767212
2020,5,full,0.9164999723434448,0.9110000133514404,0.0054999589920043945,0.0054999589920043945
2020,5,A,0.9359999895095825,0.8980000019073486,0.03799998760223389,0.03799998760223389
2020,5,B,0.8970000147819519,0.9240000247955322,-0.027000010013580322,0.027000010013580322
2020,6,full,0.9259999990463257,0.9229999780654907,0.003000020980834961,0.003000020980834961
2020,6,A,0.9419999718666077,0.9139999747276306,0.02799999713897705,0.02799999713897705
2020,6,B,0.9100000262260437,0.9319999814033508,-0.02199995517730713,0.02199995517730713
2020,7,full,0.9304999709129333,0.9284999966621399,0.001999974250793457,0.001999974250793457
2020,7,A,0.9440000057220459,0.921999990940094,0.022000014781951904,0.022000014781951904
2020,7,B,0.9169999957084656,0.9350000023841858,-0.018000006675720215,0.018000006675720215
2020,8,full,0.9369999766349792,0.934499979019165,0.002499997615814209,0.002499997615814209
2020,8,A,0.9440000057220459,0.9290000200271606,0.014999985694885254,0.014999985694885254
2020,8,B,0.9300000071525574,0.9399999976158142,-0.009999990463256836,0.009999990463256836
2020,9,full,0.9390000104904175,0.9375,0.0015000104904174805,0.0015000104904174805
2020,9,A,0.9470000267028809,0.9340000152587891,0.013000011444091797,0.013000011444091797
2020,9,B,0.9309999942779541,0.9409999847412109,-0.009999990463256836,0.009999990463256836
2020,10,full,0.9424999952316284,0.9415000081062317,0.0009999871253967285,0.0009999871253967285
2020,10,A,0.9480000138282776,0.9380000233650208,0.009999990463256836,0.009999990463256836
2020,10,B,0.9369999766349792,0.9449999928474426,-0.008000016212463379,0.008000016212463379
2020,11,full,0.9455000162124634,0.9449999928474426,0.000500023365020752,0.000500023365020752
2020,11,A,0.9509999752044678,0.9430000185966492,0.007999956607818604,0.007999956607818604
2020,11,B,0.9399999976158142,0.9470000267028809,-0.00700002908706665,0.00700002908706665
2020,12,full,0.9470000267028809,0.9470000267028809,0.0,0.0
2020,12,A,0.9520000219345093,0.9449999928474426,0.00700002908706665,0.00700002908706665
2020,12,B,0.9419999718666077,0.9490000009536743,-0.00700002908706665,0.00700002908706665
2020,13,full,0.9490000009536743,0.9480000138282776,0.0009999871253967285,0.0009999871253967285
2020,13,A,0.9539999961853027,0.9459999799728394,0.008000016212463379,0.008000016212463379
2020,13,B,0.9440000057220459,0.949999988079071,-0.0059999823570251465,0.0059999823570251465
2020,14,full,0.9505000114440918,0.949999988079071,0.000500023365020752,0.000500023365020752
2020,14,A,0.9549999833106995,0.9459999799728394,0.009000003337860107,0.009000003337860107
2020,14,B,0.9459999799728394,0.9539999961853027,-0.008000016212463379,0.008000016212463379
2020,15,full,0.9514999985694885,0.9509999752044678,0.000500023365020752,0.000500023365020752
2020,15,A,0.9549999833106995,0.9470000267028809,0.007999956607818604,0.007999956607818604
2020,15,B,0.9480000138282776,0.9549999833106995,-0.006999969482421875,0.006999969482421875
2020,16,full,0.9514999985694885,0.953000009059906,-0.0015000104904174805,0.0015000104904174805
2020,16,A,0.9539999961853027,0.9490000009536743,0.004999995231628418,0.004999995231628418
2020,16,B,0.9490000009536743,0.9570000171661377,-0.008000016212463379,0.008000016212463379
2020,17,full,0.953000009059906,0.953499972820282,-0.0004999637603759766,0.0004999637603759766
2020,17,A,0.9539999961853027,0.949999988079071,0.0040000081062316895,0.0040000081062316895
2020,17,B,0.9520000219345093,0.9570000171661377,-0.004999995231628418,0.004999995231628418
2020,18,full,0.9539999961853027,0.9539999961853027,0.0,0.0
2020,18,A,0.9549999833106995,0.9509999752044678,0.0040000081062316895,0.0040000081062316895
2020,18,B,0.953000009059906,0.9570000171661377,-0.0040000081062316895,0.0040000081062316895
2020,19,full,0.9555000066757202,0.9555000066757202,0.0,0.0
2020,19,A,0.9559999704360962,0.953000009059906,0.0029999613761901855,0.0029999613761901855
2020,19,B,0.9549999833106995,0.9580000042915344,-0.003000020980834961,0.003000020980834961
2020,20,full,0.9555000066757202,0.9559999704360962,-0.0004999637603759766,0.0004999637603759766
2020,20,A,0.9559999704360962,0.9539999961853027,0.001999974250793457,0.001999974250793457
2020,20,B,0.9549999833106995,0.9580000042915344,-0.003000020980834961,0.003000020980834961
