seed,probe_epoch,domain,accuracy_sabc,accuracy_sbac,signed_accuracy_difference_sabc_minus_sbac,absolute_accuracy_difference
101,1,full,0.7565000057220459,0.7294999957084656,0.027000010013580322,0.027000010013580322
101,1,A,0.7799999713897705,0.6510000228881836,0.12899994850158691,0.12899994850158691
101,1,B,0.7329999804496765,0.8080000281333923,-0.07500004768371582,0.07500004768371582
101,2,full,0.8880000114440918,0.8995000123977661,-0.011500000953674316,0.011500000953674316
101,2,A,0.9190000295639038,0.902999997138977,0.016000032424926758,0.016000032424926758
101,2,B,0.8569999933242798,0.8960000276565552,-0.03900003433227539,0.03900003433227539
101,3,full,0.9269999861717224,0.934499979019165,-0.007499992847442627,0.007499992847442627
101,3,A,0.9539999961853027,0.9449999928474426,0.009000003337860107,0.009000003337860107
101,3,B,0.8999999761581421,0.9240000247955322,-0.024000048637390137,0.024000048637390137
101,4,full,0.9390000104904175,0.9445000290870667,-0.00550001859664917,0.00550001859664917
101,4,A,0.9639999866485596,0.9520000219345093,0.011999964714050293,0.011999964714050293
101,4,B,0.9139999747276306,0.9369999766349792,-0.023000001907348633,0.023000001907348633
101,5,full,0.9449999928474426,0.9484999775886536,-0.0034999847412109375,0.0034999847412109375
101,5,A,0.9700000286102295,0.9580000042915344,0.012000024318695068,0.012000024318695068
101,5,B,0.9200000166893005,0.9390000104904175,-0.018999993801116943,0.018999993801116943
101,6,full,0.949999988079071,0.9524999856948853,-0.002499997615814209,0.002499997615814209
101,6,A,0.972000002861023,0.9610000252723694,0.010999977588653564,0.010999977588653564
101,6,B,0.9279999732971191,0.9440000057220459,-0.016000032424926758,0.016000032424926758
101,7,full,0.953000009059906,0.9545000195503235,-0.0015000104904174805,0.0015000104904174805
101,7,A,0.9729999899864197,0.9620000123977661,0.010999977588653564,0.010999977588653564
101,7,B,0.9330000281333923,0.9470000267028809,-0.013999998569488525,0.013999998569488525
101,8,full,0.9545000195503235,0.9549999833106995,-0.0004999637603759766,0.0004999637603759766
101,8,A,0.9729999899864197,0.9620000123977661,0.010999977588653564,0.010999977588653564
101,8,B,0.9359999895095825,0.9480000138282776,-0.012000024318695068,0.012000024318695068
101,9,full,0.9574999809265137,0.9574999809265137,0.0,0.0
101,9,A,0.9739999771118164,0.9660000205039978,0.007999956607818604,0.007999956607818604
101,9,B,0.9409999847412109,0.9490000009536743,-0.008000016212463379,0.008000016212463379
101,10,full,0.9585000276565552,0.9589999914169312,-0.0004999637603759766,0.0004999637603759766
101,10,A,0.9750000238418579,0.9679999947547913,0.00700002908706665,0.00700002908706665
101,10,B,0.9419999718666077,0.949999988079071,-0.008000016212463379,0.008000016212463379
101,11,full,0.9605000019073486,0.9599999785423279,0.000500023365020752,0.000500023365020752
101,11,A,0.9750000238418579,0.9679999947547913,0.00700002908706665,0.00700002908706665
101,11,B,0.9459999799728394,0.9520000219345093,-0.006000041961669922,0.006000041961669922
101,12,full,0.9620000123977661,0.9599999785423279,0.0020000338554382324,0.0020000338554382324
101,12,A,0.9760000109672546,0.9679999947547913,0.008000016212463379,0.008000016212463379
101,12,B,0.9480000138282776,0.9520000219345093,-0.0040000081062316895,0.0040000081062316895
101,13,full,0.9624999761581421,0.9595000147819519,0.0029999613761901855,0.0029999613761901855
101,13,A,0.9760000109672546,0.9679999947547913,0.008000016212463379,0.008000016212463379
101,13,B,0.9490000009536743,0.9509999752044678,-0.001999974250793457,0.001999974250793457
101,14,full,0.9629999995231628,0.9595000147819519,0.0034999847412109375,0.0034999847412109375
101,14,A,0.9760000109672546,0.9679999947547913,0.008000016212463379,0.008000016212463379
101,14,B,0.949999988079071,0.9509999752044678,-0.0009999871253967285,0.0009999871253967285
101,15,full,0.9624999761581421,0.9599999785423279,0.002499997615814209,0.002499997615814209
101,15,A,0.9750000238418579,0.968999981880188,0.006000041961669922,0.006000041961669922
101,15,B,0.949999988079071,0.9509999752044678,-0.0009999871253967285,0.0009999871253967285
101,16,full,0.9635000228881836,0.9610000252723694,0.002499997615814209,0.002499997615814209
101,16,A,0.9750000238418579,0.968999981880188,0.006000041961669922,0.006000041961669922
101,16,B,0.9520000219345093,0.953000009059906,-0.0009999871253967285,0.0009999871253967285
101,17,full,0.9639999866485596,0.9610000252723694,0.0029999613761901855,0.0029999613761901855
101,17,A,0.9750000238418579,0.968999981880188,0.006000041961669922,0.006000041961669922
101,17,B,0.953000009059906,0.953000009059906,0.0,0.0
101,18,full,0.965499997138977,0.9610000252723694,0.004499971866607666,0.004499971866607666
101,18,A,0.9750000238418579,0.968999981880188,0.006000041961669922,0.006000041961669922
101,18,B,0.9559999704360962,0.953000009059906,0.0029999613761901855,0.0029999613761901855
101,19,full,0.9660000205039978,0.9624999761581421,0.003500044345855713,0.003500044345855713
101,19,A,0.9750000238418579,0.9700000286102295,0.004999995231628418,0.004999995231628418
101,19,B,0.9570000171661377,0.9549999833106995,0.0020000338554382324,0.0020000338554382324
101,20,full,0.9664999842643738,0.9629999995231628,0.0034999847412109375,0.0034999847412109375
101,20,A,0.9750000238418579,0.9700000286102295,0.004999995231628418,0.004999995231628418
101,20,B,0.9580000042915344,0.9559999704360962,0.0020000338554382324,0.0020000338554382324
202,1,full,0.828499972820282,0.737500011920929,0.09099996089935303,0.09099996089935303
202,1,A,0.7870000004768372,0.6340000033378601,0.15299999713897705,0.15299999713897705
202,1,B,0.8700000047683716,0.8410000205039978,0.02899998426437378,0.02899998426437378
202,2,full,0.9355000257492065,0.8955000042915344,0.04000002145767212,0.04000002145767212
202,2,A,0.9629999995231628,0.8889999985694885,0.07400000095367432,0.07400000095367432
202,2,B,0.9079999923706055,0.9020000100135803,0.0059999823570251465,0.0059999823570251465
202,3,full,0.9480000138282776,0.921999990940094,0.026000022888183594,0.026000022888183594
202,3,A,0.9710000157356262,0.9240000247955322,0.046999990940093994,0.046999990940093994
202,3,B,0.925000011920929,0.9200000166893005,0.004999995231628418,0.004999995231628418
202,4,full,0.9524999856948853,0.9340000152587891,0.01849997043609619,0.01849997043609619
202,4,A,0.9739999771118164,0.9390000104904175,0.034999966621398926,0.034999966621398926
202,4,B,0.9309999942779541,0.9290000200271606,0.001999974250793457,0.001999974250793457
202,5,full,0.9555000066757202,0.940500020980835,0.014999985694885254,0.014999985694885254
202,5,A,0.9739999771118164,0.9449999928474426,0.02899998426437378,0.02899998426437378
202,5,B,0.9369999766349792,0.9359999895095825,0.0009999871253967285,0.0009999871253967285
202,6,full,0.9570000171661377,0.9419999718666077,0.01500004529953003,0.01500004529953003
202,6,A,0.9750000238418579,0.9459999799728394,0.029000043869018555,0.029000043869018555
202,6,B,0.9390000104904175,0.9380000233650208,0.0009999871253967285,0.0009999871253967285
202,7,full,0.9599999785423279,0.9470000267028809,0.012999951839447021,0.012999951839447021
202,7,A,0.9739999771118164,0.9520000219345093,0.02199995517730713,0.02199995517730713
202,7,B,0.9459999799728394,0.9419999718666077,0.0040000081062316895,0.0040000081062316895
202,8,full,0.9605000019073486,0.9505000114440918,0.009999990463256836,0.009999990463256836
202,8,A,0.9750000238418579,0.9549999833106995,0.020000040531158447,0.020000040531158447
202,8,B,0.9459999799728394,0.9459999799728394,0.0,0.0
202,9,full,0.9629999995231628,0.953499972820282,0.00950002670288086,0.00950002670288086
202,9,A,0.9769999980926514,0.9580000042915344,0.018999993801116943,0.018999993801116943
202,9,B,0.9490000009536743,0.9490000009536743,0.0,0.0
202,10,full,0.9649999737739563,0.9559999704360962,0.009000003337860107,0.009000003337860107
202,10,A,0.9779999852180481,0.9599999785423279,0.018000006675720215,0.018000006675720215
202,10,B,0.9520000219345093,0.9520000219345093,0.0,0.0
202,11,full,0.9649999737739563,0.9564999938011169,0.008499979972839355,0.008499979972839355
202,11,A,0.9779999852180481,0.9610000252723694,0.01699995994567871,0.01699995994567871
202,11,B,0.9520000219345093,0.9520000219345093,0.0,0.0
202,12,full,0.9664999842643738,0.9589999914169312,0.007499992847442627,0.007499992847442627
202,12,A,0.9789999723434448,0.9639999866485596,0.014999985694885254,0.014999985694885254
202,12,B,0.9539999961853027,0.9539999961853027,0.0,0.0
202,13,full,0.9664999842643738,0.9605000019073486,0.0059999823570251465,0.0059999823570251465
202,13,A,0.9789999723434448,0.9660000205039978,0.012999951839447021,0.012999951839447021
202,13,B,0.9539999961853027,0.9549999833106995,-0.0009999871253967285,0.0009999871253967285
202,14,full,0.9679999947547913,0.9599999785423279,0.008000016212463379,0.008000016212463379
202,14,A,0.9800000190734863,0.9660000205039978,0.013999998569488525,0.013999998569488525
202,14,B,0.9559999704360962,0.9539999961853027,0.001999974250793457,0.001999974250793457
202,15,full,0.968500018119812,0.9605000019073486,0.008000016212463379,0.008000016212463379
202,15,A,0.9810000061988831,0.9670000076293945,0.013999998569488525,0.013999998569488525
202,15,B,0.9559999704360962,0.9539999961853027,0.001999974250793457,0.001999974250793457
202,16,full,0.968500018119812,0.9605000019073486,0.008000016212463379,0.008000016212463379
202,16,A,0.9810000061988831,0.9679999947547913,0.013000011444091797,0.013000011444091797
202,16,B,0.9559999704360962,0.953000009059906,0.0029999613761901855,0.0029999613761901855
202,17,full,0.968500018119812,0.9610000252723694,0.007499992847442627,0.007499992847442627
202,17,A,0.9810000061988831,0.9679999947547913,0.013000011444091797,0.013000011444091797
202,17,B,0.9559999704360962,0.9539999961853027,0.001999974250793457,0.001999974250793457
202,18,full,0.968999981880188,0.9610000252723694,0.007999956607818604,0.007999956607818604
202,18,A,0.9819999933242798,0.9679999947547913,0.013999998569488525,0.013999998569488525
202,18,B,0.9559999704360962,0.9539999961853027,0.001999974250793457,0.001999974250793457
202,19,full,0.968999981880188,0.9610000252723694,0.007999956607818604,0.007999956607818604
202,19,A,0.9819999933242798,0.9679999947547913,0.013999998569488525,0.013999998569488525
202,19,B,0.9559999704360962,0.9539999961853027,0.001999974250793457,0.001999974250793457
202,20,full,0.968999981880188,0.9614999890327454,0.007499992847442627,0.007499992847442627
202,20,A,0.9819999933242798,0.9679999947547913,0.013999998569488525,0.013999998569488525
202,20,B,0.9559999704360962,0.9549999833106995,0.0009999871253967285,0.0009999871253967285
303,1,full,0.7509999871253967,0.6769999861717224,0.07400000095367432,0.07400000095367432
303,1,A,0.7369999885559082,0.7099999785423279,0.027000010013580322,0.027000010013580322
303,1,B,0.7649999856948853,0.6439999938011169,0.12099999189376831,0.12099999189376831
303,2,full,0.9014999866485596,0.8675000071525574,0.0339999794960022,0.0339999794960022
303,2,A,0.9079999923706055,0.8820000290870667,0.02599996328353882,0.02599996328353882
303,2,B,0.8949999809265137,0.8529999852180481,0.041999995708465576,0.041999995708465576
303,3,full,0.9254999756813049,0.9075000286102295,0.01799994707107544,0.01799994707107544
303,3,A,0.9390000104904175,0.925000011920929,0.013999998569488525,0.013999998569488525
303,3,B,0.9120000004768372,0.8899999856948853,0.022000014781951904,0.022000014781951904
303,4,full,0.9365000128746033,0.921999990940094,0.014500021934509277,0.014500021934509277
303,4,A,0.9539999961853027,0.9419999718666077,0.012000024318695068,0.012000024318695068
303,4,B,0.9190000295639038,0.9020000100135803,0.017000019550323486,0.017000019550323486
303,5,full,0.9415000081062317,0.9315000176429749,0.009999990463256836,0.009999990463256836
303,5,A,0.9570000171661377,0.9459999799728394,0.01100003719329834,0.01100003719329834
303,5,B,0.9259999990463257,0.9169999957084656,0.009000003337860107,0.009000003337860107
303,6,full,0.9455000162124634,0.9380000233650208,0.007499992847442627,0.007499992847442627
303,6,A,0.9620000123977661,0.9520000219345093,0.009999990463256836,0.009999990463256836
303,6,B,0.9290000200271606,0.9240000247955322,0.004999995231628418,0.004999995231628418
303,7,full,0.9484999775886536,0.9415000081062317,0.006999969482421875,0.006999969482421875
303,7,A,0.9639999866485596,0.9549999833106995,0.009000003337860107,0.009000003337860107
303,7,B,0.9330000281333923,0.9279999732971191,0.005000054836273193,0.005000054836273193
303,8,full,0.9514999985694885,0.9440000057220459,0.007499992847442627,0.007499992847442627
303,8,A,0.9679999947547913,0.9570000171661377,0.010999977588653564,0.010999977588653564
303,8,B,0.9350000023841858,0.9309999942779541,0.0040000081062316895,0.0040000081062316895
303,9,full,0.953000009059906,0.9449999928474426,0.008000016212463379,0.008000016212463379
303,9,A,0.968999981880188,0.9580000042915344,0.010999977588653564,0.010999977588653564
303,9,B,0.9369999766349792,0.9319999814033508,0.004999995231628418,0.004999995231628418
303,10,full,0.9545000195503235,0.9465000033378601,0.008000016212463379,0.008000016212463379
303,10,A,0.9700000286102295,0.9599999785423279,0.010000050067901611,0.010000050067901611
303,10,B,0.9390000104904175,0.9330000281333923,0.0059999823570251465,0.0059999823570251465
303,11,full,0.9559999704360962,0.949999988079071,0.0059999823570251465,0.0059999823570251465
303,11,A,0.972000002861023,0.9629999995231628,0.009000003337860107,0.009000003337860107
303,11,B,0.9399999976158142,0.9369999766349792,0.003000020980834961,0.003000020980834961
303,12,full,0.9555000066757202,0.9514999985694885,0.0040000081062316895,0.0040000081062316895
303,12,A,0.972000002861023,0.9639999866485596,0.008000016212463379,0.008000016212463379
303,12,B,0.9390000104904175,0.9390000104904175,0.0,0.0
303,13,full,0.9555000066757202,0.9514999985694885,0.0040000081062316895,0.0040000081062316895
303,13,A,0.9710000157356262,0.9639999866485596,0.00700002908706665,0.00700002908706665
303,13,B,0.9399999976158142,0.9390000104904175,0.0009999871253967285,0.0009999871253967285
303,14,full,0.9559999704360962,0.9520000219345093,0.003999948501586914,0.003999948501586914
303,14,A,0.9710000157356262,0.9639999866485596,0.00700002908706665,0.00700002908706665
303,14,B,0.9409999847412109,0.9399999976158142,0.0009999871253967285,0.0009999871253967285
303,15,full,0.9580000042915344,0.9545000195503235,0.0034999847412109375,0.0034999847412109375
303,15,A,0.972000002861023,0.9679999947547913,0.0040000081062316895,0.0040000081062316895
303,15,B,0.9440000057220459,0.9409999847412109,0.003000020980834961,0.003000020980834961
303,16,full,0.9595000147819519,0.9549999833106995,0.004500031471252441,0.004500031471252441
303,16,A,0.972000002861023,0.9670000076293945,0.004999995231628418,0.004999995231628418
303,16,B,0.9470000267028809,0.9430000185966492,0.0040000081062316895,0.0040000081062316895
303,17,full,0.9605000019073486,0.9555000066757202,0.004999995231628418,0.004999995231628418
303,17,A,0.9729999899864197,0.9679999947547913,0.004999995231628418,0.004999995231628418
303,17,B,0.9480000138282776,0.9430000185966492,0.004999995231628418,0.004999995231628418
303,18,full,0.9610000252723694,0.9574999809265137,0.003500044345855713,0.003500044345855713
303,18,A,0.9729999899864197,0.9710000157356262,0.001999974250793457,0.001999974250793457
303,18,B,0.9490000009536743,0.9440000057220459,0.004999995231628418,0.004999995231628418
303,19,full,0.9620000123977661,0.9574999809265137,0.004500031471252441,0.004500031471252441
303,19,A,0.9729999899864197,0.9710000157356262,0.001999974250793457,0.001999974250793457
303,19,B,0.9509999752044678,0.9440000057220459,0.006999969482421875,0.006999969482421875
303,20,full,0.9635000228881836,0.9574999809265137,0.006000041961669922,0.006000041961669922
303,20,A,0.9760000109672546,0.9710000157356262,0.004999995231628418,0.004999995231628418
303,20,B,0.9509999752044678,0.9440000057220459,0.006999969482421875,0.006999969482421875
404,1,full,0.7605000138282776,0.7914999723434448,-0.030999958515167236,0.030999958515167236
404,1,A,0.7179999947547913,0.7099999785423279,0.008000016212463379,0.008000016212463379
404,1,B,0.8029999732971191,0.8730000257492065,-0.0700000524520874,0.0700000524520874
404,2,full,0.9129999876022339,0.9330000281333923,-0.020000040531158447,0.020000040531158447
404,2,A,0.9369999766349792,0.9279999732971191,0.009000003337860107,0.009000003337860107
404,2,B,0.8889999985694885,0.9380000233650208,-0.04900002479553223,0.04900002479553223
404,3,full,0.940500020980835,0.9480000138282776,-0.007499992847442627,0.007499992847442627
404,3,A,0.9620000123977661,0.953000009059906,0.009000003337860107,0.009000003337860107
404,3,B,0.9190000295639038,0.9430000185966492,-0.02399998903274536,0.02399998903274536
404,4,full,0.9484999775886536,0.9549999833106995,-0.0065000057220458984,0.0065000057220458984
404,4,A,0.9700000286102295,0.9599999785423279,0.010000050067901611,0.010000050067901611
404,4,B,0.9269999861717224,0.949999988079071,-0.023000001907348633,0.023000001907348633
404,5,full,0.953000009059906,0.9610000252723694,-0.008000016212463379,0.008000016212463379
404,5,A,0.972000002861023,0.9679999947547913,0.0040000081062316895,0.0040000081062316895
404,5,B,0.9340000152587891,0.9539999961853027,-0.019999980926513672,0.019999980926513672
404,6,full,0.9570000171661377,0.9624999761581421,-0.0054999589920043945,0.0054999589920043945
404,6,A,0.9750000238418579,0.9710000157356262,0.0040000081062316895,0.0040000081062316895
404,6,B,0.9390000104904175,0.9539999961853027,-0.014999985694885254,0.014999985694885254
404,7,full,0.9599999785423279,0.9649999737739563,-0.004999995231628418,0.004999995231628418
404,7,A,0.9769999980926514,0.9739999771118164,0.003000020980834961,0.003000020980834961
404,7,B,0.9430000185966492,0.9559999704360962,-0.012999951839447021,0.012999951839447021
404,8,full,0.9624999761581421,0.9674999713897705,-0.004999995231628418,0.004999995231628418
404,8,A,0.9789999723434448,0.9769999980926514,0.001999974250793457,0.001999974250793457
404,8,B,0.9459999799728394,0.9580000042915344,-0.012000024318695068,0.012000024318695068
404,9,full,0.9635000228881836,0.968999981880188,-0.0054999589920043945,0.0054999589920043945
404,9,A,0.9789999723434448,0.9789999723434448,0.0,0.0
404,9,B,0.9480000138282776,0.9589999914169312,-0.010999977588653564,0.010999977588653564
404,10,full,0.9635000228881836,0.968999981880188,-0.0054999589920043945,0.0054999589920043945
404,10,A,0.9779999852180481,0.9789999723434448,-0.0009999871253967285,0.0009999871253967285
404,10,B,0.9490000009536743,0.9589999914169312,-0.009999990463256836,0.009999990463256836
404,11,full,0.9645000100135803,0.9695000052452087,-0.004999995231628418,0.004999995231628418
404,11,A,0.9789999723434448,0.9789999723434448,0.0,0.0
404,11,B,0.949999988079071,0.9599999785423279,-0.009999990463256836,0.009999990463256836
404,12,full,0.965499997138977,0.9700000286102295,-0.004500031471252441,0.004500031471252441
404,12,A,0.9789999723434448,0.9800000190734863,-0.001000046730041504,0.001000046730041504
404,12,B,0.9520000219345093,0.9599999785423279,-0.007999956607818604,0.007999956607818604
404,13,full,0.9660000205039978,0.9704999923706055,-0.004499971866607666,0.004499971866607666
404,13,A,0.9789999723434448,0.9810000061988831,-0.0020000338554382324,0.0020000338554382324
404,13,B,0.953000009059906,0.9599999785423279,-0.006999969482421875,0.006999969482421875
404,14,full,0.9664999842643738,0.9710000157356262,-0.004500031471252441,0.004500031471252441
404,14,A,0.9789999723434448,0.9819999933242798,-0.003000020980834961,0.003000020980834961
404,14,B,0.9539999961853027,0.9599999785423279,-0.0059999823570251465,0.0059999823570251465
404,15,full,0.9679999947547913,0.9710000157356262,-0.003000020980834961,0.003000020980834961
404,15,A,0.9800000190734863,0.9819999933242798,-0.001999974250793457,0.001999974250793457
404,15,B,0.9559999704360962,0.9599999785423279,-0.0040000081062316895,0.0040000081062316895
404,16,full,0.968999981880188,0.9710000157356262,-0.0020000338554382324,0.0020000338554382324
404,16,A,0.9810000061988831,0.9819999933242798,-0.0009999871253967285,0.0009999871253967285
404,16,B,0.9570000171661377,0.9599999785423279,-0.0029999613761901855,0.0029999613761901855
404,17,full,0.9695000052452087,0.9714999794960022,-0.001999974250793457,0.001999974250793457
404,17,A,0.9810000061988831,0.9829999804496765,-0.001999974250793457,0.001999974250793457
404,17,B,0.9580000042915344,0.9599999785423279,-0.001999974250793457,0.001999974250793457
404,18,full,0.9695000052452087,0.9714999794960022,-0.001999974250793457,0.001999974250793457
404,18,A,0.9810000061988831,0.9829999804496765,-0.001999974250793457,0.001999974250793457
404,18,B,0.9580000042915344,0.9599999785423279,-0.001999974250793457,0.001999974250793457
404,19,full,0.9695000052452087,0.972000002861023,-0.002499997615814209,0.002499997615814209
404,19,A,0.9810000061988831,0.984000027179718,-0.003000020980834961,0.003000020980834961
404,19,B,0.9580000042915344,0.9599999785423279,-0.001999974250793457,0.001999974250793457
404,20,full,0.9700000286102295,0.9725000262260437,-0.002499997615814209,0.002499997615814209
404,20,A,0.9810000061988831,0.984000027179718,-0.003000020980834961,0.003000020980834961
404,20,B,0.9589999914169312,0.9610000252723694,-0.0020000338554382324,0.0020000338554382324
505,1,full,0.7990000247955322,0.6629999876022339,0.13600003719329834,0.13600003719329834
505,1,A,0.871999979019165,0.6990000009536743,0.17299997806549072,0.17299997806549072
505,1,B,0.7260000109672546,0.6269999742507935,0.09900003671646118,0.09900003671646118
505,2,full,0.909500002861023,0.8579999804496765,0.051500022411346436,0.051500022411346436
505,2,A,0.9419999718666077,0.8989999890327454,0.042999982833862305,0.042999982833862305
505,2,B,0.8769999742507935,0.8169999718666077,0.06000000238418579,0.06000000238418579
505,3,full,0.9355000257492065,0.890500009059906,0.04500001668930054,0.04500001668930054
505,3,A,0.953000009059906,0.9210000038146973,0.03200000524520874,0.03200000524520874
505,3,B,0.9179999828338623,0.8600000143051147,0.05799996852874756,0.05799996852874756
505,4,full,0.940500020980835,0.9120000004768372,0.028500020503997803,0.028500020503997803
505,4,A,0.9549999833106995,0.9350000023841858,0.019999980926513672,0.019999980926513672
505,4,B,0.9259999990463257,0.8889999985694885,0.03700000047683716,0.03700000047683716
505,5,full,0.9509999752044678,0.9240000247955322,0.026999950408935547,0.026999950408935547
505,5,A,0.9610000252723694,0.9419999718666077,0.01900005340576172,0.01900005340576172
505,5,B,0.9409999847412109,0.906000018119812,0.034999966621398926,0.034999966621398926
505,6,full,0.9549999833106995,0.9304999709129333,0.024500012397766113,0.024500012397766113
505,6,A,0.9639999866485596,0.949999988079071,0.013999998569488525,0.013999998569488525
505,6,B,0.9459999799728394,0.9110000133514404,0.034999966621398926,0.034999966621398926
505,7,full,0.9574999809265137,0.934499979019165,0.023000001907348633,0.023000001907348633
505,7,A,0.9670000076293945,0.9539999961853027,0.013000011444091797,0.013000011444091797
505,7,B,0.9480000138282776,0.9150000214576721,0.03299999237060547,0.03299999237060547
505,8,full,0.9585000276565552,0.9409999847412109,0.01750004291534424,0.01750004291534424
505,8,A,0.9670000076293945,0.9570000171661377,0.009999990463256836,0.009999990463256836
505,8,B,0.949999988079071,0.925000011920929,0.02499997615814209,0.02499997615814209
505,9,full,0.9599999785423279,0.9459999799728394,0.013999998569488525,0.013999998569488525
505,9,A,0.9679999947547913,0.9620000123977661,0.0059999823570251465,0.0059999823570251465
505,9,B,0.9520000219345093,0.9300000071525574,0.022000014781951904,0.022000014781951904
505,10,full,0.9614999890327454,0.9474999904632568,0.013999998569488525,0.013999998569488525
505,10,A,0.968999981880188,0.9639999866485596,0.004999995231628418,0.004999995231628418
505,10,B,0.9539999961853027,0.9309999942779541,0.023000001907348633,0.023000001907348633
505,11,full,0.9639999866485596,0.9474999904632568,0.016499996185302734,0.016499996185302734
505,11,A,0.9700000286102295,0.9629999995231628,0.00700002908706665,0.00700002908706665
505,11,B,0.9580000042915344,0.9319999814033508,0.026000022888183594,0.026000022888183594
505,12,full,0.965499997138977,0.9514999985694885,0.013999998569488525,0.013999998569488525
505,12,A,0.9710000157356262,0.9660000205039978,0.004999995231628418,0.004999995231628418
505,12,B,0.9599999785423279,0.9369999766349792,0.023000001907348633,0.023000001907348633
505,13,full,0.9660000205039978,0.9524999856948853,0.013500034809112549,0.013500034809112549
505,13,A,0.972000002861023,0.9670000076293945,0.004999995231628418,0.004999995231628418
505,13,B,0.9599999785423279,0.9380000233650208,0.02199995517730713,0.02199995517730713
505,14,full,0.9664999842643738,0.953000009059906,0.013499975204467773,0.013499975204467773
505,14,A,0.9729999899864197,0.9679999947547913,0.004999995231628418,0.004999995231628418
505,14,B,0.9599999785423279,0.9380000233650208,0.02199995517730713,0.02199995517730713
505,15,full,0.9660000205039978,0.9545000195503235,0.011500000953674316,0.011500000953674316
505,15,A,0.9729999899864197,0.9679999947547913,0.004999995231628418,0.004999995231628418
505,15,B,0.9589999914169312,0.9409999847412109,0.018000006675720215,0.018000006675720215
505,16,full,0.9664999842643738,0.9545000195503235,0.011999964714050293,0.011999964714050293
505,16,A,0.9729999899864197,0.9670000076293945,0.0059999823570251465,0.0059999823570251465
505,16,B,0.9599999785423279,0.9419999718666077,0.018000006675720215,0.018000006675720215
505,17,full,0.9664999842643738,0.9549999833106995,0.011500000953674316,0.011500000953674316
505,17,A,0.9729999899864197,0.9670000076293945,0.0059999823570251465,0.0059999823570251465
505,17,B,0.9599999785423279,0.9430000185966492,0.01699995994567871,0.01699995994567871
505,18,full,0.9670000076293945,0.9555000066757202,0.011500000953674316,0.011500000953674316
505,18,A,0.9729999899864197,0.9670000076293945,0.0059999823570251465,0.0059999823570251465
505,18,B,0.9610000252723694,0.9440000057220459,0.017000019550323486,0.017000019550323486
505,19,full,0.9679999947547913,0.9564999938011169,0.011500000953674316,0.011500000953674316
505,19,A,0.9739999771118164,0.9679999947547913,0.0059999823570251465,0.0059999823570251465
505,19,B,0.9620000123977661,0.9449999928474426,0.017000019550323486,0.017000019550323486
505,20,full,0.9679999947547913,0.9570000171661377,0.010999977588653564,0.010999977588653564
505,20,A,0.9739999771118164,0.9679999947547913,0.0059999823570251465,0.0059999823570251465
505,20,B,0.9620000123977661,0.9459999799728394,0.016000032424926758,0.016000032424926758
606,1,full,0.7904999852180481,0.75,0.040499985218048096,0.040499985218048096
606,1,A,0.765999972820282,0.6439999938011169,0.12199997901916504,0.12199997901916504
606,1,B,0.8149999976158142,0.8560000061988831,-0.04100000858306885,0.04100000858306885
606,2,full,0.8899999856948853,0.8964999914169312,-0.0065000057220458984,0.0065000057220458984
606,2,A,0.8849999904632568,0.890999972820282,-0.0059999823570251465,0.0059999823570251465
606,2,B,0.8949999809265137,0.9020000100135803,-0.00700002908706665,0.00700002908706665
606,3,full,0.9150000214576721,0.9240000247955322,-0.009000003337860107,0.009000003337860107
606,3,A,0.9150000214576721,0.9319999814033508,-0.01699995994567871,0.01699995994567871
606,3,B,0.9150000214576721,0.9160000085830688,-0.0009999871253967285,0.0009999871253967285
606,4,full,0.9269999861717224,0.934499979019165,-0.007499992847442627,0.007499992847442627
606,4,A,0.9309999942779541,0.9509999752044678,-0.019999980926513672,0.019999980926513672
606,4,B,0.9229999780654907,0.9179999828338623,0.004999995231628418,0.004999995231628418
606,5,full,0.9365000128746033,0.9424999952316284,-0.0059999823570251465,0.0059999823570251465
606,5,A,0.9409999847412109,0.9580000042915344,-0.017000019550323486,0.017000019550323486
606,5,B,0.9319999814033508,0.9269999861717224,0.004999995231628418,0.004999995231628418
606,6,full,0.9415000081062317,0.9455000162124634,-0.0040000081062316895,0.0040000081062316895
606,6,A,0.9490000009536743,0.9620000123977661,-0.013000011444091797,0.013000011444091797
606,6,B,0.9340000152587891,0.9290000200271606,0.004999995231628418,0.004999995231628418
606,7,full,0.9440000057220459,0.9484999775886536,-0.004499971866607666,0.004499971866607666
606,7,A,0.9539999961853027,0.9649999737739563,-0.010999977588653564,0.010999977588653564
606,7,B,0.9340000152587891,0.9319999814033508,0.0020000338554382324,0.0020000338554382324
606,8,full,0.9470000267028809,0.953000009059906,-0.0059999823570251465,0.0059999823570251465
606,8,A,0.9589999914169312,0.9670000076293945,-0.008000016212463379,0.008000016212463379
606,8,B,0.9350000023841858,0.9390000104904175,-0.0040000081062316895,0.0040000081062316895
606,9,full,0.9505000114440918,0.953499972820282,-0.0029999613761901855,0.0029999613761901855
606,9,A,0.9610000252723694,0.9679999947547913,-0.006999969482421875,0.006999969482421875
606,9,B,0.9399999976158142,0.9390000104904175,0.0009999871253967285,0.0009999871253967285
606,10,full,0.953000009059906,0.9545000195503235,-0.0015000104904174805,0.0015000104904174805
606,10,A,0.9620000123977661,0.968999981880188,-0.006999969482421875,0.006999969482421875
606,10,B,0.9440000057220459,0.9399999976158142,0.0040000081062316895,0.0040000081062316895
606,11,full,0.9564999938011169,0.9545000195503235,0.001999974250793457,0.001999974250793457
606,11,A,0.9639999866485596,0.9679999947547913,-0.0040000081062316895,0.0040000081062316895
606,11,B,0.9490000009536743,0.9409999847412109,0.008000016212463379,0.008000016212463379
606,12,full,0.9564999938011169,0.9570000171661377,-0.000500023365020752,0.000500023365020752
606,12,A,0.9639999866485596,0.968999981880188,-0.004999995231628418,0.004999995231628418
606,12,B,0.9490000009536743,0.9449999928474426,0.0040000081062316895,0.0040000081062316895
606,13,full,0.9564999938011169,0.9574999809265137,-0.0009999871253967285,0.0009999871253967285
606,13,A,0.9629999995231628,0.9700000286102295,-0.00700002908706665,0.00700002908706665
606,13,B,0.949999988079071,0.9449999928474426,0.004999995231628418,0.004999995231628418
606,14,full,0.9580000042915344,0.9585000276565552,-0.000500023365020752,0.000500023365020752
606,14,A,0.9660000205039978,0.9700000286102295,-0.0040000081062316895,0.0040000081062316895
606,14,B,0.949999988079071,0.9470000267028809,0.0029999613761901855,0.0029999613761901855
606,15,full,0.9595000147819519,0.9585000276565552,0.0009999871253967285,0.0009999871253967285
606,15,A,0.9660000205039978,0.9700000286102295,-0.0040000081062316895,0.0040000081062316895
606,15,B,0.953000009059906,0.9470000267028809,0.0059999823570251465,0.0059999823570251465
606,16,full,0.9605000019073486,0.9595000147819519,0.0009999871253967285,0.0009999871253967285
606,16,A,0.9660000205039978,0.9710000157356262,-0.004999995231628418,0.004999995231628418
606,16,B,0.9549999833106995,0.9480000138282776,0.006999969482421875,0.006999969482421875
606,17,full,0.9605000019073486,0.9599999785423279,0.000500023365020752,0.000500023365020752
606,17,A,0.9660000205039978,0.9710000157356262,-0.004999995231628418,0.004999995231628418
606,17,B,0.9549999833106995,0.9490000009536743,0.0059999823570251465,0.0059999823570251465
606,18,full,0.9620000123977661,0.9605000019073486,0.0015000104904174805,0.0015000104904174805
606,18,A,0.9679999947547913,0.9710000157356262,-0.003000020980834961,0.003000020980834961
606,18,B,0.9559999704360962,0.949999988079071,0.0059999823570251465,0.0059999823570251465
606,19,full,0.9629999995231628,0.9605000019073486,0.002499997615814209,0.002499997615814209
606,19,A,0.9700000286102295,0.9710000157356262,-0.0009999871253967285,0.0009999871253967285
606,19,B,0.9559999704360962,0.949999988079071,0.0059999823570251465,0.0059999823570251465
606,20,full,0.9629999995231628,0.9610000252723694,0.001999974250793457,0.001999974250793457
606,20,A,0.9700000286102295,0.9710000157356262,-0.0009999871253967285,0.0009999871253967285
606,20,B,0.9559999704360962,0.9509999752044678,0.004999995231628418,0.004999995231628418
707,1,full,0.7509999871253967,0.7465000152587891,0.004499971866607666,0.004499971866607666
707,1,A,0.7929999828338623,0.8830000162124634,-0.09000003337860107,0.09000003337860107
707,1,B,0.7089999914169312,0.6100000143051147,0.0989999771118164,0.0989999771118164
707,2,full,0.8675000071525574,0.859000027179718,0.008499979972839355,0.008499979972839355
707,2,A,0.8960000276565552,0.9440000057220459,-0.04799997806549072,0.04799997806549072
707,2,B,0.8389999866485596,0.7739999890327454,0.06499999761581421,0.06499999761581421
707,3,full,0.8989999890327454,0.9169999957084656,-0.018000006675720215,0.018000006675720215
707,3,A,0.9229999780654907,0.9520000219345093,-0.029000043869018555,0.029000043869018555
707,3,B,0.875,0.8820000290870667,-0.00700002908706665,0.00700002908706665
707,4,full,0.9144999980926514,0.9334999918937683,-0.018999993801116943,0.018999993801116943
707,4,A,0.9380000233650208,0.9559999704360962,-0.01799994707107544,0.01799994707107544
707,4,B,0.890999972820282,0.9110000133514404,-0.020000040531158447,0.020000040531158447
707,5,full,0.9240000247955322,0.9419999718666077,-0.01799994707107544,0.01799994707107544
707,5,A,0.9470000267028809,0.9599999785423279,-0.012999951839447021,0.012999951839447021
707,5,B,0.9010000228881836,0.9240000247955322,-0.023000001907348633,0.023000001907348633
707,6,full,0.9300000071525574,0.9449999928474426,-0.014999985694885254,0.014999985694885254
707,6,A,0.9520000219345093,0.9639999866485596,-0.011999964714050293,0.011999964714050293
707,6,B,0.9079999923706055,0.9259999990463257,-0.018000006675720215,0.018000006675720215
707,7,full,0.934499979019165,0.9495000243186951,-0.01500004529953003,0.01500004529953003
707,7,A,0.9559999704360962,0.9660000205039978,-0.010000050067901611,0.010000050067901611
707,7,B,0.9129999876022339,0.9330000281333923,-0.020000040531158447,0.020000040531158447
707,8,full,0.9375,0.9509999752044678,-0.013499975204467773,0.013499975204467773
707,8,A,0.9589999914169312,0.9670000076293945,-0.008000016212463379,0.008000016212463379
707,8,B,0.9160000085830688,0.9350000023841858,-0.018999993801116943,0.018999993801116943
707,9,full,0.9390000104904175,0.9545000195503235,-0.015500009059906006,0.015500009059906006
707,9,A,0.9589999914169312,0.9660000205039978,-0.00700002908706665,0.00700002908706665
707,9,B,0.9190000295639038,0.9430000185966492,-0.02399998903274536,0.02399998903274536
707,10,full,0.940500020980835,0.9574999809265137,-0.01699995994567871,0.01699995994567871
707,10,A,0.9589999914169312,0.9679999947547913,-0.009000003337860107,0.009000003337860107
707,10,B,0.921999990940094,0.9470000267028809,-0.025000035762786865,0.025000035762786865
707,11,full,0.9415000081062317,0.9580000042915344,-0.016499996185302734,0.016499996185302734
707,11,A,0.9610000252723694,0.968999981880188,-0.007999956607818604,0.007999956607818604
707,11,B,0.921999990940094,0.9470000267028809,-0.025000035762786865,0.025000035762786865
707,12,full,0.9440000057220459,0.9599999785423279,-0.015999972820281982,0.015999972820281982
707,12,A,0.9629999995231628,0.972000002861023,-0.009000003337860107,0.009000003337860107
707,12,B,0.925000011920929,0.9480000138282776,-0.023000001907348633,0.023000001907348633
707,13,full,0.9445000290870667,0.9599999785423279,-0.01549994945526123,0.01549994945526123
707,13,A,0.9629999995231628,0.972000002861023,-0.009000003337860107,0.009000003337860107
707,13,B,0.9259999990463257,0.9480000138282776,-0.022000014781951904,0.022000014781951904
707,14,full,0.9465000033378601,0.9605000019073486,-0.013999998569488525,0.013999998569488525
707,14,A,0.9639999866485596,0.9710000157356262,-0.00700002908706665,0.00700002908706665
707,14,B,0.9290000200271606,0.949999988079071,-0.0209999680519104,0.0209999680519104
707,15,full,0.9480000138282776,0.9614999890327454,-0.013499975204467773,0.013499975204467773
707,15,A,0.9649999737739563,0.9710000157356262,-0.006000041961669922,0.006000041961669922
707,15,B,0.9309999942779541,0.9520000219345093,-0.021000027656555176,0.021000027656555176
707,16,full,0.9490000009536743,0.9629999995231628,-0.013999998569488525,0.013999998569488525
707,16,A,0.9660000205039978,0.9710000157356262,-0.004999995231628418,0.004999995231628418
707,16,B,0.9319999814033508,0.9549999833106995,-0.023000001907348633,0.023000001907348633
707,17,full,0.949999988079071,0.9635000228881836,-0.013500034809112549,0.013500034809112549
707,17,A,0.9649999737739563,0.9710000157356262,-0.006000041961669922,0.006000041961669922
707,17,B,0.9350000023841858,0.9559999704360962,-0.0209999680519104,0.0209999680519104
707,18,full,0.9509999752044678,0.9645000100135803,-0.013500034809112549,0.013500034809112549
707,18,A,0.9660000205039978,0.9710000157356262,-0.004999995231628418,0.004999995231628418
707,18,B,0.9359999895095825,0.9580000042915344,-0.022000014781951904,0.022000014781951904
707,19,full,0.9509999752044678,0.9645000100135803,-0.013500034809112549,0.013500034809112549
707,19,A,0.9660000205039978,0.9710000157356262,-0.004999995231628418,0.004999995231628418
707,19,B,0.9359999895095825,0.9580000042915344,-0.022000014781951904,0.022000014781951904
707,20,full,0.9520000219345093,0.965499997138977,-0.013499975204467773,0.013499975204467773
707,20,A,0.9679999947547913,0.972000002861023,-0.0040000081062316895,0.0040000081062316895
707,20,B,0.9359999895095825,0.9589999914169312,-0.023000001907348633,0.023000001907348633
808,1,full,0.8019999861717224,0.7885000109672546,0.013499975204467773,0.013499975204467773
808,1,A,0.8309999704360962,0.7369999885559082,0.09399998188018799,0.09399998188018799
808,1,B,0.7730000019073486,0.8399999737739563,-0.06699997186660767,0.06699997186660767
808,2,full,0.9039999842643738,0.9079999923706055,-0.0040000081062316895,0.0040000081062316895
808,2,A,0.9240000247955322,0.9210000038146973,0.003000020980834961,0.003000020980834961
808,2,B,0.8840000033378601,0.8949999809265137,-0.010999977588653564,0.010999977588653564
808,3,full,0.9269999861717224,0.9304999709129333,-0.0034999847412109375,0.0034999847412109375
808,3,A,0.9409999847412109,0.9470000267028809,-0.006000041961669922,0.006000041961669922
808,3,B,0.9129999876022339,0.9139999747276306,-0.0009999871253967285,0.0009999871253967285
808,4,full,0.9355000257492065,0.9384999871253967,-0.0029999613761901855,0.0029999613761901855
808,4,A,0.9470000267028809,0.9539999961853027,-0.006999969482421875,0.006999969482421875
808,4,B,0.9240000247955322,0.9229999780654907,0.001000046730041504,0.001000046730041504
808,5,full,0.9415000081062317,0.9430000185966492,-0.0015000104904174805,0.0015000104904174805
808,5,A,0.949999988079071,0.9589999914169312,-0.009000003337860107,0.009000003337860107
808,5,B,0.9330000281333923,0.9269999861717224,0.006000041961669922,0.006000041961669922
808,6,full,0.9470000267028809,0.9459999799728394,0.001000046730041504,0.001000046730041504
808,6,A,0.9570000171661377,0.9629999995231628,-0.0059999823570251465,0.0059999823570251465
808,6,B,0.9369999766349792,0.9290000200271606,0.007999956607818604,0.007999956607818604
808,7,full,0.9514999985694885,0.949999988079071,0.0015000104904174805,0.0015000104904174805
808,7,A,0.9620000123977661,0.9670000076293945,-0.004999995231628418,0.004999995231628418
808,7,B,0.9409999847412109,0.9330000281333923,0.007999956607818604,0.007999956607818604
808,8,full,0.9514999985694885,0.953499972820282,-0.001999974250793457,0.001999974250793457
808,8,A,0.9610000252723694,0.9710000157356262,-0.009999990463256836,0.009999990463256836
808,8,B,0.9419999718666077,0.9359999895095825,0.0059999823570251465,0.0059999823570251465
808,9,full,0.9555000066757202,0.9545000195503235,0.0009999871253967285,0.0009999871253967285
808,9,A,0.9639999866485596,0.9729999899864197,-0.009000003337860107,0.009000003337860107
808,9,B,0.9470000267028809,0.9359999895095825,0.01100003719329834,0.01100003719329834
808,10,full,0.9570000171661377,0.9564999938011169,0.000500023365020752,0.000500023365020752
808,10,A,0.9649999737739563,0.9760000109672546,-0.01100003719329834,0.01100003719329834
808,10,B,0.9490000009536743,0.9369999766349792,0.012000024318695068,0.012000024318695068
808,11,full,0.9580000042915344,0.9570000171661377,0.0009999871253967285,0.0009999871253967285
808,11,A,0.9660000205039978,0.9760000109672546,-0.009999990463256836,0.009999990463256836
808,11,B,0.949999988079071,0.9380000233650208,0.011999964714050293,0.011999964714050293
808,12,full,0.9580000042915344,0.9610000252723694,-0.003000020980834961,0.003000020980834961
808,12,A,0.9660000205039978,0.9789999723434448,-0.012999951839447021,0.012999951839447021
808,12,B,0.949999988079071,0.9430000185966492,0.006999969482421875,0.006999969482421875
808,13,full,0.9589999914169312,0.9610000252723694,-0.0020000338554382324,0.0020000338554382324
808,13,A,0.9670000076293945,0.9800000190734863,-0.013000011444091797,0.013000011444091797
808,13,B,0.9509999752044678,0.9419999718666077,0.009000003337860107,0.009000003337860107
808,14,full,0.9589999914169312,0.9620000123977661,-0.003000020980834961,0.003000020980834961
808,14,A,0.9670000076293945,0.9800000190734863,-0.013000011444091797,0.013000011444091797
808,14,B,0.9509999752044678,0.9440000057220459,0.006999969482421875,0.006999969482421875
808,15,full,0.9599999785423279,0.9635000228881836,-0.003500044345855713,0.003500044345855713
808,15,A,0.9679999947547913,0.9810000061988831,-0.013000011444091797,0.013000011444091797
808,15,B,0.9520000219345093,0.9459999799728394,0.006000041961669922,0.006000041961669922
808,16,full,0.9605000019073486,0.9639999866485596,-0.0034999847412109375,0.0034999847412109375
808,16,A,0.9679999947547913,0.9800000190734863,-0.012000024318695068,0.012000024318695068
808,16,B,0.953000009059906,0.9480000138282776,0.004999995231628418,0.004999995231628418
808,17,full,0.9620000123977661,0.9645000100135803,-0.002499997615814209,0.002499997615814209
808,17,A,0.968999981880188,0.9800000190734863,-0.01100003719329834,0.01100003719329834
808,17,B,0.9549999833106995,0.9490000009536743,0.0059999823570251465,0.0059999823570251465
808,18,full,0.9620000123977661,0.965499997138977,-0.0034999847412109375,0.0034999847412109375
808,18,A,0.968999981880188,0.9810000061988831,-0.012000024318695068,0.012000024318695068
808,18,B,0.9549999833106995,0.949999988079071,0.004999995231628418,0.004999995231628418
808,19,full,0.9620000123977661,0.965499997138977,-0.0034999847412109375,0.0034999847412109375
808,19,A,0.968999981880188,0.9810000061988831,-0.012000024318695068,0.012000024318695068
808,19,B,0.9549999833106995,0.949999988079071,0.004999995231628418,0.004999995231628418
808,20,full,0.9624999761581421,0.9660000205039978,-0.003500044345855713,0.003500044345855713
808,20,A,0.9700000286102295,0.9810000061988831,-0.010999977588653564,0.010999977588653564
808,20,B,0.9549999833106995,0.9509999752044678,0.0040000081062316895,0.0040000081062316895
909,1,full,0.7789999842643738,0.7860000133514404,-0.00700002908706665,0.00700002908706665
909,1,A,0.847000002861023,0.8489999771118164,-0.001999974250793457,0.001999974250793457
909,1,B,0.7110000252723694,0.7229999899864197,-0.011999964714050293,0.011999964714050293
909,2,full,0.8964999914169312,0.8840000033378601,0.012499988079071045,0.012499988079071045
909,2,A,0.9290000200271606,0.9070000052452087,0.022000014781951904,0.022000014781951904
909,2,B,0.8640000224113464,0.8610000014305115,0.003000020980834961,0.003000020980834961
909,3,full,0.9225000143051147,0.906000018119812,0.016499996185302734,0.016499996185302734
909,3,A,0.9449999928474426,0.925000011920929,0.019999980926513672,0.019999980926513672
909,3,B,0.8999999761581421,0.8870000243186951,0.012999951839447021,0.012999951839447021
909,4,full,0.9350000023841858,0.921500027179718,0.013499975204467773,0.013499975204467773
909,4,A,0.953000009059906,0.9359999895095825,0.017000019550323486,0.017000019550323486
909,4,B,0.9169999957084656,0.9070000052452087,0.009999990463256836,0.009999990463256836
909,5,full,0.9419999718666077,0.9279999732971191,0.013999998569488525,0.013999998569488525
909,5,A,0.9580000042915344,0.9449999928474426,0.013000011444091797,0.013000011444091797
909,5,B,0.9259999990463257,0.9110000133514404,0.014999985694885254,0.014999985694885254
909,6,full,0.9470000267028809,0.9334999918937683,0.013500034809112549,0.013500034809112549
909,6,A,0.9629999995231628,0.9509999752044678,0.012000024318695068,0.012000024318695068
909,6,B,0.9309999942779541,0.9160000085830688,0.014999985694885254,0.014999985694885254
909,7,full,0.9495000243186951,0.9399999976158142,0.00950002670288086,0.00950002670288086
909,7,A,0.9649999737739563,0.9589999914169312,0.0059999823570251465,0.0059999823570251465
909,7,B,0.9340000152587891,0.9210000038146973,0.013000011444091797,0.013000011444091797
909,8,full,0.9524999856948853,0.9415000081062317,0.010999977588653564,0.010999977588653564
909,8,A,0.9679999947547913,0.9589999914169312,0.009000003337860107,0.009000003337860107
909,8,B,0.9369999766349792,0.9240000247955322,0.012999951839447021,0.012999951839447021
909,9,full,0.953499972820282,0.9430000185966492,0.010499954223632812,0.010499954223632812
909,9,A,0.9700000286102295,0.9610000252723694,0.009000003337860107,0.009000003337860107
909,9,B,0.9369999766349792,0.925000011920929,0.011999964714050293,0.011999964714050293
909,10,full,0.9564999938011169,0.9505000114440918,0.0059999823570251465,0.0059999823570251465
909,10,A,0.9710000157356262,0.9660000205039978,0.004999995231628418,0.004999995231628418
909,10,B,0.9419999718666077,0.9350000023841858,0.006999969482421875,0.006999969482421875
909,11,full,0.9564999938011169,0.953000009059906,0.0034999847412109375,0.0034999847412109375
909,11,A,0.9710000157356262,0.968999981880188,0.0020000338554382324,0.0020000338554382324
909,11,B,0.9419999718666077,0.9369999766349792,0.004999995231628418,0.004999995231628418
909,12,full,0.9564999938011169,0.9539999961853027,0.002499997615814209,0.002499997615814209
909,12,A,0.9710000157356262,0.9710000157356262,0.0,0.0
909,12,B,0.9419999718666077,0.9369999766349792,0.004999995231628418,0.004999995231628418
909,13,full,0.9595000147819519,0.9549999833106995,0.004500031471252441,0.004500031471252441
909,13,A,0.9750000238418579,0.9710000157356262,0.0040000081062316895,0.0040000081062316895
909,13,B,0.9440000057220459,0.9390000104904175,0.004999995231628418,0.004999995231628418
909,14,full,0.9605000019073486,0.9564999938011169,0.0040000081062316895,0.0040000081062316895
909,14,A,0.9750000238418579,0.972000002861023,0.003000020980834961,0.003000020980834961
909,14,B,0.9459999799728394,0.9409999847412109,0.004999995231628418,0.004999995231628418
909,15,full,0.9620000123977661,0.9570000171661377,0.004999995231628418,0.004999995231628418
909,15,A,0.9769999980926514,0.972000002861023,0.004999995231628418,0.004999995231628418
909,15,B,0.9470000267028809,0.9419999718666077,0.005000054836273193,0.005000054836273193
909,16,full,0.9624999761581421,0.9580000042915344,0.004499971866607666,0.004499971866607666
909,16,A,0.9769999980926514,0.9729999899864197,0.0040000081062316895,0.0040000081062316895
909,16,B,0.9480000138282776,0.9430000185966492,0.004999995231628418,0.004999995231628418
909,17,full,0.9629999995231628,0.9585000276565552,0.004499971866607666,0.004499971866607666
909,17,A,0.9779999852180481,0.9729999899864197,0.004999995231628418,0.004999995231628418
909,17,B,0.9480000138282776,0.9440000057220459,0.0040000081062316895,0.0040000081062316895
909,18,full,0.9629999995231628,0.9589999914169312,0.0040000081062316895,0.0040000081062316895
909,18,A,0.9779999852180481,0.9729999899864197,0.004999995231628418,0.004999995231628418
909,18,B,0.9480000138282776,0.9449999928474426,0.003000020980834961,0.003000020980834961
909,19,full,0.9635000228881836,0.9605000019073486,0.003000020980834961,0.003000020980834961
909,19,A,0.9789999723434448,0.9750000238418579,0.003999948501586914,0.003999948501586914
909,19,B,0.9480000138282776,0.9459999799728394,0.0020000338554382324,0.0020000338554382324
909,20,full,0.9639999866485596,0.9614999890327454,0.002499997615814209,0.002499997615814209
909,20,A,0.9789999723434448,0.9750000238418579,0.003999948501586914,0.003999948501586914
909,20,B,0.9490000009536743,0.9480000138282776,0.0009999871253967285,0.0009999871253967285
1010,1,full,0.7095000147819519,0.6884999871253967,0.021000027656555176,0.021000027656555176
1010,1,A,0.7009999752044678,0.7269999980926514,-0.026000022888183594,0.026000022888183594
1010,1,B,0.7179999947547913,0.6499999761581421,0.06800001859664917,0.06800001859664917
1010,2,full,0.8820000290870667,0.8575000166893005,0.024500012397766113,0.024500012397766113
1010,2,A,0.8669999837875366,0.890999972820282,-0.02399998903274536,0.02399998903274536
1010,2,B,0.8970000147819519,0.8240000009536743,0.07300001382827759,0.07300001382827759
1010,3,full,0.9179999828338623,0.9039999842643738,0.013999998569488525,0.013999998569488525
1010,3,A,0.9120000004768372,0.9269999861717224,-0.014999985694885254,0.014999985694885254
1010,3,B,0.9240000247955322,0.8809999823570251,0.04300004243850708,0.04300004243850708
1010,4,full,0.9355000257492065,0.9190000295639038,0.016499996185302734,0.016499996185302734
1010,4,A,0.9390000104904175,0.9340000152587891,0.004999995231628418,0.004999995231628418
1010,4,B,0.9319999814033508,0.9039999842643738,0.02799999713897705,0.02799999713897705
1010,5,full,0.9440000057220459,0.9290000200271606,0.014999985694885254,0.014999985694885254
1010,5,A,0.9480000138282776,0.9419999718666077,0.006000041961669922,0.006000041961669922
1010,5,B,0.9399999976158142,0.9160000085830688,0.02399998903274536,0.02399998903274536
1010,6,full,0.9505000114440918,0.9355000257492065,0.014999985694885254,0.014999985694885254
1010,6,A,0.9559999704360962,0.9430000185966492,0.012999951839447021,0.012999951839447021
1010,6,B,0.9449999928474426,0.9279999732971191,0.017000019550323486,0.017000019550323486
1010,7,full,0.9545000195503235,0.9415000081062317,0.013000011444091797,0.013000011444091797
1010,7,A,0.9610000252723694,0.949999988079071,0.01100003719329834,0.01100003719329834
1010,7,B,0.9480000138282776,0.9330000281333923,0.014999985694885254,0.014999985694885254
1010,8,full,0.9595000147819519,0.9455000162124634,0.013999998569488525,0.013999998569488525
1010,8,A,0.9649999737739563,0.953000009059906,0.011999964714050293,0.011999964714050293
1010,8,B,0.9539999961853027,0.9380000233650208,0.015999972820281982,0.015999972820281982
1010,9,full,0.9605000019073486,0.9470000267028809,0.013499975204467773,0.013499975204467773
1010,9,A,0.9660000205039978,0.9559999704360962,0.010000050067901611,0.010000050067901611
1010,9,B,0.9549999833106995,0.9380000233650208,0.01699995994567871,0.01699995994567871
1010,10,full,0.9629999995231628,0.9474999904632568,0.015500009059906006,0.015500009059906006
1010,10,A,0.9679999947547913,0.9570000171661377,0.010999977588653564,0.010999977588653564
1010,10,B,0.9580000042915344,0.9380000233650208,0.019999980926513672,0.019999980926513672
1010,11,full,0.9629999995231628,0.9495000243186951,0.013499975204467773,0.013499975204467773
1010,11,A,0.968999981880188,0.9589999914169312,0.009999990463256836,0.009999990463256836
1010,11,B,0.9570000171661377,0.9399999976158142,0.017000019550323486,0.017000019550323486
1010,12,full,0.9635000228881836,0.949999988079071,0.013500034809112549,0.013500034809112549
1010,12,A,0.9679999947547913,0.9589999914169312,0.009000003337860107,0.009000003337860107
1010,12,B,0.9589999914169312,0.9409999847412109,0.018000006675720215,0.018000006675720215
1010,13,full,0.9645000100135803,0.949999988079071,0.014500021934509277,0.014500021934509277
1010,13,A,0.968999981880188,0.9589999914169312,0.009999990463256836,0.009999990463256836
1010,13,B,0.9599999785423279,0.9409999847412109,0.018999993801116943,0.018999993801116943
1010,14,full,0.9649999737739563,0.9514999985694885,0.013499975204467773,0.013499975204467773
1010,14,A,0.9700000286102295,0.9620000123977661,0.008000016212463379,0.008000016212463379
1010,14,B,0.9599999785423279,0.9409999847412109,0.018999993801116943,0.018999993801116943
1010,15,full,0.965499997138977,0.9520000219345093,0.013499975204467773,0.013499975204467773
1010,15,A,0.9710000157356262,0.9629999995231628,0.008000016212463379,0.008000016212463379
1010,15,B,0.9599999785423279,0.9409999847412109,0.018999993801116943,0.018999993801116943
1010,16,full,0.965499997138977,0.9524999856948853,0.013000011444091797,0.013000011444091797
1010,16,A,0.9710000157356262,0.9629999995231628,0.008000016212463379,0.008000016212463379
1010,16,B,0.9599999785423279,0.9419999718666077,0.018000006675720215,0.018000006675720215
1010,17,full,0.9664999842643738,0.953499972820282,0.013000011444091797,0.013000011444091797
1010,17,A,0.972000002861023,0.9639999866485596,0.008000016212463379,0.008000016212463379
1010,17,B,0.9610000252723694,0.9430000185966492,0.018000006675720215,0.018000006675720215
1010,18,full,0.9670000076293945,0.9545000195503235,0.012499988079071045,0.012499988079071045
1010,18,A,0.972000002861023,0.9639999866485596,0.008000016212463379,0.008000016212463379
1010,18,B,0.9620000123977661,0.9449999928474426,0.017000019550323486,0.017000019550323486
1010,19,full,0.9679999947547913,0.9549999833106995,0.013000011444091797,0.013000011444091797
1010,19,A,0.9729999899864197,0.9649999737739563,0.008000016212463379,0.008000016212463379
1010,19,B,0.9629999995231628,0.9449999928474426,0.018000006675720215,0.018000006675720215
1010,20,full,0.968500018119812,0.9549999833106995,0.013500034809112549,0.013500034809112549
1010,20,A,0.9739999771118164,0.9649999737739563,0.009000003337860107,0.009000003337860107
1010,20,B,0.9629999995231628,0.9449999928474426,0.018000006675720215,0.018000006675720215
1111,1,full,0.8734999895095825,0.7329999804496765,0.140500009059906,0.140500009059906
1111,1,A,0.875,0.7149999737739563,0.1600000262260437,0.1600000262260437
1111,1,B,0.871999979019165,0.7509999871253967,0.12099999189376831,0.12099999189376831
1111,2,full,0.9309999942779541,0.8765000104904175,0.05449998378753662,0.05449998378753662
1111,2,A,0.9330000281333923,0.8849999904632568,0.0480000376701355,0.0480000376701355
1111,2,B,0.9290000200271606,0.8679999709129333,0.061000049114227295,0.061000049114227295
1111,3,full,0.9419999718666077,0.9179999828338623,0.02399998903274536,0.02399998903274536
1111,3,A,0.9480000138282776,0.9319999814033508,0.016000032424926758,0.016000032424926758
1111,3,B,0.9359999895095825,0.9039999842643738,0.03200000524520874,0.03200000524520874
1111,4,full,0.9480000138282776,0.9315000176429749,0.016499996185302734,0.016499996185302734
1111,4,A,0.9509999752044678,0.9430000185966492,0.007999956607818604,0.007999956607818604
1111,4,B,0.9449999928474426,0.9200000166893005,0.02499997615814209,0.02499997615814209
1111,5,full,0.9495000243186951,0.940500020980835,0.009000003337860107,0.009000003337860107
1111,5,A,0.9539999961853027,0.9539999961853027,0.0,0.0
1111,5,B,0.9449999928474426,0.9269999861717224,0.018000006675720215,0.018000006675720215
1111,6,full,0.9520000219345093,0.9445000290870667,0.007499992847442627,0.007499992847442627
1111,6,A,0.9589999914169312,0.9580000042915344,0.0009999871253967285,0.0009999871253967285
1111,6,B,0.9449999928474426,0.9309999942779541,0.013999998569488525,0.013999998569488525
1111,7,full,0.953000009059906,0.9470000267028809,0.0059999823570251465,0.0059999823570251465
1111,7,A,0.9610000252723694,0.9610000252723694,0.0,0.0
1111,7,B,0.9449999928474426,0.9330000281333923,0.011999964714050293,0.011999964714050293
1111,8,full,0.9539999961853027,0.949999988079071,0.0040000081062316895,0.0040000081062316895
1111,8,A,0.9620000123977661,0.9639999866485596,-0.001999974250793457,0.001999974250793457
1111,8,B,0.9459999799728394,0.9359999895095825,0.009999990463256836,0.009999990463256836
1111,9,full,0.9559999704360962,0.9509999752044678,0.004999995231628418,0.004999995231628418
1111,9,A,0.9639999866485596,0.9649999737739563,-0.0009999871253967285,0.0009999871253967285
1111,9,B,0.9480000138282776,0.9369999766349792,0.01100003719329834,0.01100003719329834
1111,10,full,0.9580000042915344,0.9524999856948853,0.00550001859664917,0.00550001859664917
1111,10,A,0.9660000205039978,0.9679999947547913,-0.001999974250793457,0.001999974250793457
1111,10,B,0.949999988079071,0.9369999766349792,0.013000011444091797,0.013000011444091797
1111,11,full,0.9585000276565552,0.9545000195503235,0.0040000081062316895,0.0040000081062316895
1111,11,A,0.9660000205039978,0.968999981880188,-0.0029999613761901855,0.0029999613761901855
1111,11,B,0.9509999752044678,0.9399999976158142,0.010999977588653564,0.010999977588653564
1111,12,full,0.9599999785423279,0.9559999704360962,0.0040000081062316895,0.0040000081062316895
1111,12,A,0.9679999947547913,0.968999981880188,-0.0009999871253967285,0.0009999871253967285
1111,12,B,0.9520000219345093,0.9430000185966492,0.009000003337860107,0.009000003337860107
1111,13,full,0.9610000252723694,0.9564999938011169,0.004500031471252441,0.004500031471252441
1111,13,A,0.968999981880188,0.968999981880188,0.0,0.0
1111,13,B,0.953000009059906,0.9440000057220459,0.009000003337860107,0.009000003337860107
1111,14,full,0.9624999761581421,0.9585000276565552,0.003999948501586914,0.003999948501586914
1111,14,A,0.9700000286102295,0.9700000286102295,0.0,0.0
1111,14,B,0.9549999833106995,0.9470000267028809,0.007999956607818604,0.007999956607818604
1111,15,full,0.9629999995231628,0.9585000276565552,0.004499971866607666,0.004499971866607666
1111,15,A,0.9710000157356262,0.9710000157356262,0.0,0.0
1111,15,B,0.9549999833106995,0.9459999799728394,0.009000003337860107,0.009000003337860107
1111,16,full,0.9645000100135803,0.9595000147819519,0.004999995231628418,0.004999995231628418
1111,16,A,0.9729999899864197,0.9710000157356262,0.001999974250793457,0.001999974250793457
1111,16,B,0.9559999704360962,0.9480000138282776,0.007999956607818604,0.007999956607818604
1111,17,full,0.9649999737739563,0.9595000147819519,0.0054999589920043945,0.0054999589920043945
1111,17,A,0.9729999899864197,0.9710000157356262,0.001999974250793457,0.001999974250793457
1111,17,B,0.9570000171661377,0.9480000138282776,0.009000003337860107,0.009000003337860107
1111,18,full,0.9649999737739563,0.9610000252723694,0.003999948501586914,0.003999948501586914
1111,18,A,0.9729999899864197,0.972000002861023,0.0009999871253967285,0.0009999871253967285
1111,18,B,0.9570000171661377,0.949999988079071,0.00700002908706665,0.00700002908706665
1111,19,full,0.965499997138977,0.9614999890327454,0.0040000081062316895,0.0040000081062316895
1111,19,A,0.9739999771118164,0.972000002861023,0.001999974250793457,0.001999974250793457
1111,19,B,0.9570000171661377,0.9509999752044678,0.006000041961669922,0.006000041961669922
1111,20,full,0.9660000205039978,0.9620000123977661,0.0040000081062316895,0.0040000081062316895
1111,20,A,0.9739999771118164,0.9729999899864197,0.0009999871253967285,0.0009999871253967285
1111,20,B,0.9580000042915344,0.9509999752044678,0.00700002908706665,0.00700002908706665
1212,1,full,0.8650000095367432,0.7089999914169312,0.156000018119812,0.156000018119812
1212,1,A,0.8320000171661377,0.7210000157356262,0.11100000143051147,0.11100000143051147
1212,1,B,0.8980000019073486,0.6970000267028809,0.20099997520446777,0.20099997520446777
1212,2,full,0.9375,0.8485000133514404,0.08899998664855957,0.08899998664855957
1212,2,A,0.9279999732971191,0.875,0.05299997329711914,0.05299997329711914
1212,2,B,0.9470000267028809,0.8220000267028809,0.125,0.125
1212,3,full,0.9524999856948853,0.8920000195503235,0.06049996614456177,0.06049996614456177
1212,3,A,0.9509999752044678,0.9169999957084656,0.0339999794960022,0.0339999794960022
1212,3,B,0.9539999961853027,0.8669999837875366,0.08700001239776611,0.08700001239776611
1212,4,full,0.9599999785423279,0.9089999794960022,0.050999999046325684,0.050999999046325684
1212,4,A,0.9599999785423279,0.9330000281333923,0.026999950408935547,0.026999950408935547
1212,4,B,0.9599999785423279,0.8849999904632568,0.07499998807907104,0.07499998807907104
1212,5,full,0.9620000123977661,0.9204999804496765,0.0415000319480896,0.0415000319480896
1212,5,A,0.9629999995231628,0.9430000185966492,0.019999980926513672,0.019999980926513672
1212,5,B,0.9610000252723694,0.8980000019073486,0.06300002336502075,0.06300002336502075
1212,6,full,0.9645000100135803,0.9279999732971191,0.03650003671646118,0.03650003671646118
1212,6,A,0.9679999947547913,0.9509999752044678,0.017000019550323486,0.017000019550323486
1212,6,B,0.9610000252723694,0.9049999713897705,0.05600005388259888,0.05600005388259888
1212,7,full,0.9664999842643738,0.9330000281333923,0.033499956130981445,0.033499956130981445
1212,7,A,0.9700000286102295,0.953000009059906,0.017000019550323486,0.017000019550323486
1212,7,B,0.9629999995231628,0.9129999876022339,0.050000011920928955,0.050000011920928955
1212,8,full,0.9670000076293945,0.9375,0.02950000762939453,0.02950000762939453
1212,8,A,0.9710000157356262,0.9549999833106995,0.016000032424926758,0.016000032424926758
1212,8,B,0.9629999995231628,0.9200000166893005,0.042999982833862305,0.042999982833862305
1212,9,full,0.9664999842643738,0.9415000081062317,0.02499997615814209,0.02499997615814209
1212,9,A,0.9700000286102295,0.9589999914169312,0.01100003719329834,0.01100003719329834
1212,9,B,0.9629999995231628,0.9240000247955322,0.038999974727630615,0.038999974727630615
1212,10,full,0.9670000076293945,0.9449999928474426,0.022000014781951904,0.022000014781951904
1212,10,A,0.9700000286102295,0.9599999785423279,0.010000050067901611,0.010000050067901611
1212,10,B,0.9639999866485596,0.9300000071525574,0.0339999794960022,0.0339999794960022
1212,11,full,0.9695000052452087,0.9465000033378601,0.023000001907348633,0.023000001907348633
1212,11,A,0.9729999899864197,0.9620000123977661,0.010999977588653564,0.010999977588653564
1212,11,B,0.9660000205039978,0.9309999942779541,0.0350000262260437,0.0350000262260437
1212,12,full,0.9695000052452087,0.9490000009536743,0.020500004291534424,0.020500004291534424
1212,12,A,0.9729999899864197,0.9620000123977661,0.010999977588653564,0.010999977588653564
1212,12,B,0.9660000205039978,0.9359999895095825,0.030000030994415283,0.030000030994415283
1212,13,full,0.9695000052452087,0.9505000114440918,0.018999993801116943,0.018999993801116943
1212,13,A,0.9729999899864197,0.9639999866485596,0.009000003337860107,0.009000003337860107
1212,13,B,0.9660000205039978,0.9369999766349792,0.029000043869018555,0.029000043869018555
1212,14,full,0.9695000052452087,0.9514999985694885,0.018000006675720215,0.018000006675720215
1212,14,A,0.9729999899864197,0.9649999737739563,0.008000016212463379,0.008000016212463379
1212,14,B,0.9660000205039978,0.9380000233650208,0.02799999713897705,0.02799999713897705
1212,15,full,0.9704999923706055,0.9514999985694885,0.018999993801116943,0.018999993801116943
1212,15,A,0.9739999771118164,0.9649999737739563,0.009000003337860107,0.009000003337860107
1212,15,B,0.9670000076293945,0.9380000233650208,0.02899998426437378,0.02899998426437378
1212,16,full,0.9710000157356262,0.953499972820282,0.01750004291534424,0.01750004291534424
1212,16,A,0.9750000238418579,0.9670000076293945,0.008000016212463379,0.008000016212463379
1212,16,B,0.9670000076293945,0.9399999976158142,0.027000010013580322,0.027000010013580322
1212,17,full,0.9704999923706055,0.9549999833106995,0.015500009059906006,0.015500009059906006
1212,17,A,0.9750000238418579,0.9670000076293945,0.008000016212463379,0.008000016212463379
1212,17,B,0.9660000205039978,0.9430000185966492,0.023000001907348633,0.023000001907348633
1212,18,full,0.9710000157356262,0.9549999833106995,0.016000032424926758,0.016000032424926758
1212,18,A,0.9750000238418579,0.9660000205039978,0.009000003337860107,0.009000003337860107
1212,18,B,0.9670000076293945,0.9440000057220459,0.023000001907348633,0.023000001907348633
1212,19,full,0.9710000157356262,0.9555000066757202,0.015500009059906006,0.015500009059906006
1212,19,A,0.9750000238418579,0.9670000076293945,0.008000016212463379,0.008000016212463379
1212,19,B,0.9670000076293945,0.9440000057220459,0.023000001907348633,0.023000001907348633
1212,20,full,0.972000002861023,0.9564999938011169,0.015500009059906006,0.015500009059906006
1212,20,A,0.9760000109672546,0.9679999947547913,0.008000016212463379,0.008000016212463379
1212,20,B,0.9679999947547913,0.9449999928474426,0.023000001907348633,0.023000001907348633
1313,1,full,0.765500009059906,0.7124999761581421,0.053000032901763916,0.053000032901763916
1313,1,A,0.7070000171661377,0.6710000038146973,0.03600001335144043,0.03600001335144043
1313,1,B,0.8240000009536743,0.7540000081062317,0.06999999284744263,0.06999999284744263
1313,2,full,0.8840000033378601,0.9120000004768372,-0.02799999713897705,0.02799999713897705
1313,2,A,0.8650000095367432,0.9110000133514404,-0.046000003814697266,0.046000003814697266
1313,2,B,0.902999997138977,0.9129999876022339,-0.009999990463256836,0.009999990463256836
1313,3,full,0.9365000128746033,0.9334999918937683,0.003000020980834961,0.003000020980834961
1313,3,A,0.9430000185966492,0.9369999766349792,0.006000041961669922,0.006000041961669922
1313,3,B,0.9300000071525574,0.9300000071525574,0.0,0.0
1313,4,full,0.9480000138282776,0.9419999718666077,0.006000041961669922,0.006000041961669922
1313,4,A,0.9539999961853027,0.9449999928474426,0.009000003337860107,0.009000003337860107
1313,4,B,0.9419999718666077,0.9390000104904175,0.0029999613761901855,0.0029999613761901855
1313,5,full,0.9539999961853027,0.9470000267028809,0.006999969482421875,0.006999969482421875
1313,5,A,0.9570000171661377,0.949999988079071,0.00700002908706665,0.00700002908706665
1313,5,B,0.9509999752044678,0.9440000057220459,0.006999969482421875,0.006999969482421875
1313,6,full,0.9599999785423279,0.9509999752044678,0.009000003337860107,0.009000003337860107
1313,6,A,0.9649999737739563,0.9559999704360962,0.009000003337860107,0.009000003337860107
1313,6,B,0.9549999833106995,0.9459999799728394,0.009000003337860107,0.009000003337860107
1313,7,full,0.9624999761581421,0.953000009059906,0.009499967098236084,0.009499967098236084
1313,7,A,0.9679999947547913,0.9580000042915344,0.009999990463256836,0.009999990463256836
1313,7,B,0.9570000171661377,0.9480000138282776,0.009000003337860107,0.009000003337860107
1313,8,full,0.9639999866485596,0.9539999961853027,0.009999990463256836,0.009999990463256836
1313,8,A,0.968999981880188,0.9599999785423279,0.009000003337860107,0.009000003337860107
1313,8,B,0.9589999914169312,0.9480000138282776,0.010999977588653564,0.010999977588653564
1313,9,full,0.9664999842643738,0.9559999704360962,0.010500013828277588,0.010500013828277588
1313,9,A,0.9710000157356262,0.9610000252723694,0.009999990463256836,0.009999990463256836
1313,9,B,0.9620000123977661,0.9509999752044678,0.01100003719329834,0.01100003719329834
1313,10,full,0.9679999947547913,0.9574999809265137,0.010500013828277588,0.010500013828277588
1313,10,A,0.9710000157356262,0.9629999995231628,0.008000016212463379,0.008000016212463379
1313,10,B,0.9649999737739563,0.9520000219345093,0.012999951839447021,0.012999951839447021
1313,11,full,0.9679999947547913,0.9585000276565552,0.009499967098236084,0.009499967098236084
1313,11,A,0.9710000157356262,0.9639999866485596,0.00700002908706665,0.00700002908706665
1313,11,B,0.9649999737739563,0.953000009059906,0.011999964714050293,0.011999964714050293
1313,12,full,0.968999981880188,0.9595000147819519,0.009499967098236084,0.009499967098236084
1313,12,A,0.972000002861023,0.9639999866485596,0.008000016212463379,0.008000016212463379
1313,12,B,0.9660000205039978,0.9549999833106995,0.01100003719329834,0.01100003719329834
1313,13,full,0.968999981880188,0.9605000019073486,0.008499979972839355,0.008499979972839355
1313,13,A,0.972000002861023,0.9660000205039978,0.0059999823570251465,0.0059999823570251465
1313,13,B,0.9660000205039978,0.9549999833106995,0.01100003719329834,0.01100003719329834
1313,14,full,0.9695000052452087,0.9599999785423279,0.00950002670288086,0.00950002670288086
1313,14,A,0.972000002861023,0.9649999737739563,0.00700002908706665,0.00700002908706665
1313,14,B,0.9670000076293945,0.9549999833106995,0.012000024318695068,0.012000024318695068
1313,15,full,0.9700000286102295,0.9599999785423279,0.010000050067901611,0.010000050067901611
1313,15,A,0.9729999899864197,0.9649999737739563,0.008000016212463379,0.008000016212463379
1313,15,B,0.9670000076293945,0.9549999833106995,0.012000024318695068,0.012000024318695068
1313,16,full,0.9704999923706055,0.9599999785423279,0.010500013828277588,0.010500013828277588
1313,16,A,0.9739999771118164,0.9649999737739563,0.009000003337860107,0.009000003337860107
1313,16,B,0.9670000076293945,0.9549999833106995,0.012000024318695068,0.012000024318695068
1313,17,full,0.9704999923706055,0.9614999890327454,0.009000003337860107,0.009000003337860107
1313,17,A,0.9739999771118164,0.9660000205039978,0.007999956607818604,0.007999956607818604
1313,17,B,0.9670000076293945,0.9570000171661377,0.009999990463256836,0.009999990463256836
1313,18,full,0.9704999923706055,0.9624999761581421,0.008000016212463379,0.008000016212463379
1313,18,A,0.9739999771118164,0.9660000205039978,0.007999956607818604,0.007999956607818604
1313,18,B,0.9670000076293945,0.9589999914169312,0.008000016212463379,0.008000016212463379
1313,19,full,0.9700000286102295,0.9620000123977661,0.008000016212463379,0.008000016212463379
1313,19,A,0.9729999899864197,0.9649999737739563,0.008000016212463379,0.008000016212463379
1313,19,B,0.9670000076293945,0.9589999914169312,0.008000016212463379,0.008000016212463379
1313,20,full,0.9700000286102295,0.9624999761581421,0.007500052452087402,0.007500052452087402
1313,20,A,0.9729999899864197,0.9660000205039978,0.006999969482421875,0.006999969482421875
1313,20,B,0.9670000076293945,0.9589999914169312,0.008000016212463379,0.008000016212463379
1414,1,full,0.8339999914169312,0.8759999871253967,-0.041999995708465576,0.041999995708465576
1414,1,A,0.9309999942779541,0.9160000085830688,0.014999985694885254,0.014999985694885254
1414,1,B,0.7369999885559082,0.8360000252723694,-0.09900003671646118,0.09900003671646118
1414,2,full,0.9279999732971191,0.9284999966621399,-0.000500023365020752,0.000500023365020752
1414,2,A,0.9649999737739563,0.949999988079071,0.014999985694885254,0.014999985694885254
1414,2,B,0.890999972820282,0.9070000052452087,-0.016000032424926758,0.016000032424926758
1414,3,full,0.9484999775886536,0.9380000233650208,0.010499954223632812,0.010499954223632812
1414,3,A,0.9750000238418579,0.9549999833106995,0.020000040531158447,0.020000040531158447
1414,3,B,0.921999990940094,0.9210000038146973,0.0009999871253967285,0.0009999871253967285
1414,4,full,0.9564999938011169,0.9470000267028809,0.009499967098236084,0.009499967098236084
1414,4,A,0.9760000109672546,0.9620000123977661,0.013999998569488525,0.013999998569488525
1414,4,B,0.9369999766349792,0.9319999814033508,0.004999995231628418,0.004999995231628418
1414,5,full,0.9595000147819519,0.9505000114440918,0.009000003337860107,0.009000003337860107
1414,5,A,0.9760000109672546,0.9639999866485596,0.012000024318695068,0.012000024318695068
1414,5,B,0.9430000185966492,0.9369999766349792,0.006000041961669922,0.006000041961669922
1414,6,full,0.9620000123977661,0.9524999856948853,0.00950002670288086,0.00950002670288086
1414,6,A,0.9769999980926514,0.9660000205039978,0.010999977588653564,0.010999977588653564
1414,6,B,0.9470000267028809,0.9390000104904175,0.008000016212463379,0.008000016212463379
1414,7,full,0.9624999761581421,0.9549999833106995,0.007499992847442627,0.007499992847442627
1414,7,A,0.9760000109672546,0.9670000076293945,0.009000003337860107,0.009000003337860107
1414,7,B,0.9490000009536743,0.9430000185966492,0.0059999823570251465,0.0059999823570251465
1414,8,full,0.9639999866485596,0.9580000042915344,0.0059999823570251465,0.0059999823570251465
1414,8,A,0.9760000109672546,0.9700000286102295,0.0059999823570251465,0.0059999823570251465
1414,8,B,0.9520000219345093,0.9459999799728394,0.006000041961669922,0.006000041961669922
1414,9,full,0.9660000205039978,0.9589999914169312,0.00700002908706665,0.00700002908706665
1414,9,A,0.9760000109672546,0.9710000157356262,0.004999995231628418,0.004999995231628418
1414,9,B,0.9559999704360962,0.9470000267028809,0.008999943733215332,0.008999943733215332
1414,10,full,0.9670000076293945,0.9620000123977661,0.004999995231628418,0.004999995231628418
1414,10,A,0.9769999980926514,0.9739999771118164,0.003000020980834961,0.003000020980834961
1414,10,B,0.9570000171661377,0.949999988079071,0.00700002908706665,0.00700002908706665
1414,11,full,0.9674999713897705,0.9624999761581421,0.004999995231628418,0.004999995231628418
1414,11,A,0.9769999980926514,0.9750000238418579,0.001999974250793457,0.001999974250793457
1414,11,B,0.9580000042915344,0.949999988079071,0.008000016212463379,0.008000016212463379
1414,12,full,0.9674999713897705,0.9624999761581421,0.004999995231628418,0.004999995231628418
1414,12,A,0.9769999980926514,0.9750000238418579,0.001999974250793457,0.001999974250793457
1414,12,B,0.9580000042915344,0.949999988079071,0.008000016212463379,0.008000016212463379
1414,13,full,0.9679999947547913,0.9639999866485596,0.0040000081062316895,0.0040000081062316895
1414,13,A,0.9769999980926514,0.9760000109672546,0.0009999871253967285,0.0009999871253967285
1414,13,B,0.9589999914169312,0.9520000219345093,0.006999969482421875,0.006999969482421875
1414,14,full,0.968500018119812,0.965499997138977,0.003000020980834961,0.003000020980834961
1414,14,A,0.9769999980926514,0.9779999852180481,-0.0009999871253967285,0.0009999871253967285
1414,14,B,0.9599999785423279,0.953000009059906,0.006999969482421875,0.006999969482421875
1414,15,full,0.968999981880188,0.9645000100135803,0.004499971866607666,0.004499971866607666
1414,15,A,0.9769999980926514,0.9769999980926514,0.0,0.0
1414,15,B,0.9610000252723694,0.9520000219345093,0.009000003337860107,0.009000003337860107
1414,16,full,0.9695000052452087,0.9649999737739563,0.004500031471252441,0.004500031471252441
1414,16,A,0.9779999852180481,0.9779999852180481,0.0,0.0
1414,16,B,0.9610000252723694,0.9520000219345093,0.009000003337860107,0.009000003337860107
1414,17,full,0.9700000286102295,0.965499997138977,0.004500031471252441,0.004500031471252441
1414,17,A,0.9779999852180481,0.9779999852180481,0.0,0.0
1414,17,B,0.9620000123977661,0.953000009059906,0.009000003337860107,0.009000003337860107
1414,18,full,0.9695000052452087,0.9660000205039978,0.0034999847412109375,0.0034999847412109375
1414,18,A,0.9779999852180481,0.9779999852180481,0.0,0.0
1414,18,B,0.9610000252723694,0.9539999961853027,0.00700002908706665,0.00700002908706665
1414,19,full,0.9695000052452087,0.9660000205039978,0.0034999847412109375,0.0034999847412109375
1414,19,A,0.9779999852180481,0.9779999852180481,0.0,0.0
1414,19,B,0.9610000252723694,0.9539999961853027,0.00700002908706665,0.00700002908706665
1414,20,full,0.9695000052452087,0.9664999842643738,0.003000020980834961,0.003000020980834961
1414,20,A,0.9779999852180481,0.9779999852180481,0.0,0.0
1414,20,B,0.9610000252723694,0.9549999833106995,0.006000041961669922,0.006000041961669922
1515,1,full,0.7039999961853027,0.6179999709129333,0.08600002527236938,0.08600002527236938
1515,1,A,0.7179999947547913,0.6209999918937683,0.09700000286102295,0.09700000286102295
1515,1,B,0.6899999976158142,0.6150000095367432,0.07499998807907104,0.07499998807907104
1515,2,full,0.8815000057220459,0.8184999823570251,0.06300002336502075,0.06300002336502075
1515,2,A,0.8619999885559082,0.8479999899864197,0.013999998569488525,0.013999998569488525
1515,2,B,0.9010000228881836,0.7889999747276306,0.11200004816055298,0.11200004816055298
1515,3,full,0.925000011920929,0.8899999856948853,0.0350000262260437,0.0350000262260437
1515,3,A,0.9240000247955322,0.9179999828338623,0.006000041961669922,0.006000041961669922
1515,3,B,0.9259999990463257,0.8619999885559082,0.06400001049041748,0.06400001049041748
1515,4,full,0.9449999928474426,0.9139999747276306,0.03100001811981201,0.03100001811981201
1515,4,A,0.9509999752044678,0.9269999861717224,0.02399998903274536,0.02399998903274536
1515,4,B,0.9390000104904175,0.9010000228881836,0.03799998760223389,0.03799998760223389
1515,5,full,0.949999988079071,0.925000011920929,0.02499997615814209,0.02499997615814209
1515,5,A,0.9549999833106995,0.9340000152587891,0.0209999680519104,0.0209999680519104
1515,5,B,0.9449999928474426,0.9160000085830688,0.02899998426437378,0.02899998426437378
1515,6,full,0.9539999961853027,0.9340000152587891,0.019999980926513672,0.019999980926513672
1515,6,A,0.9599999785423279,0.9419999718666077,0.018000006675720215,0.018000006675720215
1515,6,B,0.9480000138282776,0.9259999990463257,0.022000014781951904,0.022000014781951904
1515,7,full,0.9574999809265137,0.9390000104904175,0.01849997043609619,0.01849997043609619
1515,7,A,0.9639999866485596,0.9470000267028809,0.01699995994567871,0.01699995994567871
1515,7,B,0.9509999752044678,0.9309999942779541,0.019999980926513672,0.019999980926513672
1515,8,full,0.9605000019073486,0.9455000162124634,0.014999985694885254,0.014999985694885254
1515,8,A,0.9679999947547913,0.953000009059906,0.014999985694885254,0.014999985694885254
1515,8,B,0.953000009059906,0.9380000233650208,0.014999985694885254,0.014999985694885254
1515,9,full,0.9624999761581421,0.9495000243186951,0.012999951839447021,0.012999951839447021
1515,9,A,0.972000002861023,0.9570000171661377,0.014999985694885254,0.014999985694885254
1515,9,B,0.953000009059906,0.9419999718666077,0.01100003719329834,0.01100003719329834
1515,10,full,0.9639999866485596,0.9520000219345093,0.011999964714050293,0.011999964714050293
1515,10,A,0.972000002861023,0.9610000252723694,0.010999977588653564,0.010999977588653564
1515,10,B,0.9559999704360962,0.9430000185966492,0.012999951839447021,0.012999951839447021
1515,11,full,0.9635000228881836,0.9545000195503235,0.009000003337860107,0.009000003337860107
1515,11,A,0.972000002861023,0.9649999737739563,0.00700002908706665,0.00700002908706665
1515,11,B,0.9549999833106995,0.9440000057220459,0.010999977588653564,0.010999977588653564
1515,12,full,0.9645000100135803,0.9559999704360962,0.00850003957748413,0.00850003957748413
1515,12,A,0.9729999899864197,0.9670000076293945,0.0059999823570251465,0.0059999823570251465
1515,12,B,0.9559999704360962,0.9449999928474426,0.010999977588653564,0.010999977588653564
1515,13,full,0.9664999842643738,0.9595000147819519,0.006999969482421875,0.006999969482421875
1515,13,A,0.9750000238418579,0.968999981880188,0.006000041961669922,0.006000041961669922
1515,13,B,0.9580000042915344,0.949999988079071,0.008000016212463379,0.008000016212463379
1515,14,full,0.9674999713897705,0.9605000019073486,0.006999969482421875,0.006999969482421875
1515,14,A,0.9750000238418579,0.9700000286102295,0.004999995231628418,0.004999995231628418
1515,14,B,0.9599999785423279,0.9509999752044678,0.009000003337860107,0.009000003337860107
1515,15,full,0.9679999947547913,0.9624999761581421,0.00550001859664917,0.00550001859664917
1515,15,A,0.9750000238418579,0.9710000157356262,0.0040000081062316895,0.0040000081062316895
1515,15,B,0.9610000252723694,0.9539999961853027,0.00700002908706665,0.00700002908706665
1515,16,full,0.968500018119812,0.9629999995231628,0.00550001859664917,0.00550001859664917
1515,16,A,0.9760000109672546,0.9710000157356262,0.004999995231628418,0.004999995231628418
1515,16,B,0.9610000252723694,0.9549999833106995,0.006000041961669922,0.006000041961669922
1515,17,full,0.968500018119812,0.9639999866485596,0.004500031471252441,0.004500031471252441
1515,17,A,0.9760000109672546,0.9710000157356262,0.004999995231628418,0.004999995231628418
1515,17,B,0.9610000252723694,0.9570000171661377,0.0040000081062316895,0.0040000081062316895
1515,18,full,0.9679999947547913,0.9645000100135803,0.0034999847412109375,0.0034999847412109375
1515,18,A,0.9760000109672546,0.972000002861023,0.0040000081062316895,0.0040000081062316895
1515,18,B,0.9599999785423279,0.9570000171661377,0.0029999613761901855,0.0029999613761901855
1515,19,full,0.9679999947547913,0.9660000205039978,0.001999974250793457,0.001999974250793457
1515,19,A,0.9760000109672546,0.972000002861023,0.0040000081062316895,0.0040000081062316895
1515,19,B,0.9599999785423279,0.9599999785423279,0.0,0.0
1515,20,full,0.968999981880188,0.9660000205039978,0.0029999613761901855,0.0029999613761901855
1515,20,A,0.9769999980926514,0.972000002861023,0.004999995231628418,0.004999995231628418
1515,20,B,0.9610000252723694,0.9599999785423279,0.001000046730041504,0.001000046730041504
1616,1,full,0.7940000295639038,0.7889999747276306,0.005000054836273193,0.005000054836273193
1616,1,A,0.8519999980926514,0.7799999713897705,0.07200002670288086,0.07200002670288086
1616,1,B,0.7360000014305115,0.7979999780654907,-0.06199997663497925,0.06199997663497925
1616,2,full,0.921999990940094,0.8849999904632568,0.03700000047683716,0.03700000047683716
1616,2,A,0.9350000023841858,0.8930000066757202,0.041999995708465576,0.041999995708465576
1616,2,B,0.9089999794960022,0.8769999742507935,0.03200000524520874,0.03200000524520874
1616,3,full,0.9440000057220459,0.9160000085830688,0.02799999713897705,0.02799999713897705
1616,3,A,0.9570000171661377,0.925000011920929,0.03200000524520874,0.03200000524520874
1616,3,B,0.9309999942779541,0.9070000052452087,0.02399998903274536,0.02399998903274536
1616,4,full,0.953499972820282,0.9304999709129333,0.023000001907348633,0.023000001907348633
1616,4,A,0.9639999866485596,0.9390000104904175,0.02499997615814209,0.02499997615814209
1616,4,B,0.9430000185966492,0.921999990940094,0.021000027656555176,0.021000027656555176
1616,5,full,0.9585000276565552,0.9365000128746033,0.022000014781951904,0.022000014781951904
1616,5,A,0.968999981880188,0.9449999928474426,0.02399998903274536,0.02399998903274536
1616,5,B,0.9480000138282776,0.9279999732971191,0.020000040531158447,0.020000040531158447
1616,6,full,0.9639999866485596,0.9424999952316284,0.021499991416931152,0.021499991416931152
1616,6,A,0.9729999899864197,0.953000009059906,0.019999980926513672,0.019999980926513672
1616,6,B,0.9549999833106995,0.9319999814033508,0.023000001907348633,0.023000001907348633
1616,7,full,0.9645000100135803,0.9440000057220459,0.020500004291534424,0.020500004291534424
1616,7,A,0.9739999771118164,0.9549999833106995,0.018999993801116943,0.018999993801116943
1616,7,B,0.9549999833106995,0.9330000281333923,0.02199995517730713,0.02199995517730713
1616,8,full,0.9660000205039978,0.9465000033378601,0.019500017166137695,0.019500017166137695
1616,8,A,0.9739999771118164,0.9570000171661377,0.01699995994567871,0.01699995994567871
1616,8,B,0.9580000042915344,0.9359999895095825,0.022000014781951904,0.022000014781951904
1616,9,full,0.9679999947547913,0.9480000138282776,0.019999980926513672,0.019999980926513672
1616,9,A,0.9760000109672546,0.9589999914169312,0.017000019550323486,0.017000019550323486
1616,9,B,0.9599999785423279,0.9369999766349792,0.023000001907348633,0.023000001907348633
1616,10,full,0.9674999713897705,0.9495000243186951,0.01799994707107544,0.01799994707107544
1616,10,A,0.9760000109672546,0.9589999914169312,0.017000019550323486,0.017000019550323486
1616,10,B,0.9589999914169312,0.9399999976158142,0.018999993801116943,0.018999993801116943
1616,11,full,0.9674999713897705,0.949999988079071,0.017499983310699463,0.017499983310699463
1616,11,A,0.9750000238418579,0.9610000252723694,0.013999998569488525,0.013999998569488525
1616,11,B,0.9599999785423279,0.9390000104904175,0.0209999680519104,0.0209999680519104
1616,12,full,0.968500018119812,0.9520000219345093,0.016499996185302734,0.016499996185302734
1616,12,A,0.9769999980926514,0.9649999737739563,0.012000024318695068,0.012000024318695068
1616,12,B,0.9599999785423279,0.9390000104904175,0.0209999680519104,0.0209999680519104
1616,13,full,0.968500018119812,0.9514999985694885,0.017000019550323486,0.017000019550323486
1616,13,A,0.9769999980926514,0.9639999866485596,0.013000011444091797,0.013000011444091797
1616,13,B,0.9599999785423279,0.9390000104904175,0.0209999680519104,0.0209999680519104
1616,14,full,0.968500018119812,0.9524999856948853,0.016000032424926758,0.016000032424926758
1616,14,A,0.9769999980926514,0.9649999737739563,0.012000024318695068,0.012000024318695068
1616,14,B,0.9599999785423279,0.9399999976158142,0.019999980926513672,0.019999980926513672
1616,15,full,0.9695000052452087,0.9524999856948853,0.017000019550323486,0.017000019550323486
1616,15,A,0.9769999980926514,0.9649999737739563,0.012000024318695068,0.012000024318695068
1616,15,B,0.9620000123977661,0.9399999976158142,0.022000014781951904,0.022000014781951904
1616,16,full,0.9714999794960022,0.953000009059906,0.01849997043609619,0.01849997043609619
1616,16,A,0.9789999723434448,0.9649999737739563,0.013999998569488525,0.013999998569488525
1616,16,B,0.9639999866485596,0.9409999847412109,0.023000001907348633,0.023000001907348633
1616,17,full,0.9714999794960022,0.953499972820282,0.018000006675720215,0.018000006675720215
1616,17,A,0.9789999723434448,0.9660000205039978,0.012999951839447021,0.012999951839447021
1616,17,B,0.9639999866485596,0.9409999847412109,0.023000001907348633,0.023000001907348633
1616,18,full,0.972000002861023,0.9549999833106995,0.017000019550323486,0.017000019550323486
1616,18,A,0.9789999723434448,0.9670000076293945,0.011999964714050293,0.011999964714050293
1616,18,B,0.9649999737739563,0.9430000185966492,0.02199995517730713,0.02199995517730713
1616,19,full,0.9729999899864197,0.9564999938011169,0.016499996185302734,0.016499996185302734
1616,19,A,0.9800000190734863,0.9679999947547913,0.012000024318695068,0.012000024318695068
1616,19,B,0.9660000205039978,0.9449999928474426,0.021000027656555176,0.021000027656555176
1616,20,full,0.9729999899864197,0.9564999938011169,0.016499996185302734,0.016499996185302734
1616,20,A,0.9800000190734863,0.9679999947547913,0.012000024318695068,0.012000024318695068
1616,20,B,0.9660000205039978,0.9449999928474426,0.021000027656555176,0.021000027656555176
1717,1,full,0.7310000061988831,0.7229999899864197,0.008000016212463379,0.008000016212463379
1717,1,A,0.8399999737739563,0.6399999856948853,0.19999998807907104,0.19999998807907104
1717,1,B,0.621999979019165,0.8059999942779541,-0.18400001525878906,0.18400001525878906
1717,2,full,0.8715000152587891,0.9075000286102295,-0.03600001335144043,0.03600001335144043
1717,2,A,0.9409999847412109,0.9129999876022339,0.02799999713897705,0.02799999713897705
1717,2,B,0.8019999861717224,0.9020000100135803,-0.10000002384185791,0.10000002384185791
1717,3,full,0.906000018119812,0.9304999709129333,-0.024499952793121338,0.024499952793121338
1717,3,A,0.9570000171661377,0.9409999847412109,0.016000032424926758,0.016000032424926758
1717,3,B,0.8550000190734863,0.9200000166893005,-0.06499999761581421,0.06499999761581421
1717,4,full,0.9175000190734863,0.9430000185966492,-0.025499999523162842,0.025499999523162842
1717,4,A,0.9610000252723694,0.949999988079071,0.01100003719329834,0.01100003719329834
1717,4,B,0.8740000128746033,0.9359999895095825,-0.06199997663497925,0.06199997663497925
1717,5,full,0.9265000224113464,0.953000009059906,-0.02649998664855957,0.02649998664855957
1717,5,A,0.9620000123977661,0.9570000171661377,0.004999995231628418,0.004999995231628418
1717,5,B,0.890999972820282,0.9490000009536743,-0.058000028133392334,0.058000028133392334
1717,6,full,0.9319999814033508,0.9559999704360962,-0.02399998903274536,0.02399998903274536
1717,6,A,0.9639999866485596,0.9620000123977661,0.001999974250793457,0.001999974250793457
1717,6,B,0.8999999761581421,0.949999988079071,-0.050000011920928955,0.050000011920928955
1717,7,full,0.9365000128746033,0.9589999914169312,-0.02249997854232788,0.02249997854232788
1717,7,A,0.9649999737739563,0.9660000205039978,-0.001000046730041504,0.001000046730041504
1717,7,B,0.9079999923706055,0.9520000219345093,-0.04400002956390381,0.04400002956390381
1717,8,full,0.9399999976158142,0.9610000252723694,-0.021000027656555176,0.021000027656555176
1717,8,A,0.9660000205039978,0.9679999947547913,-0.001999974250793457,0.001999974250793457
1717,8,B,0.9139999747276306,0.9539999961853027,-0.04000002145767212,0.04000002145767212
1717,9,full,0.9434999823570251,0.9614999890327454,-0.018000006675720215,0.018000006675720215
1717,9,A,0.9660000205039978,0.9679999947547913,-0.001999974250793457,0.001999974250793457
1717,9,B,0.9210000038146973,0.9549999833106995,-0.0339999794960022,0.0339999794960022
1717,10,full,0.9449999928474426,0.9635000228881836,-0.018500030040740967,0.018500030040740967
1717,10,A,0.9679999947547913,0.968999981880188,-0.0009999871253967285,0.0009999871253967285
1717,10,B,0.921999990940094,0.9580000042915344,-0.03600001335144043,0.03600001335144043
1717,11,full,0.9470000267028809,0.9624999761581421,-0.01549994945526123,0.01549994945526123
1717,11,A,0.9700000286102295,0.968999981880188,0.001000046730041504,0.001000046730041504
1717,11,B,0.9240000247955322,0.9559999704360962,-0.031999945640563965,0.031999945640563965
1717,12,full,0.9484999775886536,0.9639999866485596,-0.015500009059906006,0.015500009059906006
1717,12,A,0.972000002861023,0.9710000157356262,0.0009999871253967285,0.0009999871253967285
1717,12,B,0.925000011920929,0.9570000171661377,-0.03200000524520874,0.03200000524520874
1717,13,full,0.949999988079071,0.9649999737739563,-0.014999985694885254,0.014999985694885254
1717,13,A,0.972000002861023,0.972000002861023,0.0,0.0
1717,13,B,0.9279999732971191,0.9580000042915344,-0.030000030994415283,0.030000030994415283
1717,14,full,0.9505000114440918,0.9674999713897705,-0.01699995994567871,0.01699995994567871
1717,14,A,0.9729999899864197,0.9729999899864197,0.0,0.0
1717,14,B,0.9279999732971191,0.9620000123977661,-0.03400003910064697,0.03400003910064697
1717,15,full,0.9509999752044678,0.968500018119812,-0.01750004291534424,0.01750004291534424
1717,15,A,0.972000002861023,0.9739999771118164,-0.001999974250793457,0.001999974250793457
1717,15,B,0.9300000071525574,0.9629999995231628,-0.03299999237060547,0.03299999237060547
1717,16,full,0.9514999985694885,0.968500018119812,-0.017000019550323486,0.017000019550323486
1717,16,A,0.972000002861023,0.9750000238418579,-0.003000020980834961,0.003000020980834961
1717,16,B,0.9309999942779541,0.9620000123977661,-0.03100001811981201,0.03100001811981201
1717,17,full,0.953000009059906,0.968500018119812,-0.015500009059906006,0.015500009059906006
1717,17,A,0.9729999899864197,0.9750000238418579,-0.0020000338554382324,0.0020000338554382324
1717,17,B,0.9330000281333923,0.9620000123977661,-0.02899998426437378,0.02899998426437378
1717,18,full,0.9545000195503235,0.9695000052452087,-0.014999985694885254,0.014999985694885254
1717,18,A,0.9729999899864197,0.9750000238418579,-0.0020000338554382324,0.0020000338554382324
1717,18,B,0.9359999895095825,0.9639999866485596,-0.02799999713897705,0.02799999713897705
1717,19,full,0.9549999833106995,0.9695000052452087,-0.014500021934509277,0.014500021934509277
1717,19,A,0.9739999771118164,0.9750000238418579,-0.001000046730041504,0.001000046730041504
1717,19,B,0.9359999895095825,0.9639999866485596,-0.02799999713897705,0.02799999713897705
1717,20,full,0.9555000066757202,0.9695000052452087,-0.013999998569488525,0.013999998569488525
1717,20,A,0.9750000238418579,0.9750000238418579,0.0,0.0
1717,20,B,0.9359999895095825,0.9639999866485596,-0.02799999713897705,0.02799999713897705
1818,1,full,0.6930000185966492,0.8659999966621399,-0.17299997806549072,0.17299997806549072
1818,1,A,0.7839999794960022,0.9259999990463257,-0.1420000195503235,0.1420000195503235
1818,1,B,0.6019999980926514,0.8059999942779541,-0.20399999618530273,0.20399999618530273
1818,2,full,0.8930000066757202,0.9430000185966492,-0.050000011920928955,0.050000011920928955
1818,2,A,0.9290000200271606,0.9679999947547913,-0.038999974727630615,0.038999974727630615
1818,2,B,0.8569999933242798,0.9179999828338623,-0.06099998950958252,0.06099998950958252
1818,3,full,0.9325000047683716,0.953499972820282,-0.0209999680519104,0.0209999680519104
1818,3,A,0.9509999752044678,0.9729999899864197,-0.022000014781951904,0.022000014781951904
1818,3,B,0.9139999747276306,0.9340000152587891,-0.020000040531158447,0.020000040531158447
1818,4,full,0.9480000138282776,0.9574999809265137,-0.009499967098236084,0.009499967098236084
1818,4,A,0.9599999785423279,0.9750000238418579,-0.01500004529953003,0.01500004529953003
1818,4,B,0.9359999895095825,0.9399999976158142,-0.0040000081062316895,0.0040000081062316895
1818,5,full,0.9545000195503235,0.9599999785423279,-0.0054999589920043945,0.0054999589920043945
1818,5,A,0.9670000076293945,0.9750000238418579,-0.008000016212463379,0.008000016212463379
1818,5,B,0.9419999718666077,0.9449999928474426,-0.003000020980834961,0.003000020980834961
1818,6,full,0.9580000042915344,0.9620000123977661,-0.0040000081062316895,0.0040000081062316895
1818,6,A,0.9700000286102295,0.9760000109672546,-0.0059999823570251465,0.0059999823570251465
1818,6,B,0.9459999799728394,0.9480000138282776,-0.0020000338554382324,0.0020000338554382324
1818,7,full,0.9605000019073486,0.9629999995231628,-0.002499997615814209,0.002499997615814209
1818,7,A,0.9710000157356262,0.9760000109672546,-0.004999995231628418,0.004999995231628418
1818,7,B,0.949999988079071,0.949999988079071,0.0,0.0
1818,8,full,0.9620000123977661,0.9645000100135803,-0.002499997615814209,0.002499997615814209
1818,8,A,0.972000002861023,0.9769999980926514,-0.004999995231628418,0.004999995231628418
1818,8,B,0.9520000219345093,0.9520000219345093,0.0,0.0
1818,9,full,0.9629999995231628,0.9645000100135803,-0.0015000104904174805,0.0015000104904174805
1818,9,A,0.9729999899864197,0.9769999980926514,-0.0040000081062316895,0.0040000081062316895
1818,9,B,0.953000009059906,0.9520000219345093,0.0009999871253967285,0.0009999871253967285
1818,10,full,0.9629999995231628,0.9645000100135803,-0.0015000104904174805,0.0015000104904174805
1818,10,A,0.9739999771118164,0.9760000109672546,-0.0020000338554382324,0.0020000338554382324
1818,10,B,0.9520000219345093,0.953000009059906,-0.0009999871253967285,0.0009999871253967285
1818,11,full,0.9649999737739563,0.965499997138977,-0.000500023365020752,0.000500023365020752
1818,11,A,0.9739999771118164,0.9760000109672546,-0.0020000338554382324,0.0020000338554382324
1818,11,B,0.9559999704360962,0.9549999833106995,0.0009999871253967285,0.0009999871253967285
1818,12,full,0.9660000205039978,0.9664999842643738,-0.0004999637603759766,0.0004999637603759766
1818,12,A,0.9739999771118164,0.9779999852180481,-0.0040000081062316895,0.0040000081062316895
1818,12,B,0.9580000042915344,0.9549999833106995,0.003000020980834961,0.003000020980834961
1818,13,full,0.9670000076293945,0.9674999713897705,-0.0004999637603759766,0.0004999637603759766
1818,13,A,0.9750000238418579,0.9779999852180481,-0.0029999613761901855,0.0029999613761901855
1818,13,B,0.9589999914169312,0.9570000171661377,0.001999974250793457,0.001999974250793457
1818,14,full,0.9674999713897705,0.9674999713897705,0.0,0.0
1818,14,A,0.9750000238418579,0.9779999852180481,-0.0029999613761901855,0.0029999613761901855
1818,14,B,0.9599999785423279,0.9570000171661377,0.0029999613761901855,0.0029999613761901855
1818,15,full,0.9674999713897705,0.9674999713897705,0.0,0.0
1818,15,A,0.9750000238418579,0.9779999852180481,-0.0029999613761901855,0.0029999613761901855
1818,15,B,0.9599999785423279,0.9570000171661377,0.0029999613761901855,0.0029999613761901855
1818,16,full,0.9674999713897705,0.968500018119812,-0.001000046730041504,0.001000046730041504
1818,16,A,0.9750000238418579,0.9789999723434448,-0.003999948501586914,0.003999948501586914
1818,16,B,0.9599999785423279,0.9580000042915344,0.001999974250793457,0.001999974250793457
1818,17,full,0.9674999713897705,0.9695000052452087,-0.0020000338554382324,0.0020000338554382324
1818,17,A,0.9750000238418579,0.9789999723434448,-0.003999948501586914,0.003999948501586914
1818,17,B,0.9599999785423279,0.9599999785423279,0.0,0.0
1818,18,full,0.968500018119812,0.9695000052452087,-0.0009999871253967285,0.0009999871253967285
1818,18,A,0.9750000238418579,0.9789999723434448,-0.003999948501586914,0.003999948501586914
1818,18,B,0.9620000123977661,0.9599999785423279,0.0020000338554382324,0.0020000338554382324
1818,19,full,0.968500018119812,0.9704999923706055,-0.001999974250793457,0.001999974250793457
1818,19,A,0.9750000238418579,0.9789999723434448,-0.003999948501586914,0.003999948501586914
1818,19,B,0.9620000123977661,0.9620000123977661,0.0,0.0
1818,20,full,0.968999981880188,0.9704999923706055,-0.0015000104904174805,0.0015000104904174805
1818,20,A,0.9760000109672546,0.9789999723434448,-0.0029999613761901855,0.0029999613761901855
1818,20,B,0.9620000123977661,0.9620000123977661,0.0,0.0
1919,1,full,0.7975000143051147,0.8339999914169312,-0.036499977111816406,0.036499977111816406
1919,1,A,0.8840000033378601,0.9110000133514404,-0.027000010013580322,0.027000010013580322
1919,1,B,0.7110000252723694,0.7570000290870667,-0.046000003814697266,0.046000003814697266
1919,2,full,0.9089999794960022,0.9290000200271606,-0.020000040531158447,0.020000040531158447
1919,2,A,0.9449999928474426,0.9610000252723694,-0.016000032424926758,0.016000032424926758
1919,2,B,0.8730000257492065,0.8970000147819519,-0.02399998903274536,0.02399998903274536
1919,3,full,0.9279999732971191,0.9474999904632568,-0.019500017166137695,0.019500017166137695
1919,3,A,0.9520000219345093,0.968999981880188,-0.01699995994567871,0.01699995994567871
1919,3,B,0.9039999842643738,0.9259999990463257,-0.022000014781951904,0.022000014781951904
1919,4,full,0.9419999718666077,0.953000009059906,-0.01100003719329834,0.01100003719329834
1919,4,A,0.9570000171661377,0.9750000238418579,-0.018000006675720215,0.018000006675720215
1919,4,B,0.9269999861717224,0.9309999942779541,-0.0040000081062316895,0.0040000081062316895
1919,5,full,0.9480000138282776,0.9555000066757202,-0.007499992847442627,0.007499992847442627
1919,5,A,0.9620000123977661,0.9739999771118164,-0.011999964714050293,0.011999964714050293
1919,5,B,0.9340000152587891,0.9369999766349792,-0.0029999613761901855,0.0029999613761901855
1919,6,full,0.9520000219345093,0.9605000019073486,-0.008499979972839355,0.008499979972839355
1919,6,A,0.9649999737739563,0.9769999980926514,-0.012000024318695068,0.012000024318695068
1919,6,B,0.9390000104904175,0.9440000057220459,-0.004999995231628418,0.004999995231628418
1919,7,full,0.9555000066757202,0.9610000252723694,-0.00550001859664917,0.00550001859664917
1919,7,A,0.9679999947547913,0.9769999980926514,-0.009000003337860107,0.009000003337860107
1919,7,B,0.9430000185966492,0.9449999928474426,-0.001999974250793457,0.001999974250793457
1919,8,full,0.9570000171661377,0.9605000019073486,-0.0034999847412109375,0.0034999847412109375
1919,8,A,0.9679999947547913,0.9750000238418579,-0.00700002908706665,0.00700002908706665
1919,8,B,0.9459999799728394,0.9459999799728394,0.0,0.0
1919,9,full,0.9574999809265137,0.9614999890327454,-0.0040000081062316895,0.0040000081062316895
1919,9,A,0.968999981880188,0.9760000109672546,-0.00700002908706665,0.00700002908706665
1919,9,B,0.9459999799728394,0.9470000267028809,-0.001000046730041504,0.001000046730041504
1919,10,full,0.9580000042915344,0.9614999890327454,-0.0034999847412109375,0.0034999847412109375
1919,10,A,0.968999981880188,0.9760000109672546,-0.00700002908706665,0.00700002908706665
1919,10,B,0.9470000267028809,0.9470000267028809,0.0,0.0
1919,11,full,0.9574999809265137,0.9620000123977661,-0.004500031471252441,0.004500031471252441
1919,11,A,0.968999981880188,0.9769999980926514,-0.008000016212463379,0.008000016212463379
1919,11,B,0.9459999799728394,0.9470000267028809,-0.001000046730041504,0.001000046730041504
1919,12,full,0.9589999914169312,0.9620000123977661,-0.003000020980834961,0.003000020980834961
1919,12,A,0.9700000286102295,0.9769999980926514,-0.006999969482421875,0.006999969482421875
1919,12,B,0.9480000138282776,0.9470000267028809,0.0009999871253967285,0.0009999871253967285
1919,13,full,0.9599999785423279,0.9639999866485596,-0.0040000081062316895,0.0040000081062316895
1919,13,A,0.9700000286102295,0.9779999852180481,-0.007999956607818604,0.007999956607818604
1919,13,B,0.949999988079071,0.949999988079071,0.0,0.0
1919,14,full,0.9610000252723694,0.9645000100135803,-0.0034999847412109375,0.0034999847412109375
1919,14,A,0.9700000286102295,0.9789999723434448,-0.008999943733215332,0.008999943733215332
1919,14,B,0.9520000219345093,0.949999988079071,0.0020000338554382324,0.0020000338554382324
1919,15,full,0.9624999761581421,0.965499997138977,-0.003000020980834961,0.003000020980834961
1919,15,A,0.9710000157356262,0.9800000190734863,-0.009000003337860107,0.009000003337860107
1919,15,B,0.9539999961853027,0.9509999752044678,0.003000020980834961,0.003000020980834961
1919,16,full,0.9629999995231628,0.965499997138977,-0.002499997615814209,0.002499997615814209
1919,16,A,0.9710000157356262,0.9789999723434448,-0.007999956607818604,0.007999956607818604
1919,16,B,0.9549999833106995,0.9520000219345093,0.0029999613761901855,0.0029999613761901855
1919,17,full,0.9629999995231628,0.9660000205039978,-0.003000020980834961,0.003000020980834961
1919,17,A,0.9700000286102295,0.9789999723434448,-0.008999943733215332,0.008999943733215332
1919,17,B,0.9559999704360962,0.953000009059906,0.0029999613761901855,0.0029999613761901855
1919,18,full,0.9635000228881836,0.965499997138977,-0.001999974250793457,0.001999974250793457
1919,18,A,0.9700000286102295,0.9779999852180481,-0.007999956607818604,0.007999956607818604
1919,18,B,0.9570000171661377,0.953000009059906,0.0040000081062316895,0.0040000081062316895
1919,19,full,0.9639999866485596,0.9674999713897705,-0.0034999847412109375,0.0034999847412109375
1919,19,A,0.9700000286102295,0.9789999723434448,-0.008999943733215332,0.008999943733215332
1919,19,B,0.9580000042915344,0.9559999704360962,0.0020000338554382324,0.0020000338554382324
1919,20,full,0.9645000100135803,0.9674999713897705,-0.0029999613761901855,0.0029999613761901855
1919,20,A,0.9710000157356262,0.9789999723434448,-0.007999956607818604,0.007999956607818604
1919,20,B,0.9580000042915344,0.9559999704360962,0.0020000338554382324,0.0020000338554382324
2020,1,full,0.7914999723434448,0.7975000143051147,-0.006000041961669922,0.006000041961669922
2020,1,A,0.8619999885559082,0.7379999756813049,0.12400001287460327,0.12400001287460327
2020,1,B,0.7210000157356262,0.8569999933242798,-0.13599997758865356,0.13599997758865356
2020,2,full,0.9104999899864197,0.8989999890327454,0.011500000953674316,0.011500000953674316
2020,2,A,0.9409999847412109,0.8830000162124634,0.05799996852874756,0.05799996852874756
2020,2,B,0.8799999952316284,0.9150000214576721,-0.0350000262260437,0.0350000262260437
2020,3,full,0.9235000014305115,0.9225000143051147,0.0009999871253967285,0.0009999871253967285
2020,3,A,0.9449999928474426,0.9150000214576721,0.029999971389770508,0.029999971389770508
2020,3,B,0.9020000100135803,0.9300000071525574,-0.02799999713897705,0.02799999713897705
2020,4,full,0.9369999766349792,0.9355000257492065,0.001499950885772705,0.001499950885772705
2020,4,A,0.9509999752044678,0.9319999814033508,0.018999993801116943,0.018999993801116943
2020,4,B,0.9229999780654907,0.9390000104904175,-0.016000032424926758,0.016000032424926758
2020,5,full,0.9449999928474426,0.9419999718666077,0.003000020980834961,0.003000020980834961
2020,5,A,0.9570000171661377,0.9399999976158142,0.017000019550323486,0.017000019550323486
2020,5,B,0.9330000281333923,0.9440000057220459,-0.010999977588653564,0.010999977588653564
2020,6,full,0.9495000243186951,0.9480000138282776,0.0015000104904174805,0.0015000104904174805
2020,6,A,0.9589999914169312,0.9459999799728394,0.013000011444091797,0.013000011444091797
2020,6,B,0.9399999976158142,0.949999988079071,-0.009999990463256836,0.009999990463256836
2020,7,full,0.9549999833106995,0.953499972820282,0.0015000104904174805,0.0015000104904174805
2020,7,A,0.9639999866485596,0.9539999961853027,0.009999990463256836,0.009999990463256836
2020,7,B,0.9459999799728394,0.953000009059906,-0.00700002908706665,0.00700002908706665
2020,8,full,0.9574999809265137,0.9559999704360962,0.0015000104904174805,0.0015000104904174805
2020,8,A,0.9649999737739563,0.9570000171661377,0.007999956607818604,0.007999956607818604
2020,8,B,0.949999988079071,0.9549999833106995,-0.004999995231628418,0.004999995231628418
2020,9,full,0.9595000147819519,0.9605000019073486,-0.0009999871253967285,0.0009999871253967285
2020,9,A,0.9660000205039978,0.9620000123977661,0.0040000081062316895,0.0040000081062316895
2020,9,B,0.953000009059906,0.9589999914169312,-0.0059999823570251465,0.0059999823570251465
2020,10,full,0.9614999890327454,0.9614999890327454,0.0,0.0
2020,10,A,0.9670000076293945,0.9629999995231628,0.0040000081062316895,0.0040000081062316895
2020,10,B,0.9559999704360962,0.9599999785423279,-0.0040000081062316895,0.0040000081062316895
2020,11,full,0.9629999995231628,0.9635000228881836,-0.000500023365020752,0.000500023365020752
2020,11,A,0.968999981880188,0.9639999866485596,0.004999995231628418,0.004999995231628418
2020,11,B,0.9570000171661377,0.9629999995231628,-0.0059999823570251465,0.0059999823570251465
2020,12,full,0.9635000228881836,0.9649999737739563,-0.001499950885772705,0.001499950885772705
2020,12,A,0.968999981880188,0.9660000205039978,0.0029999613761901855,0.0029999613761901855
2020,12,B,0.9580000042915344,0.9639999866485596,-0.0059999823570251465,0.0059999823570251465
2020,13,full,0.9639999866485596,0.9660000205039978,-0.0020000338554382324,0.0020000338554382324
2020,13,A,0.9679999947547913,0.9670000076293945,0.0009999871253967285,0.0009999871253967285
2020,13,B,0.9599999785423279,0.9649999737739563,-0.004999995231628418,0.004999995231628418
2020,14,full,0.9645000100135803,0.9664999842643738,-0.001999974250793457,0.001999974250793457
2020,14,A,0.968999981880188,0.9679999947547913,0.0009999871253967285,0.0009999871253967285
2020,14,B,0.9599999785423279,0.9649999737739563,-0.004999995231628418,0.004999995231628418
2020,15,full,0.965499997138977,0.9664999842643738,-0.0009999871253967285,0.0009999871253967285
2020,15,A,0.968999981880188,0.9679999947547913,0.0009999871253967285,0.0009999871253967285
2020,15,B,0.9620000123977661,0.9649999737739563,-0.0029999613761901855,0.0029999613761901855
2020,16,full,0.965499997138977,0.9664999842643738,-0.0009999871253967285,0.0009999871253967285
2020,16,A,0.9700000286102295,0.9679999947547913,0.0020000338554382324,0.0020000338554382324
2020,16,B,0.9610000252723694,0.9649999737739563,-0.003999948501586914,0.003999948501586914
2020,17,full,0.965499997138977,0.968500018119812,-0.003000020980834961,0.003000020980834961
2020,17,A,0.9700000286102295,0.9700000286102295,0.0,0.0
2020,17,B,0.9610000252723694,0.9670000076293945,-0.0059999823570251465,0.0059999823570251465
2020,18,full,0.9679999947547913,0.968999981880188,-0.0009999871253967285,0.0009999871253967285
2020,18,A,0.972000002861023,0.9710000157356262,0.0009999871253967285,0.0009999871253967285
2020,18,B,0.9639999866485596,0.9670000076293945,-0.003000020980834961,0.003000020980834961
2020,19,full,0.968500018119812,0.968500018119812,0.0,0.0
2020,19,A,0.972000002861023,0.9700000286102295,0.001999974250793457,0.001999974250793457
2020,19,B,0.9649999737739563,0.9670000076293945,-0.0020000338554382324,0.0020000338554382324
2020,20,full,0.968999981880188,0.968999981880188,0.0,0.0
2020,20,A,0.9729999899864197,0.9700000286102295,0.0029999613761901855,0.0029999613761901855
2020,20,B,0.9649999737739563,0.9679999947547913,-0.003000020980834961,0.003000020980834961
