seed,probe_epoch,domain,accuracy_sabc,accuracy_sbac,signed_accuracy_difference_sabc_minus_sbac,absolute_accuracy_difference
101,1,full,0.9470000267028809,0.953499972820282,-0.006499946117401123,0.006499946117401123
101,1,A,0.9670000076293945,0.9639999866485596,0.003000020980834961,0.003000020980834961
101,1,B,0.9269999861717224,0.9430000185966492,-0.016000032424926758,0.016000032424926758
101,2,full,0.9585000276565552,0.9620000123977661,-0.0034999847412109375,0.0034999847412109375
101,2,A,0.9739999771118164,0.972000002861023,0.001999974250793457,0.001999974250793457
101,2,B,0.9430000185966492,0.9520000219345093,-0.009000003337860107,0.009000003337860107
101,3,full,0.9639999866485596,0.9664999842643738,-0.002499997615814209,0.002499997615814209
101,3,A,0.9750000238418579,0.9769999980926514,-0.001999974250793457,0.001999974250793457
101,3,B,0.953000009059906,0.9559999704360962,-0.0029999613761901855,0.0029999613761901855
101,4,full,0.9679999947547913,0.9674999713897705,0.000500023365020752,0.000500023365020752
101,4,A,0.9789999723434448,0.9779999852180481,0.0009999871253967285,0.0009999871253967285
101,4,B,0.9570000171661377,0.9570000171661377,0.0,0.0
101,5,full,0.9695000052452087,0.968500018119812,0.0009999871253967285,0.0009999871253967285
101,5,A,0.9789999723434448,0.9789999723434448,0.0,0.0
101,5,B,0.9599999785423279,0.9580000042915344,0.001999974250793457,0.001999974250793457
101,6,full,0.9700000286102295,0.9714999794960022,-0.001499950885772705,0.001499950885772705
101,6,A,0.9779999852180481,0.9829999804496765,-0.004999995231628418,0.004999995231628418
101,6,B,0.9620000123977661,0.9599999785423279,0.0020000338554382324,0.0020000338554382324
101,7,full,0.9704999923706055,0.9710000157356262,-0.000500023365020752,0.000500023365020752
101,7,A,0.9779999852180481,0.9810000061988831,-0.003000020980834961,0.003000020980834961
101,7,B,0.9629999995231628,0.9610000252723694,0.001999974250793457,0.001999974250793457
101,8,full,0.9710000157356262,0.9739999771118164,-0.0029999613761901855,0.0029999613761901855
101,8,A,0.9779999852180481,0.984000027179718,-0.006000041961669922,0.006000041961669922
101,8,B,0.9639999866485596,0.9639999866485596,0.0,0.0
101,9,full,0.9729999899864197,0.9745000004768372,-0.0015000104904174805,0.0015000104904174805
101,9,A,0.9810000061988831,0.9850000143051147,-0.0040000081062316895,0.0040000081062316895
101,9,B,0.9649999737739563,0.9639999866485596,0.0009999871253967285,0.0009999871253967285
101,10,full,0.9745000004768372,0.9750000238418579,-0.000500023365020752,0.000500023365020752
101,10,A,0.9819999933242798,0.9850000143051147,-0.003000020980834961,0.003000020980834961
101,10,B,0.9670000076293945,0.9649999737739563,0.0020000338554382324,0.0020000338554382324
101,11,full,0.9745000004768372,0.9750000238418579,-0.000500023365020752,0.000500023365020752
101,11,A,0.9819999933242798,0.9850000143051147,-0.003000020980834961,0.003000020980834961
101,11,B,0.9670000076293945,0.9649999737739563,0.0020000338554382324,0.0020000338554382324
101,12,full,0.9760000109672546,0.9754999876022339,0.000500023365020752,0.000500023365020752
101,12,A,0.9829999804496765,0.9850000143051147,-0.0020000338554382324,0.0020000338554382324
101,12,B,0.968999981880188,0.9660000205039978,0.0029999613761901855,0.0029999613761901855
101,13,full,0.9760000109672546,0.9760000109672546,0.0,0.0
101,13,A,0.9829999804496765,0.9850000143051147,-0.0020000338554382324,0.0020000338554382324
101,13,B,0.968999981880188,0.9670000076293945,0.001999974250793457,0.001999974250793457
101,14,full,0.9764999747276306,0.9754999876022339,0.0009999871253967285,0.0009999871253967285
101,14,A,0.9829999804496765,0.9850000143051147,-0.0020000338554382324,0.0020000338554382324
101,14,B,0.9700000286102295,0.9660000205039978,0.0040000081062316895,0.0040000081062316895
101,15,full,0.9769999980926514,0.9760000109672546,0.0009999871253967285,0.0009999871253967285
101,15,A,0.984000027179718,0.9850000143051147,-0.0009999871253967285,0.0009999871253967285
101,15,B,0.9700000286102295,0.9670000076293945,0.003000020980834961,0.003000020980834961
101,16,full,0.9769999980926514,0.9764999747276306,0.000500023365020752,0.000500023365020752
101,16,A,0.984000027179718,0.9860000014305115,-0.001999974250793457,0.001999974250793457
101,16,B,0.9700000286102295,0.9670000076293945,0.003000020980834961,0.003000020980834961
101,17,full,0.9779999852180481,0.9764999747276306,0.0015000104904174805,0.0015000104904174805
101,17,A,0.9850000143051147,0.9860000014305115,-0.0009999871253967285,0.0009999871253967285
101,17,B,0.9710000157356262,0.9670000076293945,0.0040000081062316895,0.0040000081062316895
101,18,full,0.9779999852180481,0.9764999747276306,0.0015000104904174805,0.0015000104904174805
101,18,A,0.9850000143051147,0.9860000014305115,-0.0009999871253967285,0.0009999871253967285
101,18,B,0.9710000157356262,0.9670000076293945,0.0040000081062316895,0.0040000081062316895
101,19,full,0.9785000085830688,0.9764999747276306,0.0020000338554382324,0.0020000338554382324
101,19,A,0.9850000143051147,0.9860000014305115,-0.0009999871253967285,0.0009999871253967285
101,19,B,0.972000002861023,0.9670000076293945,0.004999995231628418,0.004999995231628418
101,20,full,0.9785000085830688,0.9764999747276306,0.0020000338554382324,0.0020000338554382324
101,20,A,0.9850000143051147,0.9860000014305115,-0.0009999871253967285,0.0009999871253967285
101,20,B,0.972000002861023,0.9670000076293945,0.004999995231628418,0.004999995231628418
202,1,full,0.9539999961853027,0.9419999718666077,0.012000024318695068,0.012000024318695068
202,1,A,0.9729999899864197,0.9449999928474426,0.02799999713897705,0.02799999713897705
202,1,B,0.9350000023841858,0.9390000104904175,-0.0040000081062316895,0.0040000081062316895
202,2,full,0.9639999866485596,0.9580000042915344,0.0059999823570251465,0.0059999823570251465
202,2,A,0.9810000061988831,0.9649999737739563,0.016000032424926758,0.016000032424926758
202,2,B,0.9470000267028809,0.9509999752044678,-0.003999948501586914,0.003999948501586914
202,3,full,0.968500018119812,0.9599999785423279,0.00850003957748413,0.00850003957748413
202,3,A,0.9819999933242798,0.968999981880188,0.013000011444091797,0.013000011444091797
202,3,B,0.9549999833106995,0.9509999752044678,0.0040000081062316895,0.0040000081062316895
202,4,full,0.9704999923706055,0.9624999761581421,0.008000016212463379,0.008000016212463379
202,4,A,0.984000027179718,0.9710000157356262,0.013000011444091797,0.013000011444091797
202,4,B,0.9570000171661377,0.9539999961853027,0.003000020980834961,0.003000020980834961
202,5,full,0.9725000262260437,0.9645000100135803,0.008000016212463379,0.008000016212463379
202,5,A,0.9850000143051147,0.972000002861023,0.013000011444091797,0.013000011444091797
202,5,B,0.9599999785423279,0.9570000171661377,0.0029999613761901855,0.0029999613761901855
202,6,full,0.9735000133514404,0.9660000205039978,0.007499992847442627,0.007499992847442627
202,6,A,0.9850000143051147,0.9750000238418579,0.009999990463256836,0.009999990463256836
202,6,B,0.9620000123977661,0.9570000171661377,0.004999995231628418,0.004999995231628418
202,7,full,0.9739999771118164,0.9670000076293945,0.006999969482421875,0.006999969482421875
202,7,A,0.9850000143051147,0.9769999980926514,0.008000016212463379,0.008000016212463379
202,7,B,0.9629999995231628,0.9570000171661377,0.0059999823570251465,0.0059999823570251465
202,8,full,0.9745000004768372,0.9664999842643738,0.008000016212463379,0.008000016212463379
202,8,A,0.9860000014305115,0.9769999980926514,0.009000003337860107,0.009000003337860107
202,8,B,0.9629999995231628,0.9559999704360962,0.00700002908706665,0.00700002908706665
202,9,full,0.9750000238418579,0.9679999947547913,0.00700002908706665,0.00700002908706665
202,9,A,0.9879999756813049,0.9789999723434448,0.009000003337860107,0.009000003337860107
202,9,B,0.9620000123977661,0.9570000171661377,0.004999995231628418,0.004999995231628418
202,10,full,0.9754999876022339,0.968500018119812,0.006999969482421875,0.006999969482421875
202,10,A,0.9879999756813049,0.9789999723434448,0.009000003337860107,0.009000003337860107
202,10,B,0.9629999995231628,0.9580000042915344,0.004999995231628418,0.004999995231628418
202,11,full,0.9760000109672546,0.9695000052452087,0.0065000057220458984,0.0065000057220458984
202,11,A,0.9879999756813049,0.9810000061988831,0.006999969482421875,0.006999969482421875
202,11,B,0.9639999866485596,0.9580000042915344,0.0059999823570251465,0.0059999823570251465
202,12,full,0.9760000109672546,0.9714999794960022,0.004500031471252441,0.004500031471252441
202,12,A,0.9879999756813049,0.9829999804496765,0.004999995231628418,0.004999995231628418
202,12,B,0.9639999866485596,0.9599999785423279,0.0040000081062316895,0.0040000081062316895
202,13,full,0.9760000109672546,0.9714999794960022,0.004500031471252441,0.004500031471252441
202,13,A,0.9879999756813049,0.9829999804496765,0.004999995231628418,0.004999995231628418
202,13,B,0.9639999866485596,0.9599999785423279,0.0040000081062316895,0.0040000081062316895
202,14,full,0.9760000109672546,0.9714999794960022,0.004500031471252441,0.004500031471252441
202,14,A,0.9890000224113464,0.9829999804496765,0.006000041961669922,0.006000041961669922
202,14,B,0.9629999995231628,0.9599999785423279,0.003000020980834961,0.003000020980834961
202,15,full,0.9760000109672546,0.9714999794960022,0.004500031471252441,0.004500031471252441
202,15,A,0.9879999756813049,0.9829999804496765,0.004999995231628418,0.004999995231628418
202,15,B,0.9639999866485596,0.9599999785423279,0.0040000081062316895,0.0040000081062316895
202,16,full,0.9760000109672546,0.9725000262260437,0.0034999847412109375,0.0034999847412109375
202,16,A,0.9879999756813049,0.9829999804496765,0.004999995231628418,0.004999995231628418
202,16,B,0.9639999866485596,0.9620000123977661,0.001999974250793457,0.001999974250793457
202,17,full,0.9764999747276306,0.9729999899864197,0.0034999847412109375,0.0034999847412109375
202,17,A,0.9879999756813049,0.9829999804496765,0.004999995231628418,0.004999995231628418
202,17,B,0.9649999737739563,0.9629999995231628,0.001999974250793457,0.001999974250793457
202,18,full,0.9764999747276306,0.9725000262260437,0.003999948501586914,0.003999948501586914
202,18,A,0.9890000224113464,0.9819999933242798,0.00700002908706665,0.00700002908706665
202,18,B,0.9639999866485596,0.9629999995231628,0.0009999871253967285,0.0009999871253967285
202,19,full,0.9764999747276306,0.9725000262260437,0.003999948501586914,0.003999948501586914
202,19,A,0.9890000224113464,0.9819999933242798,0.00700002908706665,0.00700002908706665
202,19,B,0.9639999866485596,0.9629999995231628,0.0009999871253967285,0.0009999871253967285
202,20,full,0.9769999980926514,0.9729999899864197,0.0040000081062316895,0.0040000081062316895
202,20,A,0.9890000224113464,0.9829999804496765,0.006000041961669922,0.006000041961669922
202,20,B,0.9649999737739563,0.9629999995231628,0.001999974250793457,0.001999974250793457
303,1,full,0.9459999799728394,0.9315000176429749,0.014499962329864502,0.014499962329864502
303,1,A,0.9559999704360962,0.9459999799728394,0.009999990463256836,0.009999990463256836
303,1,B,0.9359999895095825,0.9169999957084656,0.018999993801116943,0.018999993801116943
303,2,full,0.9585000276565552,0.9520000219345093,0.0065000057220458984,0.0065000057220458984
303,2,A,0.9739999771118164,0.9679999947547913,0.0059999823570251465,0.0059999823570251465
303,2,B,0.9430000185966492,0.9359999895095825,0.00700002908706665,0.00700002908706665
303,3,full,0.9629999995231628,0.9555000066757202,0.007499992847442627,0.007499992847442627
303,3,A,0.9750000238418579,0.968999981880188,0.006000041961669922,0.006000041961669922
303,3,B,0.9509999752044678,0.9419999718666077,0.009000003337860107,0.009000003337860107
303,4,full,0.9645000100135803,0.9599999785423279,0.004500031471252441,0.004500031471252441
303,4,A,0.9769999980926514,0.9729999899864197,0.0040000081062316895,0.0040000081062316895
303,4,B,0.9520000219345093,0.9470000267028809,0.004999995231628418,0.004999995231628418
303,5,full,0.9670000076293945,0.9629999995231628,0.0040000081062316895,0.0040000081062316895
303,5,A,0.9789999723434448,0.9739999771118164,0.004999995231628418,0.004999995231628418
303,5,B,0.9549999833106995,0.9520000219345093,0.0029999613761901855,0.0029999613761901855
303,6,full,0.9664999842643738,0.9645000100135803,0.001999974250793457,0.001999974250793457
303,6,A,0.9779999852180481,0.9739999771118164,0.0040000081062316895,0.0040000081062316895
303,6,B,0.9549999833106995,0.9549999833106995,0.0,0.0
303,7,full,0.9679999947547913,0.9660000205039978,0.001999974250793457,0.001999974250793457
303,7,A,0.9800000190734863,0.9769999980926514,0.003000020980834961,0.003000020980834961
303,7,B,0.9559999704360962,0.9549999833106995,0.0009999871253967285,0.0009999871253967285
303,8,full,0.968500018119812,0.9674999713897705,0.001000046730041504,0.001000046730041504
303,8,A,0.9800000190734863,0.9789999723434448,0.001000046730041504,0.001000046730041504
303,8,B,0.9570000171661377,0.9559999704360962,0.001000046730041504,0.001000046730041504
303,9,full,0.968999981880188,0.968999981880188,0.0,0.0
303,9,A,0.9800000190734863,0.9800000190734863,0.0,0.0
303,9,B,0.9580000042915344,0.9580000042915344,0.0,0.0
303,10,full,0.9695000052452087,0.968999981880188,0.000500023365020752,0.000500023365020752
303,10,A,0.9800000190734863,0.9800000190734863,0.0,0.0
303,10,B,0.9589999914169312,0.9580000042915344,0.0009999871253967285,0.0009999871253967285
303,11,full,0.9700000286102295,0.9710000157356262,-0.0009999871253967285,0.0009999871253967285
303,11,A,0.9810000061988831,0.9819999933242798,-0.0009999871253967285,0.0009999871253967285
303,11,B,0.9589999914169312,0.9599999785423279,-0.0009999871253967285,0.0009999871253967285
303,12,full,0.9700000286102295,0.972000002861023,-0.001999974250793457,0.001999974250793457
303,12,A,0.9810000061988831,0.9819999933242798,-0.0009999871253967285,0.0009999871253967285
303,12,B,0.9589999914169312,0.9620000123977661,-0.003000020980834961,0.003000020980834961
303,13,full,0.9704999923706055,0.9725000262260437,-0.0020000338554382324,0.0020000338554382324
303,13,A,0.9810000061988831,0.9829999804496765,-0.001999974250793457,0.001999974250793457
303,13,B,0.9599999785423279,0.9620000123977661,-0.0020000338554382324,0.0020000338554382324
303,14,full,0.9704999923706055,0.9729999899864197,-0.002499997615814209,0.002499997615814209
303,14,A,0.9810000061988831,0.9829999804496765,-0.001999974250793457,0.001999974250793457
303,14,B,0.9599999785423279,0.9629999995231628,-0.003000020980834961,0.003000020980834961
303,15,full,0.9704999923706055,0.9739999771118164,-0.0034999847412109375,0.0034999847412109375
303,15,A,0.9810000061988831,0.9829999804496765,-0.001999974250793457,0.001999974250793457
303,15,B,0.9599999785423279,0.9649999737739563,-0.004999995231628418,0.004999995231628418
303,16,full,0.9704999923706055,0.9750000238418579,-0.004500031471252441,0.004500031471252441
303,16,A,0.9810000061988831,0.984000027179718,-0.003000020980834961,0.003000020980834961
303,16,B,0.9599999785423279,0.9660000205039978,-0.006000041961669922,0.006000041961669922
303,17,full,0.9725000262260437,0.9750000238418579,-0.002499997615814209,0.002499997615814209
303,17,A,0.9810000061988831,0.984000027179718,-0.003000020980834961,0.003000020980834961
303,17,B,0.9639999866485596,0.9660000205039978,-0.0020000338554382324,0.0020000338554382324
303,18,full,0.9729999899864197,0.9750000238418579,-0.0020000338554382324,0.0020000338554382324
303,18,A,0.9819999933242798,0.984000027179718,-0.0020000338554382324,0.0020000338554382324
303,18,B,0.9639999866485596,0.9660000205039978,-0.0020000338554382324,0.0020000338554382324
303,19,full,0.9735000133514404,0.9750000238418579,-0.0015000104904174805,0.0015000104904174805
303,19,A,0.9819999933242798,0.984000027179718,-0.0020000338554382324,0.0020000338554382324
303,19,B,0.9649999737739563,0.9660000205039978,-0.001000046730041504,0.001000046730041504
303,20,full,0.9735000133514404,0.9745000004768372,-0.0009999871253967285,0.0009999871253967285
303,20,A,0.9819999933242798,0.984000027179718,-0.0020000338554382324,0.0020000338554382324
303,20,B,0.9649999737739563,0.9649999737739563,0.0,0.0
404,1,full,0.9574999809265137,0.9599999785423279,-0.002499997615814209,0.002499997615814209
404,1,A,0.9760000109672546,0.9639999866485596,0.012000024318695068,0.012000024318695068
404,1,B,0.9390000104904175,0.9559999704360962,-0.01699995994567871,0.01699995994567871
404,2,full,0.965499997138977,0.9679999947547913,-0.002499997615814209,0.002499997615814209
404,2,A,0.9800000190734863,0.9779999852180481,0.0020000338554382324,0.0020000338554382324
404,2,B,0.9509999752044678,0.9580000042915344,-0.00700002908706665,0.00700002908706665
404,3,full,0.968999981880188,0.9704999923706055,-0.0015000104904174805,0.0015000104904174805
404,3,A,0.984000027179718,0.9800000190734863,0.0040000081062316895,0.0040000081062316895
404,3,B,0.9539999961853027,0.9610000252723694,-0.00700002908706665,0.00700002908706665
404,4,full,0.9735000133514404,0.9714999794960022,0.0020000338554382324,0.0020000338554382324
404,4,A,0.9869999885559082,0.9819999933242798,0.004999995231628418,0.004999995231628418
404,4,B,0.9599999785423279,0.9610000252723694,-0.001000046730041504,0.001000046730041504
404,5,full,0.9735000133514404,0.9739999771118164,-0.0004999637603759766,0.0004999637603759766
404,5,A,0.9860000014305115,0.9819999933242798,0.0040000081062316895,0.0040000081062316895
404,5,B,0.9610000252723694,0.9660000205039978,-0.004999995231628418,0.004999995231628418
404,6,full,0.9754999876022339,0.9764999747276306,-0.0009999871253967285,0.0009999871253967285
404,6,A,0.9860000014305115,0.9829999804496765,0.003000020980834961,0.003000020980834961
404,6,B,0.9649999737739563,0.9700000286102295,-0.005000054836273193,0.005000054836273193
404,7,full,0.9754999876022339,0.9754999876022339,0.0,0.0
404,7,A,0.9860000014305115,0.9829999804496765,0.003000020980834961,0.003000020980834961
404,7,B,0.9649999737739563,0.9679999947547913,-0.003000020980834961,0.003000020980834961
404,8,full,0.9754999876022339,0.9760000109672546,-0.000500023365020752,0.000500023365020752
404,8,A,0.9860000014305115,0.9829999804496765,0.003000020980834961,0.003000020980834961
404,8,B,0.9649999737739563,0.968999981880188,-0.0040000081062316895,0.0040000081062316895
404,9,full,0.9750000238418579,0.9775000214576721,-0.002499997615814209,0.002499997615814209
404,9,A,0.9860000014305115,0.9850000143051147,0.0009999871253967285,0.0009999871253967285
404,9,B,0.9639999866485596,0.9700000286102295,-0.006000041961669922,0.006000041961669922
404,10,full,0.9760000109672546,0.9785000085830688,-0.002499997615814209,0.002499997615814209
404,10,A,0.9879999756813049,0.9860000014305115,0.001999974250793457,0.001999974250793457
404,10,B,0.9639999866485596,0.9710000157356262,-0.00700002908706665,0.00700002908706665
404,11,full,0.9754999876022339,0.9785000085830688,-0.003000020980834961,0.003000020980834961
404,11,A,0.9869999885559082,0.9869999885559082,0.0,0.0
404,11,B,0.9639999866485596,0.9700000286102295,-0.006000041961669922,0.006000041961669922
404,12,full,0.9754999876022339,0.9789999723434448,-0.0034999847412109375,0.0034999847412109375
404,12,A,0.9869999885559082,0.9869999885559082,0.0,0.0
404,12,B,0.9639999866485596,0.9710000157356262,-0.00700002908706665,0.00700002908706665
404,13,full,0.9754999876022339,0.9794999957084656,-0.0040000081062316895,0.0040000081062316895
404,13,A,0.9869999885559082,0.9879999756813049,-0.0009999871253967285,0.0009999871253967285
404,13,B,0.9639999866485596,0.9710000157356262,-0.00700002908706665,0.00700002908706665
404,14,full,0.9760000109672546,0.9794999957084656,-0.0034999847412109375,0.0034999847412109375
404,14,A,0.9879999756813049,0.9879999756813049,0.0,0.0
404,14,B,0.9639999866485596,0.9710000157356262,-0.00700002908706665,0.00700002908706665
404,15,full,0.9754999876022339,0.9800000190734863,-0.004500031471252441,0.004500031471252441
404,15,A,0.9879999756813049,0.9879999756813049,0.0,0.0
404,15,B,0.9629999995231628,0.972000002861023,-0.009000003337860107,0.009000003337860107
404,16,full,0.9754999876022339,0.9794999957084656,-0.0040000081062316895,0.0040000081062316895
404,16,A,0.9879999756813049,0.9879999756813049,0.0,0.0
404,16,B,0.9629999995231628,0.9710000157356262,-0.008000016212463379,0.008000016212463379
404,17,full,0.9754999876022339,0.9794999957084656,-0.0040000081062316895,0.0040000081062316895
404,17,A,0.9879999756813049,0.9879999756813049,0.0,0.0
404,17,B,0.9629999995231628,0.9710000157356262,-0.008000016212463379,0.008000016212463379
404,18,full,0.9764999747276306,0.9794999957084656,-0.003000020980834961,0.003000020980834961
404,18,A,0.9879999756813049,0.9879999756813049,0.0,0.0
404,18,B,0.9649999737739563,0.9710000157356262,-0.006000041961669922,0.006000041961669922
404,19,full,0.9764999747276306,0.9794999957084656,-0.003000020980834961,0.003000020980834961
404,19,A,0.9879999756813049,0.9879999756813049,0.0,0.0
404,19,B,0.9649999737739563,0.9710000157356262,-0.006000041961669922,0.006000041961669922
404,20,full,0.9769999980926514,0.9794999957084656,-0.002499997615814209,0.002499997615814209
404,20,A,0.9879999756813049,0.9879999756813049,0.0,0.0
404,20,B,0.9660000205039978,0.9710000157356262,-0.004999995231628418,0.004999995231628418
505,1,full,0.9524999856948853,0.9300000071525574,0.02249997854232788,0.02249997854232788
505,1,A,0.9629999995231628,0.9470000267028809,0.015999972820281982,0.015999972820281982
505,1,B,0.9419999718666077,0.9129999876022339,0.02899998426437378,0.02899998426437378
505,2,full,0.9639999866485596,0.9470000267028809,0.01699995994567871,0.01699995994567871
505,2,A,0.9760000109672546,0.9649999737739563,0.01100003719329834,0.01100003719329834
505,2,B,0.9520000219345093,0.9290000200271606,0.023000001907348633,0.023000001907348633
505,3,full,0.9670000076293945,0.9514999985694885,0.015500009059906006,0.015500009059906006
505,3,A,0.9779999852180481,0.9670000076293945,0.010999977588653564,0.010999977588653564
505,3,B,0.9559999704360962,0.9359999895095825,0.019999980926513672,0.019999980926513672
505,4,full,0.968500018119812,0.9549999833106995,0.013500034809112549,0.013500034809112549
505,4,A,0.9789999723434448,0.9670000076293945,0.011999964714050293,0.011999964714050293
505,4,B,0.9580000042915344,0.9430000185966492,0.014999985694885254,0.014999985694885254
505,5,full,0.968500018119812,0.9599999785423279,0.00850003957748413,0.00850003957748413
505,5,A,0.9769999980926514,0.972000002861023,0.004999995231628418,0.004999995231628418
505,5,B,0.9599999785423279,0.9480000138282776,0.011999964714050293,0.011999964714050293
505,6,full,0.9700000286102295,0.9610000252723694,0.009000003337860107,0.009000003337860107
505,6,A,0.9789999723434448,0.9710000157356262,0.007999956607818604,0.007999956607818604
505,6,B,0.9610000252723694,0.9509999752044678,0.010000050067901611,0.010000050067901611
505,7,full,0.9700000286102295,0.9639999866485596,0.006000041961669922,0.006000041961669922
505,7,A,0.9800000190734863,0.972000002861023,0.008000016212463379,0.008000016212463379
505,7,B,0.9599999785423279,0.9559999704360962,0.0040000081062316895,0.0040000081062316895
505,8,full,0.972000002861023,0.9649999737739563,0.00700002908706665,0.00700002908706665
505,8,A,0.9819999933242798,0.9729999899864197,0.009000003337860107,0.009000003337860107
505,8,B,0.9620000123977661,0.9570000171661377,0.004999995231628418,0.004999995231628418
505,9,full,0.9729999899864197,0.9660000205039978,0.006999969482421875,0.006999969482421875
505,9,A,0.9829999804496765,0.9750000238418579,0.007999956607818604,0.007999956607818604
505,9,B,0.9629999995231628,0.9570000171661377,0.0059999823570251465,0.0059999823570251465
505,10,full,0.9739999771118164,0.9674999713897705,0.0065000057220458984,0.0065000057220458984
505,10,A,0.9829999804496765,0.9769999980926514,0.0059999823570251465,0.0059999823570251465
505,10,B,0.9649999737739563,0.9580000042915344,0.006999969482421875,0.006999969482421875
505,11,full,0.9745000004768372,0.9679999947547913,0.0065000057220458984,0.0065000057220458984
505,11,A,0.9829999804496765,0.9760000109672546,0.006999969482421875,0.006999969482421875
505,11,B,0.9660000205039978,0.9599999785423279,0.006000041961669922,0.006000041961669922
505,12,full,0.9754999876022339,0.968500018119812,0.006999969482421875,0.006999969482421875
505,12,A,0.9850000143051147,0.9769999980926514,0.008000016212463379,0.008000016212463379
505,12,B,0.9660000205039978,0.9599999785423279,0.006000041961669922,0.006000041961669922
505,13,full,0.9754999876022339,0.968500018119812,0.006999969482421875,0.006999969482421875
505,13,A,0.9850000143051147,0.9769999980926514,0.008000016212463379,0.008000016212463379
505,13,B,0.9660000205039978,0.9599999785423279,0.006000041961669922,0.006000041961669922
505,14,full,0.9750000238418579,0.968999981880188,0.006000041961669922,0.006000041961669922
505,14,A,0.984000027179718,0.9769999980926514,0.00700002908706665,0.00700002908706665
505,14,B,0.9660000205039978,0.9610000252723694,0.004999995231628418,0.004999995231628418
505,15,full,0.9750000238418579,0.968999981880188,0.006000041961669922,0.006000041961669922
505,15,A,0.984000027179718,0.9769999980926514,0.00700002908706665,0.00700002908706665
505,15,B,0.9660000205039978,0.9610000252723694,0.004999995231628418,0.004999995231628418
505,16,full,0.9745000004768372,0.9704999923706055,0.0040000081062316895,0.0040000081062316895
505,16,A,0.984000027179718,0.9779999852180481,0.006000041961669922,0.006000041961669922
505,16,B,0.9649999737739563,0.9629999995231628,0.001999974250793457,0.001999974250793457
505,17,full,0.9745000004768372,0.972000002861023,0.002499997615814209,0.002499997615814209
505,17,A,0.984000027179718,0.9800000190734863,0.0040000081062316895,0.0040000081062316895
505,17,B,0.9649999737739563,0.9639999866485596,0.0009999871253967285,0.0009999871253967285
505,18,full,0.9750000238418579,0.9714999794960022,0.003500044345855713,0.003500044345855713
505,18,A,0.984000027179718,0.9789999723434448,0.005000054836273193,0.005000054836273193
505,18,B,0.9660000205039978,0.9639999866485596,0.0020000338554382324,0.0020000338554382324
505,19,full,0.9750000238418579,0.9714999794960022,0.003500044345855713,0.003500044345855713
505,19,A,0.984000027179718,0.9789999723434448,0.005000054836273193,0.005000054836273193
505,19,B,0.9660000205039978,0.9639999866485596,0.0020000338554382324,0.0020000338554382324
505,20,full,0.9754999876022339,0.9725000262260437,0.0029999613761901855,0.0029999613761901855
505,20,A,0.9850000143051147,0.9789999723434448,0.006000041961669922,0.006000041961669922
505,20,B,0.9660000205039978,0.9660000205039978,0.0,0.0
606,1,full,0.9390000104904175,0.9445000290870667,-0.00550001859664917,0.00550001859664917
606,1,A,0.9440000057220459,0.953000009059906,-0.009000003337860107,0.009000003337860107
606,1,B,0.9340000152587891,0.9359999895095825,-0.001999974250793457,0.001999974250793457
606,2,full,0.9545000195503235,0.9585000276565552,-0.0040000081062316895,0.0040000081062316895
606,2,A,0.9639999866485596,0.9679999947547913,-0.0040000081062316895,0.0040000081062316895
606,2,B,0.9449999928474426,0.9490000009536743,-0.0040000081062316895,0.0040000081062316895
606,3,full,0.9589999914169312,0.9624999761581421,-0.0034999847412109375,0.0034999847412109375
606,3,A,0.9679999947547913,0.9700000286102295,-0.0020000338554382324,0.0020000338554382324
606,3,B,0.949999988079071,0.9549999833106995,-0.004999995231628418,0.004999995231628418
606,4,full,0.9639999866485596,0.9660000205039978,-0.0020000338554382324,0.0020000338554382324
606,4,A,0.9739999771118164,0.972000002861023,0.001999974250793457,0.001999974250793457
606,4,B,0.9539999961853027,0.9599999785423279,-0.0059999823570251465,0.0059999823570251465
606,5,full,0.9664999842643738,0.9649999737739563,0.0015000104904174805,0.0015000104904174805
606,5,A,0.9769999980926514,0.9710000157356262,0.0059999823570251465,0.0059999823570251465
606,5,B,0.9559999704360962,0.9589999914169312,-0.003000020980834961,0.003000020980834961
606,6,full,0.9664999842643738,0.968500018119812,-0.0020000338554382324,0.0020000338554382324
606,6,A,0.9750000238418579,0.9739999771118164,0.001000046730041504,0.001000046730041504
606,6,B,0.9580000042915344,0.9629999995231628,-0.004999995231628418,0.004999995231628418
606,7,full,0.9674999713897705,0.968500018119812,-0.001000046730041504,0.001000046730041504
606,7,A,0.9750000238418579,0.9739999771118164,0.001000046730041504,0.001000046730041504
606,7,B,0.9599999785423279,0.9629999995231628,-0.003000020980834961,0.003000020980834961
606,8,full,0.968999981880188,0.968999981880188,0.0,0.0
606,8,A,0.9769999980926514,0.9739999771118164,0.003000020980834961,0.003000020980834961
606,8,B,0.9610000252723694,0.9639999866485596,-0.0029999613761901855,0.0029999613761901855
606,9,full,0.968500018119812,0.968999981880188,-0.0004999637603759766,0.0004999637603759766
606,9,A,0.9750000238418579,0.9729999899864197,0.0020000338554382324,0.0020000338554382324
606,9,B,0.9620000123977661,0.9649999737739563,-0.0029999613761901855,0.0029999613761901855
606,10,full,0.968500018119812,0.968999981880188,-0.0004999637603759766,0.0004999637603759766
606,10,A,0.9750000238418579,0.9729999899864197,0.0020000338554382324,0.0020000338554382324
606,10,B,0.9620000123977661,0.9649999737739563,-0.0029999613761901855,0.0029999613761901855
606,11,full,0.9700000286102295,0.9695000052452087,0.000500023365020752,0.000500023365020752
606,11,A,0.9769999980926514,0.9729999899864197,0.0040000081062316895,0.0040000081062316895
606,11,B,0.9629999995231628,0.9660000205039978,-0.003000020980834961,0.003000020980834961
606,12,full,0.9704999923706055,0.9695000052452087,0.0009999871253967285,0.0009999871253967285
606,12,A,0.9769999980926514,0.9729999899864197,0.0040000081062316895,0.0040000081062316895
606,12,B,0.9639999866485596,0.9660000205039978,-0.0020000338554382324,0.0020000338554382324
606,13,full,0.9710000157356262,0.9700000286102295,0.0009999871253967285,0.0009999871253967285
606,13,A,0.9769999980926514,0.9729999899864197,0.0040000081062316895,0.0040000081062316895
606,13,B,0.9649999737739563,0.9670000076293945,-0.0020000338554382324,0.0020000338554382324
606,14,full,0.9714999794960022,0.9700000286102295,0.001499950885772705,0.001499950885772705
606,14,A,0.9779999852180481,0.9729999899864197,0.004999995231628418,0.004999995231628418
606,14,B,0.9649999737739563,0.9670000076293945,-0.0020000338554382324,0.0020000338554382324
606,15,full,0.972000002861023,0.9700000286102295,0.001999974250793457,0.001999974250793457
606,15,A,0.9789999723434448,0.9729999899864197,0.0059999823570251465,0.0059999823570251465
606,15,B,0.9649999737739563,0.9670000076293945,-0.0020000338554382324,0.0020000338554382324
606,16,full,0.9714999794960022,0.9704999923706055,0.0009999871253967285,0.0009999871253967285
606,16,A,0.9789999723434448,0.9739999771118164,0.004999995231628418,0.004999995231628418
606,16,B,0.9639999866485596,0.9670000076293945,-0.003000020980834961,0.003000020980834961
606,17,full,0.9714999794960022,0.9704999923706055,0.0009999871253967285,0.0009999871253967285
606,17,A,0.9789999723434448,0.9739999771118164,0.004999995231628418,0.004999995231628418
606,17,B,0.9639999866485596,0.9670000076293945,-0.003000020980834961,0.003000020980834961
606,18,full,0.972000002861023,0.9710000157356262,0.0009999871253967285,0.0009999871253967285
606,18,A,0.9789999723434448,0.9750000238418579,0.003999948501586914,0.003999948501586914
606,18,B,0.9649999737739563,0.9670000076293945,-0.0020000338554382324,0.0020000338554382324
606,19,full,0.9725000262260437,0.9710000157356262,0.0015000104904174805,0.0015000104904174805
606,19,A,0.9789999723434448,0.9750000238418579,0.003999948501586914,0.003999948501586914
606,19,B,0.9660000205039978,0.9670000076293945,-0.0009999871253967285,0.0009999871253967285
606,20,full,0.9729999899864197,0.9714999794960022,0.0015000104904174805,0.0015000104904174805
606,20,A,0.9800000190734863,0.9769999980926514,0.003000020980834961,0.003000020980834961
606,20,B,0.9660000205039978,0.9660000205039978,0.0,0.0
707,1,full,0.9304999709129333,0.9480000138282776,-0.01750004291534424,0.01750004291534424
707,1,A,0.9509999752044678,0.9620000123977661,-0.01100003719329834,0.01100003719329834
707,1,B,0.9100000262260437,0.9340000152587891,-0.02399998903274536,0.02399998903274536
707,2,full,0.9474999904632568,0.9595000147819519,-0.012000024318695068,0.012000024318695068
707,2,A,0.9679999947547913,0.9700000286102295,-0.0020000338554382324,0.0020000338554382324
707,2,B,0.9269999861717224,0.9490000009536743,-0.022000014781951904,0.022000014781951904
707,3,full,0.9559999704360962,0.9629999995231628,-0.00700002908706665,0.00700002908706665
707,3,A,0.9739999771118164,0.9750000238418579,-0.001000046730041504,0.001000046730041504
707,3,B,0.9380000233650208,0.9509999752044678,-0.012999951839447021,0.012999951839447021
707,4,full,0.9599999785423279,0.965499997138977,-0.00550001859664917,0.00550001859664917
707,4,A,0.9750000238418579,0.9760000109672546,-0.0009999871253967285,0.0009999871253967285
707,4,B,0.9449999928474426,0.9549999833106995,-0.009999990463256836,0.009999990463256836
707,5,full,0.9629999995231628,0.9670000076293945,-0.0040000081062316895,0.0040000081062316895
707,5,A,0.9729999899864197,0.9760000109672546,-0.003000020980834961,0.003000020980834961
707,5,B,0.953000009059906,0.9580000042915344,-0.004999995231628418,0.004999995231628418
707,6,full,0.9670000076293945,0.9674999713897705,-0.0004999637603759766,0.0004999637603759766
707,6,A,0.9779999852180481,0.9760000109672546,0.001999974250793457,0.001999974250793457
707,6,B,0.9559999704360962,0.9589999914169312,-0.003000020980834961,0.003000020980834961
707,7,full,0.9679999947547913,0.9674999713897705,0.000500023365020752,0.000500023365020752
707,7,A,0.9789999723434448,0.9760000109672546,0.0029999613761901855,0.0029999613761901855
707,7,B,0.9570000171661377,0.9589999914169312,-0.001999974250793457,0.001999974250793457
707,8,full,0.9704999923706055,0.9695000052452087,0.0009999871253967285,0.0009999871253967285
707,8,A,0.9819999933242798,0.9779999852180481,0.0040000081062316895,0.0040000081062316895
707,8,B,0.9589999914169312,0.9610000252723694,-0.0020000338554382324,0.0020000338554382324
707,9,full,0.9704999923706055,0.9695000052452087,0.0009999871253967285,0.0009999871253967285
707,9,A,0.9829999804496765,0.9779999852180481,0.004999995231628418,0.004999995231628418
707,9,B,0.9580000042915344,0.9610000252723694,-0.003000020980834961,0.003000020980834961
707,10,full,0.972000002861023,0.9700000286102295,0.001999974250793457,0.001999974250793457
707,10,A,0.984000027179718,0.9779999852180481,0.006000041961669922,0.006000041961669922
707,10,B,0.9599999785423279,0.9620000123977661,-0.0020000338554382324,0.0020000338554382324
707,11,full,0.9714999794960022,0.9714999794960022,0.0,0.0
707,11,A,0.984000027179718,0.9800000190734863,0.0040000081062316895,0.0040000081062316895
707,11,B,0.9589999914169312,0.9629999995231628,-0.0040000081062316895,0.0040000081062316895
707,12,full,0.9725000262260437,0.972000002861023,0.000500023365020752,0.000500023365020752
707,12,A,0.984000027179718,0.9810000061988831,0.003000020980834961,0.003000020980834961
707,12,B,0.9610000252723694,0.9629999995231628,-0.001999974250793457,0.001999974250793457
707,13,full,0.9729999899864197,0.972000002861023,0.0009999871253967285,0.0009999871253967285
707,13,A,0.984000027179718,0.9810000061988831,0.003000020980834961,0.003000020980834961
707,13,B,0.9620000123977661,0.9629999995231628,-0.0009999871253967285,0.0009999871253967285
707,14,full,0.9729999899864197,0.9725000262260437,0.0004999637603759766,0.0004999637603759766
707,14,A,0.984000027179718,0.9810000061988831,0.003000020980834961,0.003000020980834961
707,14,B,0.9620000123977661,0.9639999866485596,-0.001999974250793457,0.001999974250793457
707,15,full,0.9729999899864197,0.9729999899864197,0.0,0.0
707,15,A,0.984000027179718,0.9819999933242798,0.0020000338554382324,0.0020000338554382324
707,15,B,0.9620000123977661,0.9639999866485596,-0.001999974250793457,0.001999974250793457
707,16,full,0.9729999899864197,0.9729999899864197,0.0,0.0
707,16,A,0.984000027179718,0.9819999933242798,0.0020000338554382324,0.0020000338554382324
707,16,B,0.9620000123977661,0.9639999866485596,-0.001999974250793457,0.001999974250793457
707,17,full,0.9729999899864197,0.9735000133514404,-0.000500023365020752,0.000500023365020752
707,17,A,0.984000027179718,0.9819999933242798,0.0020000338554382324,0.0020000338554382324
707,17,B,0.9620000123977661,0.9649999737739563,-0.0029999613761901855,0.0029999613761901855
707,18,full,0.9735000133514404,0.9745000004768372,-0.0009999871253967285,0.0009999871253967285
707,18,A,0.984000027179718,0.9819999933242798,0.0020000338554382324,0.0020000338554382324
707,18,B,0.9629999995231628,0.9670000076293945,-0.0040000081062316895,0.0040000081062316895
707,19,full,0.9739999771118164,0.9750000238418579,-0.001000046730041504,0.001000046730041504
707,19,A,0.984000027179718,0.9829999804496765,0.001000046730041504,0.001000046730041504
707,19,B,0.9639999866485596,0.9670000076293945,-0.003000020980834961,0.003000020980834961
707,20,full,0.9739999771118164,0.9745000004768372,-0.000500023365020752,0.000500023365020752
707,20,A,0.984000027179718,0.9829999804496765,0.001000046730041504,0.001000046730041504
707,20,B,0.9639999866485596,0.9660000205039978,-0.0020000338554382324,0.0020000338554382324
808,1,full,0.9375,0.9480000138282776,-0.010500013828277588,0.010500013828277588
808,1,A,0.9459999799728394,0.968999981880188,-0.023000001907348633,0.023000001907348633
808,1,B,0.9290000200271606,0.9269999861717224,0.0020000338554382324,0.0020000338554382324
808,2,full,0.9564999938011169,0.9559999704360962,0.000500023365020752,0.000500023365020752
808,2,A,0.9700000286102295,0.9789999723434448,-0.008999943733215332,0.008999943733215332
808,2,B,0.9430000185966492,0.9330000281333923,0.009999990463256836,0.009999990463256836
808,3,full,0.9599999785423279,0.9610000252723694,-0.001000046730041504,0.001000046730041504
808,3,A,0.9700000286102295,0.9829999804496765,-0.012999951839447021,0.012999951839447021
808,3,B,0.949999988079071,0.9390000104904175,0.010999977588653564,0.010999977588653564
808,4,full,0.9645000100135803,0.9649999737739563,-0.0004999637603759766,0.0004999637603759766
808,4,A,0.9750000238418579,0.984000027179718,-0.009000003337860107,0.009000003337860107
808,4,B,0.9539999961853027,0.9459999799728394,0.008000016212463379,0.008000016212463379
808,5,full,0.9679999947547913,0.965499997138977,0.002499997615814209,0.002499997615814209
808,5,A,0.9779999852180481,0.9819999933242798,-0.0040000081062316895,0.0040000081062316895
808,5,B,0.9580000042915344,0.9490000009536743,0.009000003337860107,0.009000003337860107
808,6,full,0.9695000052452087,0.968999981880188,0.000500023365020752,0.000500023365020752
808,6,A,0.9800000190734863,0.9850000143051147,-0.004999995231628418,0.004999995231628418
808,6,B,0.9589999914169312,0.953000009059906,0.0059999823570251465,0.0059999823570251465
808,7,full,0.9695000052452087,0.9704999923706055,-0.0009999871253967285,0.0009999871253967285
808,7,A,0.9810000061988831,0.9860000014305115,-0.004999995231628418,0.004999995231628418
808,7,B,0.9580000042915344,0.9549999833106995,0.003000020980834961,0.003000020980834961
808,8,full,0.9704999923706055,0.9710000157356262,-0.000500023365020752,0.000500023365020752
808,8,A,0.9819999933242798,0.9860000014305115,-0.0040000081062316895,0.0040000081062316895
808,8,B,0.9589999914169312,0.9559999704360962,0.003000020980834961,0.003000020980834961
808,9,full,0.9710000157356262,0.972000002861023,-0.0009999871253967285,0.0009999871253967285
808,9,A,0.9819999933242798,0.9860000014305115,-0.0040000081062316895,0.0040000081062316895
808,9,B,0.9599999785423279,0.9580000042915344,0.001999974250793457,0.001999974250793457
808,10,full,0.9700000286102295,0.9714999794960022,-0.001499950885772705,0.001499950885772705
808,10,A,0.9769999980926514,0.9850000143051147,-0.008000016212463379,0.008000016212463379
808,10,B,0.9629999995231628,0.9580000042915344,0.004999995231628418,0.004999995231628418
808,11,full,0.972000002861023,0.9714999794960022,0.000500023365020752,0.000500023365020752
808,11,A,0.9810000061988831,0.9850000143051147,-0.0040000081062316895,0.0040000081062316895
808,11,B,0.9629999995231628,0.9580000042915344,0.004999995231628418,0.004999995231628418
808,12,full,0.9729999899864197,0.9714999794960022,0.0015000104904174805,0.0015000104904174805
808,12,A,0.9810000061988831,0.9850000143051147,-0.0040000081062316895,0.0040000081062316895
808,12,B,0.9649999737739563,0.9580000042915344,0.006999969482421875,0.006999969482421875
808,13,full,0.9735000133514404,0.9725000262260437,0.0009999871253967285,0.0009999871253967285
808,13,A,0.9810000061988831,0.9850000143051147,-0.0040000081062316895,0.0040000081062316895
808,13,B,0.9660000205039978,0.9599999785423279,0.006000041961669922,0.006000041961669922
808,14,full,0.9745000004768372,0.9735000133514404,0.0009999871253967285,0.0009999871253967285
808,14,A,0.9819999933242798,0.9850000143051147,-0.003000020980834961,0.003000020980834961
808,14,B,0.9670000076293945,0.9620000123977661,0.004999995231628418,0.004999995231628418
808,15,full,0.9750000238418579,0.9735000133514404,0.0015000104904174805,0.0015000104904174805
808,15,A,0.9819999933242798,0.9850000143051147,-0.003000020980834961,0.003000020980834961
808,15,B,0.9679999947547913,0.9620000123977661,0.0059999823570251465,0.0059999823570251465
808,16,full,0.9750000238418579,0.9735000133514404,0.0015000104904174805,0.0015000104904174805
808,16,A,0.9819999933242798,0.9850000143051147,-0.003000020980834961,0.003000020980834961
808,16,B,0.9679999947547913,0.9620000123977661,0.0059999823570251465,0.0059999823570251465
808,17,full,0.9754999876022339,0.9739999771118164,0.0015000104904174805,0.0015000104904174805
808,17,A,0.9819999933242798,0.9850000143051147,-0.003000020980834961,0.003000020980834961
808,17,B,0.968999981880188,0.9629999995231628,0.0059999823570251465,0.0059999823570251465
808,18,full,0.9754999876022339,0.9745000004768372,0.0009999871253967285,0.0009999871253967285
808,18,A,0.9810000061988831,0.984000027179718,-0.003000020980834961,0.003000020980834961
808,18,B,0.9700000286102295,0.9649999737739563,0.005000054836273193,0.005000054836273193
808,19,full,0.9750000238418579,0.9745000004768372,0.000500023365020752,0.000500023365020752
808,19,A,0.9800000190734863,0.984000027179718,-0.0040000081062316895,0.0040000081062316895
808,19,B,0.9700000286102295,0.9649999737739563,0.005000054836273193,0.005000054836273193
808,20,full,0.9750000238418579,0.9739999771118164,0.001000046730041504,0.001000046730041504
808,20,A,0.9810000061988831,0.984000027179718,-0.003000020980834961,0.003000020980834961
808,20,B,0.968999981880188,0.9639999866485596,0.004999995231628418,0.004999995231628418
909,1,full,0.9474999904632568,0.9340000152587891,0.013499975204467773,0.013499975204467773
909,1,A,0.9570000171661377,0.9480000138282776,0.009000003337860107,0.009000003337860107
909,1,B,0.9380000233650208,0.9200000166893005,0.018000006675720215,0.018000006675720215
909,2,full,0.9629999995231628,0.9545000195503235,0.008499979972839355,0.008499979972839355
909,2,A,0.9739999771118164,0.972000002861023,0.001999974250793457,0.001999974250793457
909,2,B,0.9520000219345093,0.9369999766349792,0.01500004529953003,0.01500004529953003
909,3,full,0.9649999737739563,0.9580000042915344,0.006999969482421875,0.006999969482421875
909,3,A,0.9760000109672546,0.9779999852180481,-0.001999974250793457,0.001999974250793457
909,3,B,0.9539999961853027,0.9380000233650208,0.015999972820281982,0.015999972820281982
909,4,full,0.965499997138977,0.9660000205039978,-0.000500023365020752,0.000500023365020752
909,4,A,0.9769999980926514,0.9810000061988831,-0.0040000081062316895,0.0040000081062316895
909,4,B,0.9539999961853027,0.9509999752044678,0.003000020980834961,0.003000020980834961
909,5,full,0.9670000076293945,0.965499997138977,0.0015000104904174805,0.0015000104904174805
909,5,A,0.9779999852180481,0.9789999723434448,-0.0009999871253967285,0.0009999871253967285
909,5,B,0.9559999704360962,0.9520000219345093,0.003999948501586914,0.003999948501586914
909,6,full,0.968999981880188,0.968500018119812,0.0004999637603759766,0.0004999637603759766
909,6,A,0.9789999723434448,0.9800000190734863,-0.001000046730041504,0.001000046730041504
909,6,B,0.9589999914169312,0.9570000171661377,0.001999974250793457,0.001999974250793457
909,7,full,0.9700000286102295,0.9704999923706055,-0.0004999637603759766,0.0004999637603759766
909,7,A,0.9800000190734863,0.9819999933242798,-0.001999974250793457,0.001999974250793457
909,7,B,0.9599999785423279,0.9589999914169312,0.0009999871253967285,0.0009999871253967285
909,8,full,0.9695000052452087,0.972000002861023,-0.002499997615814209,0.002499997615814209
909,8,A,0.9800000190734863,0.9819999933242798,-0.001999974250793457,0.001999974250793457
909,8,B,0.9589999914169312,0.9620000123977661,-0.003000020980834961,0.003000020980834961
909,9,full,0.9704999923706055,0.9739999771118164,-0.0034999847412109375,0.0034999847412109375
909,9,A,0.9800000190734863,0.9860000014305115,-0.0059999823570251465,0.0059999823570251465
909,9,B,0.9610000252723694,0.9620000123977661,-0.0009999871253967285,0.0009999871253967285
909,10,full,0.9710000157356262,0.9735000133514404,-0.002499997615814209,0.002499997615814209
909,10,A,0.9800000190734863,0.9850000143051147,-0.004999995231628418,0.004999995231628418
909,10,B,0.9620000123977661,0.9620000123977661,0.0,0.0
909,11,full,0.9714999794960022,0.9745000004768372,-0.003000020980834961,0.003000020980834961
909,11,A,0.9800000190734863,0.9860000014305115,-0.0059999823570251465,0.0059999823570251465
909,11,B,0.9629999995231628,0.9629999995231628,0.0,0.0
909,12,full,0.9714999794960022,0.9745000004768372,-0.003000020980834961,0.003000020980834961
909,12,A,0.9800000190734863,0.9860000014305115,-0.0059999823570251465,0.0059999823570251465
909,12,B,0.9629999995231628,0.9629999995231628,0.0,0.0
909,13,full,0.9714999794960022,0.9745000004768372,-0.003000020980834961,0.003000020980834961
909,13,A,0.9800000190734863,0.9860000014305115,-0.0059999823570251465,0.0059999823570251465
909,13,B,0.9629999995231628,0.9629999995231628,0.0,0.0
909,14,full,0.9725000262260437,0.9750000238418579,-0.002499997615814209,0.002499997615814209
909,14,A,0.9810000061988831,0.9860000014305115,-0.004999995231628418,0.004999995231628418
909,14,B,0.9639999866485596,0.9639999866485596,0.0,0.0
909,15,full,0.9735000133514404,0.9750000238418579,-0.0015000104904174805,0.0015000104904174805
909,15,A,0.9819999933242798,0.9860000014305115,-0.0040000081062316895,0.0040000081062316895
909,15,B,0.9649999737739563,0.9639999866485596,0.0009999871253967285,0.0009999871253967285
909,16,full,0.9729999899864197,0.9750000238418579,-0.0020000338554382324,0.0020000338554382324
909,16,A,0.9819999933242798,0.9860000014305115,-0.0040000081062316895,0.0040000081062316895
909,16,B,0.9639999866485596,0.9639999866485596,0.0,0.0
909,17,full,0.9729999899864197,0.9754999876022339,-0.002499997615814209,0.002499997615814209
909,17,A,0.9819999933242798,0.9869999885559082,-0.004999995231628418,0.004999995231628418
909,17,B,0.9639999866485596,0.9639999866485596,0.0,0.0
909,18,full,0.9735000133514404,0.9754999876022339,-0.001999974250793457,0.001999974250793457
909,18,A,0.9819999933242798,0.9869999885559082,-0.004999995231628418,0.004999995231628418
909,18,B,0.9649999737739563,0.9639999866485596,0.0009999871253967285,0.0009999871253967285
909,19,full,0.9745000004768372,0.9754999876022339,-0.0009999871253967285,0.0009999871253967285
909,19,A,0.9829999804496765,0.9869999885559082,-0.0040000081062316895,0.0040000081062316895
909,19,B,0.9660000205039978,0.9639999866485596,0.0020000338554382324,0.0020000338554382324
909,20,full,0.9750000238418579,0.9754999876022339,-0.0004999637603759766,0.0004999637603759766
909,20,A,0.9829999804496765,0.9869999885559082,-0.0040000081062316895,0.0040000081062316895
909,20,B,0.9670000076293945,0.9639999866485596,0.003000020980834961,0.003000020980834961
1010,1,full,0.9424999952316284,0.9355000257492065,0.006999969482421875,0.006999969482421875
1010,1,A,0.9459999799728394,0.9449999928474426,0.0009999871253967285,0.0009999871253967285
1010,1,B,0.9390000104904175,0.9259999990463257,0.013000011444091797,0.013000011444091797
1010,2,full,0.9629999995231628,0.949999988079071,0.013000011444091797,0.013000011444091797
1010,2,A,0.972000002861023,0.9580000042915344,0.013999998569488525,0.013999998569488525
1010,2,B,0.9539999961853027,0.9419999718666077,0.012000024318695068,0.012000024318695068
1010,3,full,0.9645000100135803,0.9520000219345093,0.012499988079071045,0.012499988079071045
1010,3,A,0.9710000157356262,0.9580000042915344,0.013000011444091797,0.013000011444091797
1010,3,B,0.9580000042915344,0.9459999799728394,0.012000024318695068,0.012000024318695068
1010,4,full,0.9670000076293945,0.9564999938011169,0.010500013828277588,0.010500013828277588
1010,4,A,0.972000002861023,0.9629999995231628,0.009000003337860107,0.009000003337860107
1010,4,B,0.9620000123977661,0.949999988079071,0.012000024318695068,0.012000024318695068
1010,5,full,0.968999981880188,0.9574999809265137,0.011500000953674316,0.011500000953674316
1010,5,A,0.9729999899864197,0.9639999866485596,0.009000003337860107,0.009000003337860107
1010,5,B,0.9649999737739563,0.9509999752044678,0.013999998569488525,0.013999998569488525
1010,6,full,0.9710000157356262,0.9605000019073486,0.010500013828277588,0.010500013828277588
1010,6,A,0.9760000109672546,0.9660000205039978,0.009999990463256836,0.009999990463256836
1010,6,B,0.9660000205039978,0.9549999833106995,0.01100003719329834,0.01100003719329834
1010,7,full,0.9714999794960022,0.9614999890327454,0.009999990463256836,0.009999990463256836
1010,7,A,0.9769999980926514,0.9679999947547913,0.009000003337860107,0.009000003337860107
1010,7,B,0.9660000205039978,0.9549999833106995,0.01100003719329834,0.01100003719329834
1010,8,full,0.972000002861023,0.9614999890327454,0.010500013828277588,0.010500013828277588
1010,8,A,0.9779999852180481,0.9679999947547913,0.009999990463256836,0.009999990463256836
1010,8,B,0.9660000205039978,0.9549999833106995,0.01100003719329834,0.01100003719329834
1010,9,full,0.972000002861023,0.9629999995231628,0.009000003337860107,0.009000003337860107
1010,9,A,0.9779999852180481,0.9679999947547913,0.009999990463256836,0.009999990463256836
1010,9,B,0.9660000205039978,0.9580000042915344,0.008000016212463379,0.008000016212463379
1010,10,full,0.972000002861023,0.9639999866485596,0.008000016212463379,0.008000016212463379
1010,10,A,0.9789999723434448,0.968999981880188,0.009999990463256836,0.009999990463256836
1010,10,B,0.9649999737739563,0.9589999914169312,0.0059999823570251465,0.0059999823570251465
1010,11,full,0.9725000262260437,0.9635000228881836,0.009000003337860107,0.009000003337860107
1010,11,A,0.9800000190734863,0.9679999947547913,0.012000024318695068,0.012000024318695068
1010,11,B,0.9649999737739563,0.9589999914169312,0.0059999823570251465,0.0059999823570251465
1010,12,full,0.9729999899864197,0.9639999866485596,0.009000003337860107,0.009000003337860107
1010,12,A,0.9800000190734863,0.9679999947547913,0.012000024318695068,0.012000024318695068
1010,12,B,0.9660000205039978,0.9599999785423279,0.006000041961669922,0.006000041961669922
1010,13,full,0.9735000133514404,0.9649999737739563,0.00850003957748413,0.00850003957748413
1010,13,A,0.9800000190734863,0.9679999947547913,0.012000024318695068,0.012000024318695068
1010,13,B,0.9670000076293945,0.9620000123977661,0.004999995231628418,0.004999995231628418
1010,14,full,0.9735000133514404,0.9660000205039978,0.007499992847442627,0.007499992847442627
1010,14,A,0.9800000190734863,0.968999981880188,0.01100003719329834,0.01100003719329834
1010,14,B,0.9670000076293945,0.9629999995231628,0.0040000081062316895,0.0040000081062316895
1010,15,full,0.9735000133514404,0.9660000205039978,0.007499992847442627,0.007499992847442627
1010,15,A,0.9800000190734863,0.968999981880188,0.01100003719329834,0.01100003719329834
1010,15,B,0.9670000076293945,0.9629999995231628,0.0040000081062316895,0.0040000081062316895
1010,16,full,0.9735000133514404,0.9674999713897705,0.006000041961669922,0.006000041961669922
1010,16,A,0.9800000190734863,0.9710000157356262,0.009000003337860107,0.009000003337860107
1010,16,B,0.9670000076293945,0.9639999866485596,0.003000020980834961,0.003000020980834961
1010,17,full,0.9735000133514404,0.9670000076293945,0.0065000057220458984,0.0065000057220458984
1010,17,A,0.9800000190734863,0.9700000286102295,0.009999990463256836,0.009999990463256836
1010,17,B,0.9670000076293945,0.9639999866485596,0.003000020980834961,0.003000020980834961
1010,18,full,0.9739999771118164,0.9679999947547913,0.0059999823570251465,0.0059999823570251465
1010,18,A,0.9810000061988831,0.972000002861023,0.009000003337860107,0.009000003337860107
1010,18,B,0.9670000076293945,0.9639999866485596,0.003000020980834961,0.003000020980834961
1010,19,full,0.9739999771118164,0.9679999947547913,0.0059999823570251465,0.0059999823570251465
1010,19,A,0.9810000061988831,0.972000002861023,0.009000003337860107,0.009000003337860107
1010,19,B,0.9670000076293945,0.9639999866485596,0.003000020980834961,0.003000020980834961
1010,20,full,0.9739999771118164,0.9695000052452087,0.004499971866607666,0.004499971866607666
1010,20,A,0.9810000061988831,0.9739999771118164,0.00700002908706665,0.00700002908706665
1010,20,B,0.9670000076293945,0.9649999737739563,0.0020000338554382324,0.0020000338554382324
1111,1,full,0.9505000114440918,0.9390000104904175,0.011500000953674316,0.011500000953674316
1111,1,A,0.9549999833106995,0.949999988079071,0.004999995231628418,0.004999995231628418
1111,1,B,0.9459999799728394,0.9279999732971191,0.018000006675720215,0.018000006675720215
1111,2,full,0.9580000042915344,0.9539999961853027,0.0040000081062316895,0.0040000081062316895
1111,2,A,0.9649999737739563,0.9660000205039978,-0.001000046730041504,0.001000046730041504
1111,2,B,0.9509999752044678,0.9419999718666077,0.009000003337860107,0.009000003337860107
1111,3,full,0.9610000252723694,0.9585000276565552,0.002499997615814209,0.002499997615814209
1111,3,A,0.9679999947547913,0.9710000157356262,-0.003000020980834961,0.003000020980834961
1111,3,B,0.9539999961853027,0.9459999799728394,0.008000016212463379,0.008000016212463379
1111,4,full,0.9635000228881836,0.9614999890327454,0.0020000338554382324,0.0020000338554382324
1111,4,A,0.9700000286102295,0.9729999899864197,-0.0029999613761901855,0.0029999613761901855
1111,4,B,0.9570000171661377,0.949999988079071,0.00700002908706665,0.00700002908706665
1111,5,full,0.9660000205039978,0.9624999761581421,0.003500044345855713,0.003500044345855713
1111,5,A,0.9710000157356262,0.9729999899864197,-0.001999974250793457,0.001999974250793457
1111,5,B,0.9610000252723694,0.9520000219345093,0.009000003337860107,0.009000003337860107
1111,6,full,0.9679999947547913,0.9639999866485596,0.0040000081062316895,0.0040000081062316895
1111,6,A,0.9729999899864197,0.9729999899864197,0.0,0.0
1111,6,B,0.9629999995231628,0.9549999833106995,0.008000016212463379,0.008000016212463379
1111,7,full,0.9674999713897705,0.9649999737739563,0.002499997615814209,0.002499997615814209
1111,7,A,0.9729999899864197,0.9739999771118164,-0.0009999871253967285,0.0009999871253967285
1111,7,B,0.9620000123977661,0.9559999704360962,0.006000041961669922,0.006000041961669922
1111,8,full,0.968500018119812,0.965499997138977,0.003000020980834961,0.003000020980834961
1111,8,A,0.9739999771118164,0.9750000238418579,-0.001000046730041504,0.001000046730041504
1111,8,B,0.9629999995231628,0.9559999704360962,0.00700002908706665,0.00700002908706665
1111,9,full,0.9700000286102295,0.9664999842643738,0.003500044345855713,0.003500044345855713
1111,9,A,0.9750000238418579,0.9760000109672546,-0.0009999871253967285,0.0009999871253967285
1111,9,B,0.9649999737739563,0.9570000171661377,0.007999956607818604,0.007999956607818604
1111,10,full,0.9710000157356262,0.9670000076293945,0.0040000081062316895,0.0040000081062316895
1111,10,A,0.9750000238418579,0.9769999980926514,-0.001999974250793457,0.001999974250793457
1111,10,B,0.9670000076293945,0.9570000171661377,0.009999990463256836,0.009999990463256836
1111,11,full,0.972000002861023,0.9674999713897705,0.004500031471252441,0.004500031471252441
1111,11,A,0.9769999980926514,0.9769999980926514,0.0,0.0
1111,11,B,0.9670000076293945,0.9580000042915344,0.009000003337860107,0.009000003337860107
1111,12,full,0.9729999899864197,0.968500018119812,0.004499971866607666,0.004499971866607666
1111,12,A,0.9779999852180481,0.9769999980926514,0.0009999871253967285,0.0009999871253967285
1111,12,B,0.9679999947547913,0.9599999785423279,0.008000016212463379,0.008000016212463379
1111,13,full,0.9735000133514404,0.968500018119812,0.004999995231628418,0.004999995231628418
1111,13,A,0.9789999723434448,0.9769999980926514,0.001999974250793457,0.001999974250793457
1111,13,B,0.9679999947547913,0.9599999785423279,0.008000016212463379,0.008000016212463379
1111,14,full,0.9735000133514404,0.9695000052452087,0.0040000081062316895,0.0040000081062316895
1111,14,A,0.9789999723434448,0.9789999723434448,0.0,0.0
1111,14,B,0.9679999947547913,0.9599999785423279,0.008000016212463379,0.008000016212463379
1111,15,full,0.9735000133514404,0.9695000052452087,0.0040000081062316895,0.0040000081062316895
1111,15,A,0.9789999723434448,0.9789999723434448,0.0,0.0
1111,15,B,0.9679999947547913,0.9599999785423279,0.008000016212463379,0.008000016212463379
1111,16,full,0.9735000133514404,0.9700000286102295,0.0034999847412109375,0.0034999847412109375
1111,16,A,0.9789999723434448,0.9789999723434448,0.0,0.0
1111,16,B,0.9679999947547913,0.9610000252723694,0.006999969482421875,0.006999969482421875
1111,17,full,0.9735000133514404,0.9710000157356262,0.002499997615814209,0.002499997615814209
1111,17,A,0.9789999723434448,0.9800000190734863,-0.001000046730041504,0.001000046730041504
1111,17,B,0.9679999947547913,0.9620000123977661,0.0059999823570251465,0.0059999823570251465
1111,18,full,0.9735000133514404,0.9710000157356262,0.002499997615814209,0.002499997615814209
1111,18,A,0.9789999723434448,0.9800000190734863,-0.001000046730041504,0.001000046730041504
1111,18,B,0.9679999947547913,0.9620000123977661,0.0059999823570251465,0.0059999823570251465
1111,19,full,0.9735000133514404,0.9710000157356262,0.002499997615814209,0.002499997615814209
1111,19,A,0.9789999723434448,0.9800000190734863,-0.001000046730041504,0.001000046730041504
1111,19,B,0.9679999947547913,0.9620000123977661,0.0059999823570251465,0.0059999823570251465
1111,20,full,0.9725000262260437,0.9714999794960022,0.001000046730041504,0.001000046730041504
1111,20,A,0.9779999852180481,0.9800000190734863,-0.0020000338554382324,0.0020000338554382324
1111,20,B,0.9670000076293945,0.9629999995231628,0.0040000081062316895,0.0040000081062316895
1212,1,full,0.9635000228881836,0.9279999732971191,0.03550004959106445,0.03550004959106445
1212,1,A,0.9670000076293945,0.9449999928474426,0.022000014781951904,0.022000014781951904
1212,1,B,0.9599999785423279,0.9110000133514404,0.04899996519088745,0.04899996519088745
1212,2,full,0.9695000052452087,0.949999988079071,0.019500017166137695,0.019500017166137695
1212,2,A,0.972000002861023,0.9679999947547913,0.0040000081062316895,0.0040000081062316895
1212,2,B,0.9670000076293945,0.9319999814033508,0.0350000262260437,0.0350000262260437
1212,3,full,0.968999981880188,0.9545000195503235,0.014499962329864502,0.014499962329864502
1212,3,A,0.972000002861023,0.9710000157356262,0.0009999871253967285,0.0009999871253967285
1212,3,B,0.9660000205039978,0.9380000233650208,0.02799999713897705,0.02799999713897705
1212,4,full,0.9700000286102295,0.9599999785423279,0.010000050067901611,0.010000050067901611
1212,4,A,0.9739999771118164,0.9779999852180481,-0.0040000081062316895,0.0040000081062316895
1212,4,B,0.9660000205039978,0.9419999718666077,0.024000048637390137,0.024000048637390137
1212,5,full,0.9695000052452087,0.9620000123977661,0.007499992847442627,0.007499992847442627
1212,5,A,0.9729999899864197,0.9769999980926514,-0.0040000081062316895,0.0040000081062316895
1212,5,B,0.9660000205039978,0.9470000267028809,0.018999993801116943,0.018999993801116943
1212,6,full,0.9710000157356262,0.9624999761581421,0.00850003957748413,0.00850003957748413
1212,6,A,0.9739999771118164,0.9760000109672546,-0.0020000338554382324,0.0020000338554382324
1212,6,B,0.9679999947547913,0.9490000009536743,0.018999993801116943,0.018999993801116943
1212,7,full,0.972000002861023,0.9645000100135803,0.007499992847442627,0.007499992847442627
1212,7,A,0.9769999980926514,0.9769999980926514,0.0,0.0
1212,7,B,0.9670000076293945,0.9520000219345093,0.014999985694885254,0.014999985694885254
1212,8,full,0.9725000262260437,0.9664999842643738,0.006000041961669922,0.006000041961669922
1212,8,A,0.9769999980926514,0.9769999980926514,0.0,0.0
1212,8,B,0.9679999947547913,0.9559999704360962,0.012000024318695068,0.012000024318695068
1212,9,full,0.9725000262260437,0.9674999713897705,0.005000054836273193,0.005000054836273193
1212,9,A,0.9769999980926514,0.9789999723434448,-0.001999974250793457,0.001999974250793457
1212,9,B,0.9679999947547913,0.9559999704360962,0.012000024318695068,0.012000024318695068
1212,10,full,0.972000002861023,0.9674999713897705,0.004500031471252441,0.004500031471252441
1212,10,A,0.9760000109672546,0.9800000190734863,-0.0040000081062316895,0.0040000081062316895
1212,10,B,0.9679999947547913,0.9549999833106995,0.013000011444091797,0.013000011444091797
1212,11,full,0.9725000262260437,0.968500018119812,0.0040000081062316895,0.0040000081062316895
1212,11,A,0.9750000238418579,0.9789999723434448,-0.003999948501586914,0.003999948501586914
1212,11,B,0.9700000286102295,0.9580000042915344,0.012000024318695068,0.012000024318695068
1212,12,full,0.9729999899864197,0.9695000052452087,0.0034999847412109375,0.0034999847412109375
1212,12,A,0.9760000109672546,0.9800000190734863,-0.0040000081062316895,0.0040000081062316895
1212,12,B,0.9700000286102295,0.9589999914169312,0.01100003719329834,0.01100003719329834
1212,13,full,0.9735000133514404,0.9695000052452087,0.0040000081062316895,0.0040000081062316895
1212,13,A,0.9769999980926514,0.9810000061988831,-0.0040000081062316895,0.0040000081062316895
1212,13,B,0.9700000286102295,0.9580000042915344,0.012000024318695068,0.012000024318695068
1212,14,full,0.9735000133514404,0.9700000286102295,0.0034999847412109375,0.0034999847412109375
1212,14,A,0.9769999980926514,0.9810000061988831,-0.0040000081062316895,0.0040000081062316895
1212,14,B,0.9700000286102295,0.9589999914169312,0.01100003719329834,0.01100003719329834
1212,15,full,0.9745000004768372,0.9700000286102295,0.004499971866607666,0.004499971866607666
1212,15,A,0.9769999980926514,0.9800000190734863,-0.003000020980834961,0.003000020980834961
1212,15,B,0.972000002861023,0.9599999785423279,0.012000024318695068,0.012000024318695068
1212,16,full,0.9750000238418579,0.9700000286102295,0.004999995231628418,0.004999995231628418
1212,16,A,0.9769999980926514,0.9800000190734863,-0.003000020980834961,0.003000020980834961
1212,16,B,0.9729999899864197,0.9599999785423279,0.013000011444091797,0.013000011444091797
1212,17,full,0.9745000004768372,0.9695000052452087,0.004999995231628418,0.004999995231628418
1212,17,A,0.9769999980926514,0.9800000190734863,-0.003000020980834961,0.003000020980834961
1212,17,B,0.972000002861023,0.9589999914169312,0.013000011444091797,0.013000011444091797
1212,18,full,0.9750000238418579,0.9704999923706055,0.004500031471252441,0.004500031471252441
1212,18,A,0.9769999980926514,0.9810000061988831,-0.0040000081062316895,0.0040000081062316895
1212,18,B,0.9729999899864197,0.9599999785423279,0.013000011444091797,0.013000011444091797
1212,19,full,0.9745000004768372,0.9704999923706055,0.0040000081062316895,0.0040000081062316895
1212,19,A,0.9769999980926514,0.9810000061988831,-0.0040000081062316895,0.0040000081062316895
1212,19,B,0.972000002861023,0.9599999785423279,0.012000024318695068,0.012000024318695068
1212,20,full,0.9750000238418579,0.9704999923706055,0.004500031471252441,0.004500031471252441
1212,20,A,0.9769999980926514,0.9819999933242798,-0.004999995231628418,0.004999995231628418
1212,20,B,0.9729999899864197,0.9589999914169312,0.013999998569488525,0.013999998569488525
1313,1,full,0.9605000019073486,0.9490000009536743,0.011500000953674316,0.011500000953674316
1313,1,A,0.9620000123977661,0.9549999833106995,0.00700002908706665,0.00700002908706665
1313,1,B,0.9589999914169312,0.9430000185966492,0.015999972820281982,0.015999972820281982
1313,2,full,0.968500018119812,0.9589999914169312,0.00950002670288086,0.00950002670288086
1313,2,A,0.9729999899864197,0.9660000205039978,0.006999969482421875,0.006999969482421875
1313,2,B,0.9639999866485596,0.9520000219345093,0.011999964714050293,0.011999964714050293
1313,3,full,0.9679999947547913,0.9624999761581421,0.00550001859664917,0.00550001859664917
1313,3,A,0.9729999899864197,0.9710000157356262,0.001999974250793457,0.001999974250793457
1313,3,B,0.9629999995231628,0.9539999961853027,0.009000003337860107,0.009000003337860107
1313,4,full,0.9700000286102295,0.9674999713897705,0.0025000572204589844,0.0025000572204589844
1313,4,A,0.9750000238418579,0.9779999852180481,-0.0029999613761901855,0.0029999613761901855
1313,4,B,0.9649999737739563,0.9570000171661377,0.007999956607818604,0.007999956607818604
1313,5,full,0.9700000286102295,0.9679999947547913,0.0020000338554382324,0.0020000338554382324
1313,5,A,0.9760000109672546,0.9760000109672546,0.0,0.0
1313,5,B,0.9639999866485596,0.9599999785423279,0.0040000081062316895,0.0040000081062316895
1313,6,full,0.9710000157356262,0.9700000286102295,0.0009999871253967285,0.0009999871253967285
1313,6,A,0.9760000109672546,0.9779999852180481,-0.001999974250793457,0.001999974250793457
1313,6,B,0.9660000205039978,0.9620000123977661,0.0040000081062316895,0.0040000081062316895
1313,7,full,0.9739999771118164,0.9704999923706055,0.0034999847412109375,0.0034999847412109375
1313,7,A,0.9779999852180481,0.9789999723434448,-0.0009999871253967285,0.0009999871253967285
1313,7,B,0.9700000286102295,0.9620000123977661,0.008000016212463379,0.008000016212463379
1313,8,full,0.9750000238418579,0.9710000157356262,0.0040000081062316895,0.0040000081062316895
1313,8,A,0.9779999852180481,0.9789999723434448,-0.0009999871253967285,0.0009999871253967285
1313,8,B,0.972000002861023,0.9629999995231628,0.009000003337860107,0.009000003337860107
1313,9,full,0.9754999876022339,0.972000002861023,0.0034999847412109375,0.0034999847412109375
1313,9,A,0.9789999723434448,0.9800000190734863,-0.001000046730041504,0.001000046730041504
1313,9,B,0.972000002861023,0.9639999866485596,0.008000016212463379,0.008000016212463379
1313,10,full,0.9769999980926514,0.9725000262260437,0.004499971866607666,0.004499971866607666
1313,10,A,0.9800000190734863,0.9810000061988831,-0.0009999871253967285,0.0009999871253967285
1313,10,B,0.9739999771118164,0.9639999866485596,0.009999990463256836,0.009999990463256836
1313,11,full,0.9775000214576721,0.9739999771118164,0.003500044345855713,0.003500044345855713
1313,11,A,0.9800000190734863,0.9819999933242798,-0.001999974250793457,0.001999974250793457
1313,11,B,0.9750000238418579,0.9660000205039978,0.009000003337860107,0.009000003337860107
1313,12,full,0.9779999852180481,0.9754999876022339,0.002499997615814209,0.002499997615814209
1313,12,A,0.9810000061988831,0.9829999804496765,-0.001999974250793457,0.001999974250793457
1313,12,B,0.9750000238418579,0.9679999947547913,0.00700002908706665,0.00700002908706665
1313,13,full,0.9769999980926514,0.9764999747276306,0.000500023365020752,0.000500023365020752
1313,13,A,0.9800000190734863,0.9829999804496765,-0.0029999613761901855,0.0029999613761901855
1313,13,B,0.9739999771118164,0.9700000286102295,0.003999948501586914,0.003999948501586914
1313,14,full,0.9769999980926514,0.9764999747276306,0.000500023365020752,0.000500023365020752
1313,14,A,0.9800000190734863,0.9829999804496765,-0.0029999613761901855,0.0029999613761901855
1313,14,B,0.9739999771118164,0.9700000286102295,0.003999948501586914,0.003999948501586914
1313,15,full,0.9775000214576721,0.9764999747276306,0.001000046730041504,0.001000046730041504
1313,15,A,0.9810000061988831,0.9829999804496765,-0.001999974250793457,0.001999974250793457
1313,15,B,0.9739999771118164,0.9700000286102295,0.003999948501586914,0.003999948501586914
1313,16,full,0.9775000214576721,0.9764999747276306,0.001000046730041504,0.001000046730041504
1313,16,A,0.9810000061988831,0.9829999804496765,-0.001999974250793457,0.001999974250793457
1313,16,B,0.9739999771118164,0.9700000286102295,0.003999948501586914,0.003999948501586914
1313,17,full,0.9779999852180481,0.9769999980926514,0.0009999871253967285,0.0009999871253967285
1313,17,A,0.9810000061988831,0.984000027179718,-0.003000020980834961,0.003000020980834961
1313,17,B,0.9750000238418579,0.9700000286102295,0.004999995231628418,0.004999995231628418
1313,18,full,0.9785000085830688,0.9769999980926514,0.0015000104904174805,0.0015000104904174805
1313,18,A,0.9819999933242798,0.984000027179718,-0.0020000338554382324,0.0020000338554382324
1313,18,B,0.9750000238418579,0.9700000286102295,0.004999995231628418,0.004999995231628418
1313,19,full,0.9789999723434448,0.9779999852180481,0.0009999871253967285,0.0009999871253967285
1313,19,A,0.9819999933242798,0.9850000143051147,-0.003000020980834961,0.003000020980834961
1313,19,B,0.9760000109672546,0.9710000157356262,0.004999995231628418,0.004999995231628418
1313,20,full,0.9785000085830688,0.9785000085830688,0.0,0.0
1313,20,A,0.9819999933242798,0.9850000143051147,-0.003000020980834961,0.003000020980834961
1313,20,B,0.9750000238418579,0.972000002861023,0.003000020980834961,0.003000020980834961
1414,1,full,0.9614999890327454,0.9549999833106995,0.0065000057220458984,0.0065000057220458984
1414,1,A,0.9769999980926514,0.9679999947547913,0.009000003337860107,0.009000003337860107
1414,1,B,0.9459999799728394,0.9419999718666077,0.0040000081062316895,0.0040000081062316895
1414,2,full,0.9674999713897705,0.9639999866485596,0.0034999847412109375,0.0034999847412109375
1414,2,A,0.9800000190734863,0.9750000238418579,0.004999995231628418,0.004999995231628418
1414,2,B,0.9549999833106995,0.953000009059906,0.001999974250793457,0.001999974250793457
1414,3,full,0.9714999794960022,0.968500018119812,0.0029999613761901855,0.0029999613761901855
1414,3,A,0.9819999933242798,0.9810000061988831,0.0009999871253967285,0.0009999871253967285
1414,3,B,0.9610000252723694,0.9559999704360962,0.005000054836273193,0.005000054836273193
1414,4,full,0.9735000133514404,0.968500018119812,0.004999995231628418,0.004999995231628418
1414,4,A,0.984000027179718,0.9800000190734863,0.0040000081062316895,0.0040000081062316895
1414,4,B,0.9629999995231628,0.9570000171661377,0.0059999823570251465,0.0059999823570251465
1414,5,full,0.9729999899864197,0.9700000286102295,0.0029999613761901855,0.0029999613761901855
1414,5,A,0.9800000190734863,0.9800000190734863,0.0,0.0
1414,5,B,0.9660000205039978,0.9599999785423279,0.006000041961669922,0.006000041961669922
1414,6,full,0.9745000004768372,0.9704999923706055,0.0040000081062316895,0.0040000081062316895
1414,6,A,0.9819999933242798,0.9800000190734863,0.001999974250793457,0.001999974250793457
1414,6,B,0.9670000076293945,0.9610000252723694,0.0059999823570251465,0.0059999823570251465
1414,7,full,0.9760000109672546,0.9714999794960022,0.004500031471252441,0.004500031471252441
1414,7,A,0.984000027179718,0.9810000061988831,0.003000020980834961,0.003000020980834961
1414,7,B,0.9679999947547913,0.9620000123977661,0.0059999823570251465,0.0059999823570251465
1414,8,full,0.9760000109672546,0.9729999899864197,0.003000020980834961,0.003000020980834961
1414,8,A,0.984000027179718,0.9819999933242798,0.0020000338554382324,0.0020000338554382324
1414,8,B,0.9679999947547913,0.9639999866485596,0.0040000081062316895,0.0040000081062316895
1414,9,full,0.9750000238418579,0.9739999771118164,0.001000046730041504,0.001000046730041504
1414,9,A,0.9829999804496765,0.9819999933242798,0.0009999871253967285,0.0009999871253967285
1414,9,B,0.9670000076293945,0.9660000205039978,0.0009999871253967285,0.0009999871253967285
1414,10,full,0.9764999747276306,0.9750000238418579,0.001499950885772705,0.001499950885772705
1414,10,A,0.9829999804496765,0.9819999933242798,0.0009999871253967285,0.0009999871253967285
1414,10,B,0.9700000286102295,0.9679999947547913,0.0020000338554382324,0.0020000338554382324
1414,11,full,0.9769999980926514,0.9750000238418579,0.001999974250793457,0.001999974250793457
1414,11,A,0.984000027179718,0.9819999933242798,0.0020000338554382324,0.0020000338554382324
1414,11,B,0.9700000286102295,0.9679999947547913,0.0020000338554382324,0.0020000338554382324
1414,12,full,0.9764999747276306,0.9750000238418579,0.001499950885772705,0.001499950885772705
1414,12,A,0.9829999804496765,0.9819999933242798,0.0009999871253967285,0.0009999871253967285
1414,12,B,0.9700000286102295,0.9679999947547913,0.0020000338554382324,0.0020000338554382324
1414,13,full,0.9764999747276306,0.9750000238418579,0.001499950885772705,0.001499950885772705
1414,13,A,0.9829999804496765,0.9819999933242798,0.0009999871253967285,0.0009999871253967285
1414,13,B,0.9700000286102295,0.9679999947547913,0.0020000338554382324,0.0020000338554382324
1414,14,full,0.9769999980926514,0.9750000238418579,0.001999974250793457,0.001999974250793457
1414,14,A,0.984000027179718,0.9819999933242798,0.0020000338554382324,0.0020000338554382324
1414,14,B,0.9700000286102295,0.9679999947547913,0.0020000338554382324,0.0020000338554382324
1414,15,full,0.9769999980926514,0.9745000004768372,0.002499997615814209,0.002499997615814209
1414,15,A,0.984000027179718,0.9819999933242798,0.0020000338554382324,0.0020000338554382324
1414,15,B,0.9700000286102295,0.9670000076293945,0.003000020980834961,0.003000020980834961
1414,16,full,0.9769999980926514,0.9750000238418579,0.001999974250793457,0.001999974250793457
1414,16,A,0.984000027179718,0.9819999933242798,0.0020000338554382324,0.0020000338554382324
1414,16,B,0.9700000286102295,0.9679999947547913,0.0020000338554382324,0.0020000338554382324
1414,17,full,0.9775000214576721,0.9754999876022339,0.0020000338554382324,0.0020000338554382324
1414,17,A,0.984000027179718,0.9829999804496765,0.001000046730041504,0.001000046730041504
1414,17,B,0.9710000157356262,0.9679999947547913,0.003000020980834961,0.003000020980834961
1414,18,full,0.9775000214576721,0.9760000109672546,0.0015000104904174805,0.0015000104904174805
1414,18,A,0.984000027179718,0.9829999804496765,0.001000046730041504,0.001000046730041504
1414,18,B,0.9710000157356262,0.968999981880188,0.0020000338554382324,0.0020000338554382324
1414,19,full,0.9779999852180481,0.9760000109672546,0.001999974250793457,0.001999974250793457
1414,19,A,0.9850000143051147,0.9829999804496765,0.0020000338554382324,0.0020000338554382324
1414,19,B,0.9710000157356262,0.968999981880188,0.0020000338554382324,0.0020000338554382324
1414,20,full,0.9779999852180481,0.9754999876022339,0.002499997615814209,0.002499997615814209
1414,20,A,0.9850000143051147,0.9829999804496765,0.0020000338554382324,0.0020000338554382324
1414,20,B,0.9710000157356262,0.9679999947547913,0.003000020980834961,0.003000020980834961
1515,1,full,0.9514999985694885,0.9325000047683716,0.018999993801116943,0.018999993801116943
1515,1,A,0.9549999833106995,0.9369999766349792,0.018000006675720215,0.018000006675720215
1515,1,B,0.9480000138282776,0.9279999732971191,0.020000040531158447,0.020000040531158447
1515,2,full,0.9645000100135803,0.9549999833106995,0.00950002670288086,0.00950002670288086
1515,2,A,0.9739999771118164,0.9670000076293945,0.006999969482421875,0.006999969482421875
1515,2,B,0.9549999833106995,0.9430000185966492,0.011999964714050293,0.011999964714050293
1515,3,full,0.965499997138977,0.9595000147819519,0.0059999823570251465,0.0059999823570251465
1515,3,A,0.9750000238418579,0.9710000157356262,0.0040000081062316895,0.0040000081062316895
1515,3,B,0.9559999704360962,0.9480000138282776,0.007999956607818604,0.007999956607818604
1515,4,full,0.9664999842643738,0.9599999785423279,0.0065000057220458984,0.0065000057220458984
1515,4,A,0.9750000238418579,0.9700000286102295,0.004999995231628418,0.004999995231628418
1515,4,B,0.9580000042915344,0.949999988079071,0.008000016212463379,0.008000016212463379
1515,5,full,0.9670000076293945,0.9664999842643738,0.000500023365020752,0.000500023365020752
1515,5,A,0.9750000238418579,0.9750000238418579,0.0,0.0
1515,5,B,0.9589999914169312,0.9580000042915344,0.0009999871253967285,0.0009999871253967285
1515,6,full,0.9695000052452087,0.9700000286102295,-0.000500023365020752,0.000500023365020752
1515,6,A,0.9769999980926514,0.9779999852180481,-0.0009999871253967285,0.0009999871253967285
1515,6,B,0.9620000123977661,0.9620000123977661,0.0,0.0
1515,7,full,0.9704999923706055,0.968999981880188,0.0015000104904174805,0.0015000104904174805
1515,7,A,0.9789999723434448,0.9779999852180481,0.0009999871253967285,0.0009999871253967285
1515,7,B,0.9620000123977661,0.9599999785423279,0.0020000338554382324,0.0020000338554382324
1515,8,full,0.972000002861023,0.9700000286102295,0.001999974250793457,0.001999974250793457
1515,8,A,0.9810000061988831,0.9800000190734863,0.0009999871253967285,0.0009999871253967285
1515,8,B,0.9629999995231628,0.9599999785423279,0.003000020980834961,0.003000020980834961
1515,9,full,0.9745000004768372,0.9695000052452087,0.004999995231628418,0.004999995231628418
1515,9,A,0.9829999804496765,0.9800000190734863,0.0029999613761901855,0.0029999613761901855
1515,9,B,0.9660000205039978,0.9589999914169312,0.00700002908706665,0.00700002908706665
1515,10,full,0.9764999747276306,0.9710000157356262,0.0054999589920043945,0.0054999589920043945
1515,10,A,0.9829999804496765,0.9810000061988831,0.001999974250793457,0.001999974250793457
1515,10,B,0.9700000286102295,0.9610000252723694,0.009000003337860107,0.009000003337860107
1515,11,full,0.9764999747276306,0.9710000157356262,0.0054999589920043945,0.0054999589920043945
1515,11,A,0.9829999804496765,0.9819999933242798,0.0009999871253967285,0.0009999871253967285
1515,11,B,0.9700000286102295,0.9599999785423279,0.010000050067901611,0.010000050067901611
1515,12,full,0.9764999747276306,0.9710000157356262,0.0054999589920043945,0.0054999589920043945
1515,12,A,0.9829999804496765,0.9819999933242798,0.0009999871253967285,0.0009999871253967285
1515,12,B,0.9700000286102295,0.9599999785423279,0.010000050067901611,0.010000050067901611
1515,13,full,0.9769999980926514,0.972000002861023,0.004999995231628418,0.004999995231628418
1515,13,A,0.9829999804496765,0.9829999804496765,0.0,0.0
1515,13,B,0.9710000157356262,0.9610000252723694,0.009999990463256836,0.009999990463256836
1515,14,full,0.9775000214576721,0.9725000262260437,0.004999995231628418,0.004999995231628418
1515,14,A,0.9829999804496765,0.9829999804496765,0.0,0.0
1515,14,B,0.972000002861023,0.9620000123977661,0.009999990463256836,0.009999990463256836
1515,15,full,0.9779999852180481,0.9725000262260437,0.0054999589920043945,0.0054999589920043945
1515,15,A,0.9829999804496765,0.9829999804496765,0.0,0.0
1515,15,B,0.9729999899864197,0.9620000123977661,0.010999977588653564,0.010999977588653564
1515,16,full,0.9775000214576721,0.9725000262260437,0.004999995231628418,0.004999995231628418
1515,16,A,0.9829999804496765,0.9829999804496765,0.0,0.0
1515,16,B,0.972000002861023,0.9620000123977661,0.009999990463256836,0.009999990463256836
1515,17,full,0.9775000214576721,0.9739999771118164,0.003500044345855713,0.003500044345855713
1515,17,A,0.9829999804496765,0.984000027179718,-0.001000046730041504,0.001000046730041504
1515,17,B,0.972000002861023,0.9639999866485596,0.008000016212463379,0.008000016212463379
1515,18,full,0.9775000214576721,0.9739999771118164,0.003500044345855713,0.003500044345855713
1515,18,A,0.9829999804496765,0.984000027179718,-0.001000046730041504,0.001000046730041504
1515,18,B,0.972000002861023,0.9639999866485596,0.008000016212463379,0.008000016212463379
1515,19,full,0.9769999980926514,0.9739999771118164,0.003000020980834961,0.003000020980834961
1515,19,A,0.9829999804496765,0.984000027179718,-0.001000046730041504,0.001000046730041504
1515,19,B,0.9710000157356262,0.9639999866485596,0.00700002908706665,0.00700002908706665
1515,20,full,0.9760000109672546,0.9735000133514404,0.002499997615814209,0.002499997615814209
1515,20,A,0.9819999933242798,0.9850000143051147,-0.003000020980834961,0.003000020980834961
1515,20,B,0.9700000286102295,0.9620000123977661,0.008000016212463379,0.008000016212463379
1616,1,full,0.9620000123977661,0.9355000257492065,0.02649998664855957,0.02649998664855957
1616,1,A,0.9710000157356262,0.9409999847412109,0.030000030994415283,0.030000030994415283
1616,1,B,0.953000009059906,0.9300000071525574,0.023000001907348633,0.023000001907348633
1616,2,full,0.9679999947547913,0.953000009059906,0.014999985694885254,0.014999985694885254
1616,2,A,0.9789999723434448,0.9610000252723694,0.01799994707107544,0.01799994707107544
1616,2,B,0.9570000171661377,0.9449999928474426,0.012000024318695068,0.012000024318695068
1616,3,full,0.9714999794960022,0.9585000276565552,0.012999951839447021,0.012999951839447021
1616,3,A,0.9800000190734863,0.9660000205039978,0.013999998569488525,0.013999998569488525
1616,3,B,0.9629999995231628,0.9509999752044678,0.012000024318695068,0.012000024318695068
1616,4,full,0.972000002861023,0.9620000123977661,0.009999990463256836,0.009999990463256836
1616,4,A,0.9819999933242798,0.9700000286102295,0.011999964714050293,0.011999964714050293
1616,4,B,0.9620000123977661,0.9539999961853027,0.008000016212463379,0.008000016212463379
1616,5,full,0.972000002861023,0.965499997138977,0.0065000057220458984,0.0065000057220458984
1616,5,A,0.9819999933242798,0.9750000238418579,0.006999969482421875,0.006999969482421875
1616,5,B,0.9620000123977661,0.9559999704360962,0.006000041961669922,0.006000041961669922
1616,6,full,0.9735000133514404,0.9674999713897705,0.006000041961669922,0.006000041961669922
1616,6,A,0.9819999933242798,0.9760000109672546,0.0059999823570251465,0.0059999823570251465
1616,6,B,0.9649999737739563,0.9589999914169312,0.0059999823570251465,0.0059999823570251465
1616,7,full,0.9750000238418579,0.968999981880188,0.006000041961669922,0.006000041961669922
1616,7,A,0.984000027179718,0.9760000109672546,0.008000016212463379,0.008000016212463379
1616,7,B,0.9660000205039978,0.9620000123977661,0.0040000081062316895,0.0040000081062316895
1616,8,full,0.9754999876022339,0.9695000052452087,0.0059999823570251465,0.0059999823570251465
1616,8,A,0.9860000014305115,0.9769999980926514,0.009000003337860107,0.009000003337860107
1616,8,B,0.9649999737739563,0.9620000123977661,0.0029999613761901855,0.0029999613761901855
1616,9,full,0.9760000109672546,0.968999981880188,0.00700002908706665,0.00700002908706665
1616,9,A,0.9860000014305115,0.9769999980926514,0.009000003337860107,0.009000003337860107
1616,9,B,0.9660000205039978,0.9610000252723694,0.004999995231628418,0.004999995231628418
1616,10,full,0.9760000109672546,0.9704999923706055,0.00550001859664917,0.00550001859664917
1616,10,A,0.9860000014305115,0.9789999723434448,0.00700002908706665,0.00700002908706665
1616,10,B,0.9660000205039978,0.9620000123977661,0.0040000081062316895,0.0040000081062316895
1616,11,full,0.9760000109672546,0.9700000286102295,0.0059999823570251465,0.0059999823570251465
1616,11,A,0.9860000014305115,0.9789999723434448,0.00700002908706665,0.00700002908706665
1616,11,B,0.9660000205039978,0.9610000252723694,0.004999995231628418,0.004999995231628418
1616,12,full,0.9760000109672546,0.9700000286102295,0.0059999823570251465,0.0059999823570251465
1616,12,A,0.9860000014305115,0.9789999723434448,0.00700002908706665,0.00700002908706665
1616,12,B,0.9660000205039978,0.9610000252723694,0.004999995231628418,0.004999995231628418
1616,13,full,0.9764999747276306,0.9700000286102295,0.006499946117401123,0.006499946117401123
1616,13,A,0.9860000014305115,0.9789999723434448,0.00700002908706665,0.00700002908706665
1616,13,B,0.9670000076293945,0.9610000252723694,0.0059999823570251465,0.0059999823570251465
1616,14,full,0.9775000214576721,0.9704999923706055,0.00700002908706665,0.00700002908706665
1616,14,A,0.9869999885559082,0.9789999723434448,0.008000016212463379,0.008000016212463379
1616,14,B,0.9679999947547913,0.9620000123977661,0.0059999823570251465,0.0059999823570251465
1616,15,full,0.9775000214576721,0.9710000157356262,0.0065000057220458984,0.0065000057220458984
1616,15,A,0.9869999885559082,0.9789999723434448,0.008000016212463379,0.008000016212463379
1616,15,B,0.9679999947547913,0.9629999995231628,0.004999995231628418,0.004999995231628418
1616,16,full,0.9785000085830688,0.9710000157356262,0.007499992847442627,0.007499992847442627
1616,16,A,0.9860000014305115,0.9789999723434448,0.00700002908706665,0.00700002908706665
1616,16,B,0.9710000157356262,0.9629999995231628,0.008000016212463379,0.008000016212463379
1616,17,full,0.9794999957084656,0.9710000157356262,0.008499979972839355,0.008499979972839355
1616,17,A,0.9869999885559082,0.9789999723434448,0.008000016212463379,0.008000016212463379
1616,17,B,0.972000002861023,0.9629999995231628,0.009000003337860107,0.009000003337860107
1616,18,full,0.9800000190734863,0.9714999794960022,0.00850003957748413,0.00850003957748413
1616,18,A,0.9869999885559082,0.9789999723434448,0.008000016212463379,0.008000016212463379
1616,18,B,0.9729999899864197,0.9639999866485596,0.009000003337860107,0.009000003337860107
1616,19,full,0.9800000190734863,0.9725000262260437,0.007499992847442627,0.007499992847442627
1616,19,A,0.9869999885559082,0.9789999723434448,0.008000016212463379,0.008000016212463379
1616,19,B,0.9729999899864197,0.9660000205039978,0.006999969482421875,0.006999969482421875
1616,20,full,0.9789999723434448,0.9729999899864197,0.0059999823570251465,0.0059999823570251465
1616,20,A,0.9860000014305115,0.9789999723434448,0.00700002908706665,0.00700002908706665
1616,20,B,0.972000002861023,0.9670000076293945,0.004999995231628418,0.004999995231628418
1717,1,full,0.9415000081062317,0.9580000042915344,-0.016499996185302734,0.016499996185302734
1717,1,A,0.9610000252723694,0.9639999866485596,-0.0029999613761901855,0.0029999613761901855
1717,1,B,0.921999990940094,0.9520000219345093,-0.030000030994415283,0.030000030994415283
1717,2,full,0.953499972820282,0.9670000076293945,-0.013500034809112549,0.013500034809112549
1717,2,A,0.9710000157356262,0.9739999771118164,-0.0029999613761901855,0.0029999613761901855
1717,2,B,0.9359999895095825,0.9599999785423279,-0.02399998903274536,0.02399998903274536
1717,3,full,0.9580000042915344,0.9679999947547913,-0.009999990463256836,0.009999990463256836
1717,3,A,0.9739999771118164,0.9729999899864197,0.0009999871253967285,0.0009999871253967285
1717,3,B,0.9419999718666077,0.9629999995231628,-0.021000027656555176,0.021000027656555176
1717,4,full,0.9610000252723694,0.9714999794960022,-0.010499954223632812,0.010499954223632812
1717,4,A,0.9750000238418579,0.9789999723434448,-0.003999948501586914,0.003999948501586914
1717,4,B,0.9470000267028809,0.9639999866485596,-0.01699995994567871,0.01699995994567871
1717,5,full,0.9624999761581421,0.9725000262260437,-0.010000050067901611,0.010000050067901611
1717,5,A,0.9750000238418579,0.9779999852180481,-0.0029999613761901855,0.0029999613761901855
1717,5,B,0.949999988079071,0.9670000076293945,-0.017000019550323486,0.017000019550323486
1717,6,full,0.9635000228881836,0.9745000004768372,-0.010999977588653564,0.010999977588653564
1717,6,A,0.9760000109672546,0.9810000061988831,-0.004999995231628418,0.004999995231628418
1717,6,B,0.9509999752044678,0.9679999947547913,-0.017000019550323486,0.017000019550323486
1717,7,full,0.965499997138977,0.9760000109672546,-0.010500013828277588,0.010500013828277588
1717,7,A,0.9779999852180481,0.9819999933242798,-0.0040000081062316895,0.0040000081062316895
1717,7,B,0.953000009059906,0.9700000286102295,-0.017000019550323486,0.017000019550323486
1717,8,full,0.965499997138977,0.9764999747276306,-0.010999977588653564,0.010999977588653564
1717,8,A,0.9779999852180481,0.9819999933242798,-0.0040000081062316895,0.0040000081062316895
1717,8,B,0.953000009059906,0.9710000157356262,-0.018000006675720215,0.018000006675720215
1717,9,full,0.9670000076293945,0.9754999876022339,-0.008499979972839355,0.008499979972839355
1717,9,A,0.9789999723434448,0.9819999933242798,-0.003000020980834961,0.003000020980834961
1717,9,B,0.9549999833106995,0.968999981880188,-0.013999998569488525,0.013999998569488525
1717,10,full,0.9670000076293945,0.9754999876022339,-0.008499979972839355,0.008499979972839355
1717,10,A,0.9789999723434448,0.9819999933242798,-0.003000020980834961,0.003000020980834961
1717,10,B,0.9549999833106995,0.968999981880188,-0.013999998569488525,0.013999998569488525
1717,11,full,0.9679999947547913,0.9754999876022339,-0.007499992847442627,0.007499992847442627
1717,11,A,0.9789999723434448,0.9819999933242798,-0.003000020980834961,0.003000020980834961
1717,11,B,0.9570000171661377,0.968999981880188,-0.011999964714050293,0.011999964714050293
1717,12,full,0.9695000052452087,0.9760000109672546,-0.0065000057220458984,0.0065000057220458984
1717,12,A,0.9789999723434448,0.9819999933242798,-0.003000020980834961,0.003000020980834961
1717,12,B,0.9599999785423279,0.9700000286102295,-0.010000050067901611,0.010000050067901611
1717,13,full,0.9700000286102295,0.9760000109672546,-0.0059999823570251465,0.0059999823570251465
1717,13,A,0.9789999723434448,0.9819999933242798,-0.003000020980834961,0.003000020980834961
1717,13,B,0.9610000252723694,0.9700000286102295,-0.009000003337860107,0.009000003337860107
1717,14,full,0.9700000286102295,0.9769999980926514,-0.006999969482421875,0.006999969482421875
1717,14,A,0.9789999723434448,0.9829999804496765,-0.0040000081062316895,0.0040000081062316895
1717,14,B,0.9610000252723694,0.9710000157356262,-0.009999990463256836,0.009999990463256836
1717,15,full,0.9700000286102295,0.9779999852180481,-0.007999956607818604,0.007999956607818604
1717,15,A,0.9789999723434448,0.984000027179718,-0.005000054836273193,0.005000054836273193
1717,15,B,0.9610000252723694,0.972000002861023,-0.010999977588653564,0.010999977588653564
1717,16,full,0.9695000052452087,0.9779999852180481,-0.008499979972839355,0.008499979972839355
1717,16,A,0.9779999852180481,0.984000027179718,-0.006000041961669922,0.006000041961669922
1717,16,B,0.9610000252723694,0.972000002861023,-0.010999977588653564,0.010999977588653564
1717,17,full,0.9695000052452087,0.9785000085830688,-0.009000003337860107,0.009000003337860107
1717,17,A,0.9779999852180481,0.984000027179718,-0.006000041961669922,0.006000041961669922
1717,17,B,0.9610000252723694,0.9729999899864197,-0.011999964714050293,0.011999964714050293
1717,18,full,0.9700000286102295,0.9785000085830688,-0.008499979972839355,0.008499979972839355
1717,18,A,0.9789999723434448,0.984000027179718,-0.005000054836273193,0.005000054836273193
1717,18,B,0.9610000252723694,0.9729999899864197,-0.011999964714050293,0.011999964714050293
1717,19,full,0.9695000052452087,0.9785000085830688,-0.009000003337860107,0.009000003337860107
1717,19,A,0.9789999723434448,0.984000027179718,-0.005000054836273193,0.005000054836273193
1717,19,B,0.9599999785423279,0.9729999899864197,-0.013000011444091797,0.013000011444091797
1717,20,full,0.9695000052452087,0.9779999852180481,-0.008499979972839355,0.008499979972839355
1717,20,A,0.9789999723434448,0.9850000143051147,-0.006000041961669922,0.006000041961669922
1717,20,B,0.9599999785423279,0.9710000157356262,-0.01100003719329834,0.01100003719329834
1818,1,full,0.9564999938011169,0.9614999890327454,-0.004999995231628418,0.004999995231628418
1818,1,A,0.9670000076293945,0.9729999899864197,-0.0059999823570251465,0.0059999823570251465
1818,1,B,0.9459999799728394,0.949999988079071,-0.0040000081062316895,0.0040000081062316895
1818,2,full,0.9645000100135803,0.9670000076293945,-0.002499997615814209,0.002499997615814209
1818,2,A,0.9739999771118164,0.9760000109672546,-0.0020000338554382324,0.0020000338554382324
1818,2,B,0.9549999833106995,0.9580000042915344,-0.003000020980834961,0.003000020980834961
1818,3,full,0.968500018119812,0.968999981880188,-0.0004999637603759766,0.0004999637603759766
1818,3,A,0.9769999980926514,0.9789999723434448,-0.001999974250793457,0.001999974250793457
1818,3,B,0.9599999785423279,0.9589999914169312,0.0009999871253967285,0.0009999871253967285
1818,4,full,0.9704999923706055,0.972000002861023,-0.0015000104904174805,0.0015000104904174805
1818,4,A,0.9789999723434448,0.9829999804496765,-0.0040000081062316895,0.0040000081062316895
1818,4,B,0.9620000123977661,0.9610000252723694,0.0009999871253967285,0.0009999871253967285
1818,5,full,0.9710000157356262,0.9729999899864197,-0.001999974250793457,0.001999974250793457
1818,5,A,0.9779999852180481,0.9800000190734863,-0.0020000338554382324,0.0020000338554382324
1818,5,B,0.9639999866485596,0.9660000205039978,-0.0020000338554382324,0.0020000338554382324
1818,6,full,0.9729999899864197,0.9745000004768372,-0.0015000104904174805,0.0015000104904174805
1818,6,A,0.9810000061988831,0.9819999933242798,-0.0009999871253967285,0.0009999871253967285
1818,6,B,0.9649999737739563,0.9670000076293945,-0.0020000338554382324,0.0020000338554382324
1818,7,full,0.9725000262260437,0.9739999771118164,-0.001499950885772705,0.001499950885772705
1818,7,A,0.9810000061988831,0.9819999933242798,-0.0009999871253967285,0.0009999871253967285
1818,7,B,0.9639999866485596,0.9660000205039978,-0.0020000338554382324,0.0020000338554382324
1818,8,full,0.9729999899864197,0.9745000004768372,-0.0015000104904174805,0.0015000104904174805
1818,8,A,0.9810000061988831,0.9829999804496765,-0.001999974250793457,0.001999974250793457
1818,8,B,0.9649999737739563,0.9660000205039978,-0.001000046730041504,0.001000046730041504
1818,9,full,0.9750000238418579,0.9739999771118164,0.001000046730041504,0.001000046730041504
1818,9,A,0.9829999804496765,0.9819999933242798,0.0009999871253967285,0.0009999871253967285
1818,9,B,0.9670000076293945,0.9660000205039978,0.0009999871253967285,0.0009999871253967285
1818,10,full,0.9750000238418579,0.9745000004768372,0.000500023365020752,0.000500023365020752
1818,10,A,0.9829999804496765,0.9829999804496765,0.0,0.0
1818,10,B,0.9670000076293945,0.9660000205039978,0.0009999871253967285,0.0009999871253967285
1818,11,full,0.9760000109672546,0.9764999747276306,-0.0004999637603759766,0.0004999637603759766
1818,11,A,0.984000027179718,0.9860000014305115,-0.001999974250793457,0.001999974250793457
1818,11,B,0.9679999947547913,0.9670000076293945,0.0009999871253967285,0.0009999871253967285
1818,12,full,0.9769999980926514,0.9764999747276306,0.000500023365020752,0.000500023365020752
1818,12,A,0.9850000143051147,0.9860000014305115,-0.0009999871253967285,0.0009999871253967285
1818,12,B,0.968999981880188,0.9670000076293945,0.001999974250793457,0.001999974250793457
1818,13,full,0.9779999852180481,0.9764999747276306,0.0015000104904174805,0.0015000104904174805
1818,13,A,0.9860000014305115,0.9860000014305115,0.0,0.0
1818,13,B,0.9700000286102295,0.9670000076293945,0.003000020980834961,0.003000020980834961
1818,14,full,0.9785000085830688,0.9764999747276306,0.0020000338554382324,0.0020000338554382324
1818,14,A,0.9860000014305115,0.9860000014305115,0.0,0.0
1818,14,B,0.9710000157356262,0.9670000076293945,0.0040000081062316895,0.0040000081062316895
1818,15,full,0.9785000085830688,0.9769999980926514,0.0015000104904174805,0.0015000104904174805
1818,15,A,0.9860000014305115,0.9860000014305115,0.0,0.0
1818,15,B,0.9710000157356262,0.9679999947547913,0.003000020980834961,0.003000020980834961
1818,16,full,0.9785000085830688,0.9769999980926514,0.0015000104904174805,0.0015000104904174805
1818,16,A,0.9860000014305115,0.9860000014305115,0.0,0.0
1818,16,B,0.9710000157356262,0.9679999947547913,0.003000020980834961,0.003000020980834961
1818,17,full,0.9785000085830688,0.9769999980926514,0.0015000104904174805,0.0015000104904174805
1818,17,A,0.9860000014305115,0.9860000014305115,0.0,0.0
1818,17,B,0.9710000157356262,0.9679999947547913,0.003000020980834961,0.003000020980834961
1818,18,full,0.9789999723434448,0.9775000214576721,0.001499950885772705,0.001499950885772705
1818,18,A,0.9869999885559082,0.9869999885559082,0.0,0.0
1818,18,B,0.9710000157356262,0.9679999947547913,0.003000020980834961,0.003000020980834961
1818,19,full,0.9789999723434448,0.9769999980926514,0.001999974250793457,0.001999974250793457
1818,19,A,0.9869999885559082,0.9860000014305115,0.0009999871253967285,0.0009999871253967285
1818,19,B,0.9710000157356262,0.9679999947547913,0.003000020980834961,0.003000020980834961
1818,20,full,0.9789999723434448,0.9769999980926514,0.001999974250793457,0.001999974250793457
1818,20,A,0.9869999885559082,0.9860000014305115,0.0009999871253967285,0.0009999871253967285
1818,20,B,0.9710000157356262,0.9679999947547913,0.003000020980834961,0.003000020980834961
1919,1,full,0.9514999985694885,0.9559999704360962,-0.004499971866607666,0.004499971866607666
1919,1,A,0.9629999995231628,0.972000002861023,-0.009000003337860107,0.009000003337860107
1919,1,B,0.9399999976158142,0.9399999976158142,0.0,0.0
1919,2,full,0.9605000019073486,0.9649999737739563,-0.004499971866607666,0.004499971866607666
1919,2,A,0.9710000157356262,0.9760000109672546,-0.004999995231628418,0.004999995231628418
1919,2,B,0.949999988079071,0.9539999961853027,-0.0040000081062316895,0.0040000081062316895
1919,3,full,0.9645000100135803,0.9679999947547913,-0.0034999847412109375,0.0034999847412109375
1919,3,A,0.9750000238418579,0.9789999723434448,-0.003999948501586914,0.003999948501586914
1919,3,B,0.9539999961853027,0.9570000171661377,-0.003000020980834961,0.003000020980834961
1919,4,full,0.9670000076293945,0.9695000052452087,-0.002499997615814209,0.002499997615814209
1919,4,A,0.9769999980926514,0.9769999980926514,0.0,0.0
1919,4,B,0.9570000171661377,0.9620000123977661,-0.004999995231628418,0.004999995231628418
1919,5,full,0.968500018119812,0.9704999923706055,-0.001999974250793457,0.001999974250793457
1919,5,A,0.9769999980926514,0.9789999723434448,-0.001999974250793457,0.001999974250793457
1919,5,B,0.9599999785423279,0.9620000123977661,-0.0020000338554382324,0.0020000338554382324
1919,6,full,0.9714999794960022,0.9714999794960022,0.0,0.0
1919,6,A,0.9789999723434448,0.9789999723434448,0.0,0.0
1919,6,B,0.9639999866485596,0.9639999866485596,0.0,0.0
1919,7,full,0.9710000157356262,0.9735000133514404,-0.002499997615814209,0.002499997615814209
1919,7,A,0.9779999852180481,0.9800000190734863,-0.0020000338554382324,0.0020000338554382324
1919,7,B,0.9639999866485596,0.9670000076293945,-0.003000020980834961,0.003000020980834961
1919,8,full,0.9714999794960022,0.9739999771118164,-0.002499997615814209,0.002499997615814209
1919,8,A,0.9779999852180481,0.9800000190734863,-0.0020000338554382324,0.0020000338554382324
1919,8,B,0.9649999737739563,0.9679999947547913,-0.003000020980834961,0.003000020980834961
1919,9,full,0.9739999771118164,0.9739999771118164,0.0,0.0
1919,9,A,0.9789999723434448,0.9800000190734863,-0.001000046730041504,0.001000046730041504
1919,9,B,0.968999981880188,0.9679999947547913,0.0009999871253967285,0.0009999871253967285
1919,10,full,0.9745000004768372,0.9745000004768372,0.0,0.0
1919,10,A,0.9769999980926514,0.9800000190734863,-0.003000020980834961,0.003000020980834961
1919,10,B,0.972000002861023,0.968999981880188,0.003000020980834961,0.003000020980834961
1919,11,full,0.9745000004768372,0.9760000109672546,-0.0015000104904174805,0.0015000104904174805
1919,11,A,0.9779999852180481,0.9800000190734863,-0.0020000338554382324,0.0020000338554382324
1919,11,B,0.9710000157356262,0.972000002861023,-0.0009999871253967285,0.0009999871253967285
1919,12,full,0.9745000004768372,0.9760000109672546,-0.0015000104904174805,0.0015000104904174805
1919,12,A,0.9779999852180481,0.9800000190734863,-0.0020000338554382324,0.0020000338554382324
1919,12,B,0.9710000157356262,0.972000002861023,-0.0009999871253967285,0.0009999871253967285
1919,13,full,0.9750000238418579,0.9760000109672546,-0.0009999871253967285,0.0009999871253967285
1919,13,A,0.9789999723434448,0.9800000190734863,-0.001000046730041504,0.001000046730041504
1919,13,B,0.9710000157356262,0.972000002861023,-0.0009999871253967285,0.0009999871253967285
1919,14,full,0.9750000238418579,0.9760000109672546,-0.0009999871253967285,0.0009999871253967285
1919,14,A,0.9789999723434448,0.9800000190734863,-0.001000046730041504,0.001000046730041504
1919,14,B,0.9710000157356262,0.972000002861023,-0.0009999871253967285,0.0009999871253967285
1919,15,full,0.9754999876022339,0.9754999876022339,0.0,0.0
1919,15,A,0.9789999723434448,0.9800000190734863,-0.001000046730041504,0.001000046730041504
1919,15,B,0.972000002861023,0.9710000157356262,0.0009999871253967285,0.0009999871253967285
1919,16,full,0.9764999747276306,0.9745000004768372,0.001999974250793457,0.001999974250793457
1919,16,A,0.9789999723434448,0.9789999723434448,0.0,0.0
1919,16,B,0.9739999771118164,0.9700000286102295,0.003999948501586914,0.003999948501586914
1919,17,full,0.9760000109672546,0.9750000238418579,0.0009999871253967285,0.0009999871253967285
1919,17,A,0.9779999852180481,0.9789999723434448,-0.0009999871253967285,0.0009999871253967285
1919,17,B,0.9739999771118164,0.9710000157356262,0.0029999613761901855,0.0029999613761901855
1919,18,full,0.9760000109672546,0.9750000238418579,0.0009999871253967285,0.0009999871253967285
1919,18,A,0.9779999852180481,0.9789999723434448,-0.0009999871253967285,0.0009999871253967285
1919,18,B,0.9739999771118164,0.9710000157356262,0.0029999613761901855,0.0029999613761901855
1919,19,full,0.9760000109672546,0.9754999876022339,0.000500023365020752,0.000500023365020752
1919,19,A,0.9779999852180481,0.9789999723434448,-0.0009999871253967285,0.0009999871253967285
1919,19,B,0.9739999771118164,0.972000002861023,0.001999974250793457,0.001999974250793457
1919,20,full,0.9760000109672546,0.9754999876022339,0.000500023365020752,0.000500023365020752
1919,20,A,0.9779999852180481,0.9789999723434448,-0.0009999871253967285,0.0009999871253967285
1919,20,B,0.9739999771118164,0.972000002861023,0.001999974250793457,0.001999974250793457
2020,1,full,0.9495000243186951,0.9480000138282776,0.0015000104904174805,0.0015000104904174805
2020,1,A,0.9580000042915344,0.9409999847412109,0.017000019550323486,0.017000019550323486
2020,1,B,0.9409999847412109,0.9549999833106995,-0.013999998569488525,0.013999998569488525
2020,2,full,0.9629999995231628,0.965499997138977,-0.002499997615814209,0.002499997615814209
2020,2,A,0.9710000157356262,0.9679999947547913,0.003000020980834961,0.003000020980834961
2020,2,B,0.9549999833106995,0.9629999995231628,-0.008000016212463379,0.008000016212463379
2020,3,full,0.9664999842643738,0.9679999947547913,-0.0015000104904174805,0.0015000104904174805
2020,3,A,0.9729999899864197,0.972000002861023,0.0009999871253967285,0.0009999871253967285
2020,3,B,0.9599999785423279,0.9639999866485596,-0.0040000081062316895,0.0040000081062316895
2020,4,full,0.968999981880188,0.9704999923706055,-0.0015000104904174805,0.0015000104904174805
2020,4,A,0.9760000109672546,0.9739999771118164,0.0020000338554382324,0.0020000338554382324
2020,4,B,0.9620000123977661,0.9670000076293945,-0.004999995231628418,0.004999995231628418
2020,5,full,0.9704999923706055,0.9725000262260437,-0.0020000338554382324,0.0020000338554382324
2020,5,A,0.9760000109672546,0.9750000238418579,0.0009999871253967285,0.0009999871253967285
2020,5,B,0.9649999737739563,0.9700000286102295,-0.005000054836273193,0.005000054836273193
2020,6,full,0.9704999923706055,0.9745000004768372,-0.0040000081062316895,0.0040000081062316895
2020,6,A,0.9750000238418579,0.9779999852180481,-0.0029999613761901855,0.0029999613761901855
2020,6,B,0.9660000205039978,0.9710000157356262,-0.004999995231628418,0.004999995231628418
2020,7,full,0.9714999794960022,0.9750000238418579,-0.003500044345855713,0.003500044345855713
2020,7,A,0.9750000238418579,0.9769999980926514,-0.001999974250793457,0.001999974250793457
2020,7,B,0.9679999947547913,0.9729999899864197,-0.004999995231628418,0.004999995231628418
2020,8,full,0.9729999899864197,0.9760000109672546,-0.003000020980834961,0.003000020980834961
2020,8,A,0.9779999852180481,0.9789999723434448,-0.0009999871253967285,0.0009999871253967285
2020,8,B,0.9679999947547913,0.9729999899864197,-0.004999995231628418,0.004999995231628418
2020,9,full,0.9739999771118164,0.9764999747276306,-0.002499997615814209,0.002499997615814209
2020,9,A,0.9789999723434448,0.9800000190734863,-0.001000046730041504,0.001000046730041504
2020,9,B,0.968999981880188,0.9729999899864197,-0.0040000081062316895,0.0040000081062316895
2020,10,full,0.9745000004768372,0.9769999980926514,-0.002499997615814209,0.002499997615814209
2020,10,A,0.9810000061988831,0.9800000190734863,0.0009999871253967285,0.0009999871253967285
2020,10,B,0.9679999947547913,0.9739999771118164,-0.0059999823570251465,0.0059999823570251465
2020,11,full,0.9739999771118164,0.9775000214576721,-0.003500044345855713,0.003500044345855713
2020,11,A,0.9800000190734863,0.9810000061988831,-0.0009999871253967285,0.0009999871253967285
2020,11,B,0.9679999947547913,0.9739999771118164,-0.0059999823570251465,0.0059999823570251465
2020,12,full,0.9745000004768372,0.9775000214576721,-0.003000020980834961,0.003000020980834961
2020,12,A,0.9800000190734863,0.9810000061988831,-0.0009999871253967285,0.0009999871253967285
2020,12,B,0.968999981880188,0.9739999771118164,-0.004999995231628418,0.004999995231628418
2020,13,full,0.9745000004768372,0.9779999852180481,-0.0034999847412109375,0.0034999847412109375
2020,13,A,0.9800000190734863,0.9810000061988831,-0.0009999871253967285,0.0009999871253967285
2020,13,B,0.968999981880188,0.9750000238418579,-0.006000041961669922,0.006000041961669922
2020,14,full,0.9735000133514404,0.9779999852180481,-0.004499971866607666,0.004499971866607666
2020,14,A,0.9800000190734863,0.9810000061988831,-0.0009999871253967285,0.0009999871253967285
2020,14,B,0.9670000076293945,0.9750000238418579,-0.008000016212463379,0.008000016212463379
2020,15,full,0.9735000133514404,0.9779999852180481,-0.004499971866607666,0.004499971866607666
2020,15,A,0.9800000190734863,0.9810000061988831,-0.0009999871253967285,0.0009999871253967285
2020,15,B,0.9670000076293945,0.9750000238418579,-0.008000016212463379,0.008000016212463379
2020,16,full,0.9735000133514404,0.9775000214576721,-0.0040000081062316895,0.0040000081062316895
2020,16,A,0.9800000190734863,0.9800000190734863,0.0,0.0
2020,16,B,0.9670000076293945,0.9750000238418579,-0.008000016212463379,0.008000016212463379
2020,17,full,0.9735000133514404,0.9779999852180481,-0.004499971866607666,0.004499971866607666
2020,17,A,0.9800000190734863,0.9810000061988831,-0.0009999871253967285,0.0009999871253967285
2020,17,B,0.9670000076293945,0.9750000238418579,-0.008000016212463379,0.008000016212463379
2020,18,full,0.9735000133514404,0.9779999852180481,-0.004499971866607666,0.004499971866607666
2020,18,A,0.9800000190734863,0.9800000190734863,0.0,0.0
2020,18,B,0.9670000076293945,0.9760000109672546,-0.009000003337860107,0.009000003337860107
2020,19,full,0.9739999771118164,0.9775000214576721,-0.003500044345855713,0.003500044345855713
2020,19,A,0.9800000190734863,0.9810000061988831,-0.0009999871253967285,0.0009999871253967285
2020,19,B,0.9679999947547913,0.9739999771118164,-0.0059999823570251465,0.0059999823570251465
2020,20,full,0.9739999771118164,0.9779999852180481,-0.0040000081062316895,0.0040000081062316895
2020,20,A,0.9810000061988831,0.9810000061988831,0.0,0.0
2020,20,B,0.9670000076293945,0.9750000238418579,-0.008000016212463379,0.008000016212463379
